variables = x y z
var0
zone T=block0000 i=121 j=121 k=1 Datapacking=Block
Varlocation=([1-4]=Nodal)
STRANDID=0
0.00826446	0.00826446	0
0.0165289	0.00826446	0
0.0247934	0.00826446	0
0.0330579	0.00826446	0
0.0413223	0.00826446	0
0.0495868	0.00826446	0
0.0578512	0.00826446	0
0.0661157	0.00826446	0
0.0743802	0.00826446	0
0.0826446	0.00826446	0
0.0909091	0.00826446	0
0.0991736	0.00826446	0
0.107438	0.00826446	0
0.115702	0.00826446	0
0.123967	0.00826446	0
0.132231	0.00826446	0
0.140496	0.00826446	0
0.14876	0.00826446	0
0.157025	0.00826446	0
0.165289	0.00826446	0
0.173554	0.00826446	0
0.181818	0.00826446	0
0.190083	0.00826446	0
0.198347	0.00826446	0
0.206612	0.00826446	0
0.214876	0.00826446	0
0.22314	0.00826446	0
0.231405	0.00826446	0
0.239669	0.00826446	0
0.247934	0.00826446	0
0.256198	0.00826446	0
0.264463	0.00826446	0
0.272727	0.00826446	0
0.280992	0.00826446	0
0.289256	0.00826446	0
0.297521	0.00826446	0
0.305785	0.00826446	0
0.31405	0.00826446	0
0.322314	0.00826446	0
0.330579	0.00826446	0
0.338843	0.00826446	0
0.347107	0.00826446	0
0.355372	0.00826446	0
0.363636	0.00826446	0
0.371901	0.00826446	0
0.380165	0.00826446	0
0.38843	0.00826446	0
0.396694	0.00826446	0
0.404959	0.00826446	0
0.413223	0.00826446	0
0.421488	0.00826446	0
0.429752	0.00826446	0
0.438017	0.00826446	0
0.446281	0.00826446	0
0.454545	0.00826446	0
0.46281	0.00826446	0
0.471074	0.00826446	0
0.479339	0.00826446	0
0.487603	0.00826446	0
0.495868	0.00826446	0
0.504132	0.00826446	0
0.512397	0.00826446	0
0.520661	0.00826446	0
0.528926	0.00826446	0
0.53719	0.00826446	0
0.545455	0.00826446	0
0.553719	0.00826446	0
0.561983	0.00826446	0
0.570248	0.00826446	0
0.578512	0.00826446	0
0.586777	0.00826446	0
0.595041	0.00826446	0
0.603306	0.00826446	0
0.61157	0.00826446	0
0.619835	0.00826446	0
0.628099	0.00826446	0
0.636364	0.00826446	0
0.644628	0.00826446	0
0.652893	0.00826446	0
0.661157	0.00826446	0
0.669421	0.00826446	0
0.677686	0.00826446	0
0.68595	0.00826446	0
0.694215	0.00826446	0
0.702479	0.00826446	0
0.710744	0.00826446	0
0.719008	0.00826446	0
0.727273	0.00826446	0
0.735537	0.00826446	0
0.743802	0.00826446	0
0.752066	0.00826446	0
0.760331	0.00826446	0
0.768595	0.00826446	0
0.77686	0.00826446	0
0.785124	0.00826446	0
0.793388	0.00826446	0
0.801653	0.00826446	0
0.809917	0.00826446	0
0.818182	0.00826446	0
0.826446	0.00826446	0
0.834711	0.00826446	0
0.842975	0.00826446	0
0.85124	0.00826446	0
0.859504	0.00826446	0
0.867769	0.00826446	0
0.876033	0.00826446	0
0.884298	0.00826446	0
0.892562	0.00826446	0
0.900826	0.00826446	0
0.909091	0.00826446	0
0.917355	0.00826446	0
0.92562	0.00826446	0
0.933884	0.00826446	0
0.942149	0.00826446	0
0.950413	0.00826446	0
0.958678	0.00826446	0
0.966942	0.00826446	0
0.975207	0.00826446	0
0.983471	0.00826446	0
0.991736	0.00826446	0
1	0.00826446	0
0.00826446	0.0165289	0
0.0165289	0.0165289	0
0.0247934	0.0165289	0
0.0330579	0.0165289	0
0.0413223	0.0165289	0
0.0495868	0.0165289	0
0.0578512	0.0165289	0
0.0661157	0.0165289	0
0.0743802	0.0165289	0
0.0826446	0.0165289	0
0.0909091	0.0165289	0
0.0991736	0.0165289	0
0.107438	0.0165289	0
0.115702	0.0165289	0
0.123967	0.0165289	0
0.132231	0.0165289	0
0.140496	0.0165289	0
0.14876	0.0165289	0
0.157025	0.0165289	0
0.165289	0.0165289	0
0.173554	0.0165289	0
0.181818	0.0165289	0
0.190083	0.0165289	0
0.198347	0.0165289	0
0.206612	0.0165289	0
0.214876	0.0165289	0
0.22314	0.0165289	0
0.231405	0.0165289	0
0.239669	0.0165289	0
0.247934	0.0165289	0
0.256198	0.0165289	0
0.264463	0.0165289	0
0.272727	0.0165289	0
0.280992	0.0165289	0
0.289256	0.0165289	0
0.297521	0.0165289	0
0.305785	0.0165289	0
0.31405	0.0165289	0
0.322314	0.0165289	0
0.330579	0.0165289	0
0.338843	0.0165289	0
0.347107	0.0165289	0
0.355372	0.0165289	0
0.363636	0.0165289	0
0.371901	0.0165289	0
0.380165	0.0165289	0
0.38843	0.0165289	0
0.396694	0.0165289	0
0.404959	0.0165289	0
0.413223	0.0165289	0
0.421488	0.0165289	0
0.429752	0.0165289	0
0.438017	0.0165289	0
0.446281	0.0165289	0
0.454545	0.0165289	0
0.46281	0.0165289	0
0.471074	0.0165289	0
0.479339	0.0165289	0
0.487603	0.0165289	0
0.495868	0.0165289	0
0.504132	0.0165289	0
0.512397	0.0165289	0
0.520661	0.0165289	0
0.528926	0.0165289	0
0.53719	0.0165289	0
0.545455	0.0165289	0
0.553719	0.0165289	0
0.561983	0.0165289	0
0.570248	0.0165289	0
0.578512	0.0165289	0
0.586777	0.0165289	0
0.595041	0.0165289	0
0.603306	0.0165289	0
0.61157	0.0165289	0
0.619835	0.0165289	0
0.628099	0.0165289	0
0.636364	0.0165289	0
0.644628	0.0165289	0
0.652893	0.0165289	0
0.661157	0.0165289	0
0.669421	0.0165289	0
0.677686	0.0165289	0
0.68595	0.0165289	0
0.694215	0.0165289	0
0.702479	0.0165289	0
0.710744	0.0165289	0
0.719008	0.0165289	0
0.727273	0.0165289	0
0.735537	0.0165289	0
0.743802	0.0165289	0
0.752066	0.0165289	0
0.760331	0.0165289	0
0.768595	0.0165289	0
0.77686	0.0165289	0
0.785124	0.0165289	0
0.793388	0.0165289	0
0.801653	0.0165289	0
0.809917	0.0165289	0
0.818182	0.0165289	0
0.826446	0.0165289	0
0.834711	0.0165289	0
0.842975	0.0165289	0
0.85124	0.0165289	0
0.859504	0.0165289	0
0.867769	0.0165289	0
0.876033	0.0165289	0
0.884298	0.0165289	0
0.892562	0.0165289	0
0.900826	0.0165289	0
0.909091	0.0165289	0
0.917355	0.0165289	0
0.92562	0.0165289	0
0.933884	0.0165289	0
0.942149	0.0165289	0
0.950413	0.0165289	0
0.958678	0.0165289	0
0.966942	0.0165289	0
0.975207	0.0165289	0
0.983471	0.0165289	0
0.991736	0.0165289	0
1	0.0165289	0
0.00826446	0.0247934	0
0.0165289	0.0247934	0
0.0247934	0.0247934	0
0.0330579	0.0247934	0
0.0413223	0.0247934	0
0.0495868	0.0247934	0
0.0578512	0.0247934	0
0.0661157	0.0247934	0
0.0743802	0.0247934	0
0.0826446	0.0247934	0
0.0909091	0.0247934	0
0.0991736	0.0247934	0
0.107438	0.0247934	0
0.115702	0.0247934	0
0.123967	0.0247934	0
0.132231	0.0247934	0
0.140496	0.0247934	0
0.14876	0.0247934	0
0.157025	0.0247934	0
0.165289	0.0247934	0
0.173554	0.0247934	0
0.181818	0.0247934	0
0.190083	0.0247934	0
0.198347	0.0247934	0
0.206612	0.0247934	0
0.214876	0.0247934	0
0.22314	0.0247934	0
0.231405	0.0247934	0
0.239669	0.0247934	0
0.247934	0.0247934	0
0.256198	0.0247934	0
0.264463	0.0247934	0
0.272727	0.0247934	0
0.280992	0.0247934	0
0.289256	0.0247934	0
0.297521	0.0247934	0
0.305785	0.0247934	0
0.31405	0.0247934	0
0.322314	0.0247934	0
0.330579	0.0247934	0
0.338843	0.0247934	0
0.347107	0.0247934	0
0.355372	0.0247934	0
0.363636	0.0247934	0
0.371901	0.0247934	0
0.380165	0.0247934	0
0.38843	0.0247934	0
0.396694	0.0247934	0
0.404959	0.0247934	0
0.413223	0.0247934	0
0.421488	0.0247934	0
0.429752	0.0247934	0
0.438017	0.0247934	0
0.446281	0.0247934	0
0.454545	0.0247934	0
0.46281	0.0247934	0
0.471074	0.0247934	0
0.479339	0.0247934	0
0.487603	0.0247934	0
0.495868	0.0247934	0
0.504132	0.0247934	0
0.512397	0.0247934	0
0.520661	0.0247934	0
0.528926	0.0247934	0
0.53719	0.0247934	0
0.545455	0.0247934	0
0.553719	0.0247934	0
0.561983	0.0247934	0
0.570248	0.0247934	0
0.578512	0.0247934	0
0.586777	0.0247934	0
0.595041	0.0247934	0
0.603306	0.0247934	0
0.61157	0.0247934	0
0.619835	0.0247934	0
0.628099	0.0247934	0
0.636364	0.0247934	0
0.644628	0.0247934	0
0.652893	0.0247934	0
0.661157	0.0247934	0
0.669421	0.0247934	0
0.677686	0.0247934	0
0.68595	0.0247934	0
0.694215	0.0247934	0
0.702479	0.0247934	0
0.710744	0.0247934	0
0.719008	0.0247934	0
0.727273	0.0247934	0
0.735537	0.0247934	0
0.743802	0.0247934	0
0.752066	0.0247934	0
0.760331	0.0247934	0
0.768595	0.0247934	0
0.77686	0.0247934	0
0.785124	0.0247934	0
0.793388	0.0247934	0
0.801653	0.0247934	0
0.809917	0.0247934	0
0.818182	0.0247934	0
0.826446	0.0247934	0
0.834711	0.0247934	0
0.842975	0.0247934	0
0.85124	0.0247934	0
0.859504	0.0247934	0
0.867769	0.0247934	0
0.876033	0.0247934	0
0.884298	0.0247934	0
0.892562	0.0247934	0
0.900826	0.0247934	0
0.909091	0.0247934	0
0.917355	0.0247934	0
0.92562	0.0247934	0
0.933884	0.0247934	0
0.942149	0.0247934	0
0.950413	0.0247934	0
0.958678	0.0247934	0
0.966942	0.0247934	0
0.975207	0.0247934	0
0.983471	0.0247934	0
0.991736	0.0247934	0
1	0.0247934	0
0.00826446	0.0330579	0
0.0165289	0.0330579	0
0.0247934	0.0330579	0
0.0330579	0.0330579	0
0.0413223	0.0330579	0
0.0495868	0.0330579	0
0.0578512	0.0330579	0
0.0661157	0.0330579	0
0.0743802	0.0330579	0
0.0826446	0.0330579	0
0.0909091	0.0330579	0
0.0991736	0.0330579	0
0.107438	0.0330579	0
0.115702	0.0330579	0
0.123967	0.0330579	0
0.132231	0.0330579	0
0.140496	0.0330579	0
0.14876	0.0330579	0
0.157025	0.0330579	0
0.165289	0.0330579	0
0.173554	0.0330579	0
0.181818	0.0330579	0
0.190083	0.0330579	0
0.198347	0.0330579	0
0.206612	0.0330579	0
0.214876	0.0330579	0
0.22314	0.0330579	0
0.231405	0.0330579	0
0.239669	0.0330579	0
0.247934	0.0330579	0
0.256198	0.0330579	0
0.264463	0.0330579	0
0.272727	0.0330579	0
0.280992	0.0330579	0
0.289256	0.0330579	0
0.297521	0.0330579	0
0.305785	0.0330579	0
0.31405	0.0330579	0
0.322314	0.0330579	0
0.330579	0.0330579	0
0.338843	0.0330579	0
0.347107	0.0330579	0
0.355372	0.0330579	0
0.363636	0.0330579	0
0.371901	0.0330579	0
0.380165	0.0330579	0
0.38843	0.0330579	0
0.396694	0.0330579	0
0.404959	0.0330579	0
0.413223	0.0330579	0
0.421488	0.0330579	0
0.429752	0.0330579	0
0.438017	0.0330579	0
0.446281	0.0330579	0
0.454545	0.0330579	0
0.46281	0.0330579	0
0.471074	0.0330579	0
0.479339	0.0330579	0
0.487603	0.0330579	0
0.495868	0.0330579	0
0.504132	0.0330579	0
0.512397	0.0330579	0
0.520661	0.0330579	0
0.528926	0.0330579	0
0.53719	0.0330579	0
0.545455	0.0330579	0
0.553719	0.0330579	0
0.561983	0.0330579	0
0.570248	0.0330579	0
0.578512	0.0330579	0
0.586777	0.0330579	0
0.595041	0.0330579	0
0.603306	0.0330579	0
0.61157	0.0330579	0
0.619835	0.0330579	0
0.628099	0.0330579	0
0.636364	0.0330579	0
0.644628	0.0330579	0
0.652893	0.0330579	0
0.661157	0.0330579	0
0.669421	0.0330579	0
0.677686	0.0330579	0
0.68595	0.0330579	0
0.694215	0.0330579	0
0.702479	0.0330579	0
0.710744	0.0330579	0
0.719008	0.0330579	0
0.727273	0.0330579	0
0.735537	0.0330579	0
0.743802	0.0330579	0
0.752066	0.0330579	0
0.760331	0.0330579	0
0.768595	0.0330579	0
0.77686	0.0330579	0
0.785124	0.0330579	0
0.793388	0.0330579	0
0.801653	0.0330579	0
0.809917	0.0330579	0
0.818182	0.0330579	0
0.826446	0.0330579	0
0.834711	0.0330579	0
0.842975	0.0330579	0
0.85124	0.0330579	0
0.859504	0.0330579	0
0.867769	0.0330579	0
0.876033	0.0330579	0
0.884298	0.0330579	0
0.892562	0.0330579	0
0.900826	0.0330579	0
0.909091	0.0330579	0
0.917355	0.0330579	0
0.92562	0.0330579	0
0.933884	0.0330579	0
0.942149	0.0330579	0
0.950413	0.0330579	0
0.958678	0.0330579	0
0.966942	0.0330579	0
0.975207	0.0330579	0
0.983471	0.0330579	0
0.991736	0.0330579	0
1	0.0330579	0
0.00826446	0.0413223	0
0.0165289	0.0413223	0
0.0247934	0.0413223	0
0.0330579	0.0413223	0
0.0413223	0.0413223	0
0.0495868	0.0413223	0
0.0578512	0.0413223	0
0.0661157	0.0413223	0
0.0743802	0.0413223	0
0.0826446	0.0413223	0
0.0909091	0.0413223	0
0.0991736	0.0413223	0
0.107438	0.0413223	0
0.115702	0.0413223	0
0.123967	0.0413223	0
0.132231	0.0413223	0
0.140496	0.0413223	0
0.14876	0.0413223	0
0.157025	0.0413223	0
0.165289	0.0413223	0
0.173554	0.0413223	0
0.181818	0.0413223	0
0.190083	0.0413223	0
0.198347	0.0413223	0
0.206612	0.0413223	0
0.214876	0.0413223	0
0.22314	0.0413223	0
0.231405	0.0413223	0
0.239669	0.0413223	0
0.247934	0.0413223	0
0.256198	0.0413223	0
0.264463	0.0413223	0
0.272727	0.0413223	0
0.280992	0.0413223	0
0.289256	0.0413223	0
0.297521	0.0413223	0
0.305785	0.0413223	0
0.31405	0.0413223	0
0.322314	0.0413223	0
0.330579	0.0413223	0
0.338843	0.0413223	0
0.347107	0.0413223	0
0.355372	0.0413223	0
0.363636	0.0413223	0
0.371901	0.0413223	0
0.380165	0.0413223	0
0.38843	0.0413223	0
0.396694	0.0413223	0
0.404959	0.0413223	0
0.413223	0.0413223	0
0.421488	0.0413223	0
0.429752	0.0413223	0
0.438017	0.0413223	0
0.446281	0.0413223	0
0.454545	0.0413223	0
0.46281	0.0413223	0
0.471074	0.0413223	0
0.479339	0.0413223	0
0.487603	0.0413223	0
0.495868	0.0413223	0
0.504132	0.0413223	0
0.512397	0.0413223	0
0.520661	0.0413223	0
0.528926	0.0413223	0
0.53719	0.0413223	0
0.545455	0.0413223	0
0.553719	0.0413223	0
0.561983	0.0413223	0
0.570248	0.0413223	0
0.578512	0.0413223	0
0.586777	0.0413223	0
0.595041	0.0413223	0
0.603306	0.0413223	0
0.61157	0.0413223	0
0.619835	0.0413223	0
0.628099	0.0413223	0
0.636364	0.0413223	0
0.644628	0.0413223	0
0.652893	0.0413223	0
0.661157	0.0413223	0
0.669421	0.0413223	0
0.677686	0.0413223	0
0.68595	0.0413223	0
0.694215	0.0413223	0
0.702479	0.0413223	0
0.710744	0.0413223	0
0.719008	0.0413223	0
0.727273	0.0413223	0
0.735537	0.0413223	0
0.743802	0.0413223	0
0.752066	0.0413223	0
0.760331	0.0413223	0
0.768595	0.0413223	0
0.77686	0.0413223	0
0.785124	0.0413223	0
0.793388	0.0413223	0
0.801653	0.0413223	0
0.809917	0.0413223	0
0.818182	0.0413223	0
0.826446	0.0413223	0
0.834711	0.0413223	0
0.842975	0.0413223	0
0.85124	0.0413223	0
0.859504	0.0413223	0
0.867769	0.0413223	0
0.876033	0.0413223	0
0.884298	0.0413223	0
0.892562	0.0413223	0
0.900826	0.0413223	0
0.909091	0.0413223	0
0.917355	0.0413223	0
0.92562	0.0413223	0
0.933884	0.0413223	0
0.942149	0.0413223	0
0.950413	0.0413223	0
0.958678	0.0413223	0
0.966942	0.0413223	0
0.975207	0.0413223	0
0.983471	0.0413223	0
0.991736	0.0413223	0
1	0.0413223	0
0.00826446	0.0495868	0
0.0165289	0.0495868	0
0.0247934	0.0495868	0
0.0330579	0.0495868	0
0.0413223	0.0495868	0
0.0495868	0.0495868	0
0.0578512	0.0495868	0
0.0661157	0.0495868	0
0.0743802	0.0495868	0
0.0826446	0.0495868	0
0.0909091	0.0495868	0
0.0991736	0.0495868	0
0.107438	0.0495868	0
0.115702	0.0495868	0
0.123967	0.0495868	0
0.132231	0.0495868	0
0.140496	0.0495868	0
0.14876	0.0495868	0
0.157025	0.0495868	0
0.165289	0.0495868	0
0.173554	0.0495868	0
0.181818	0.0495868	0
0.190083	0.0495868	0
0.198347	0.0495868	0
0.206612	0.0495868	0
0.214876	0.0495868	0
0.22314	0.0495868	0
0.231405	0.0495868	0
0.239669	0.0495868	0
0.247934	0.0495868	0
0.256198	0.0495868	0
0.264463	0.0495868	0
0.272727	0.0495868	0
0.280992	0.0495868	0
0.289256	0.0495868	0
0.297521	0.0495868	0
0.305785	0.0495868	0
0.31405	0.0495868	0
0.322314	0.0495868	0
0.330579	0.0495868	0
0.338843	0.0495868	0
0.347107	0.0495868	0
0.355372	0.0495868	0
0.363636	0.0495868	0
0.371901	0.0495868	0
0.380165	0.0495868	0
0.38843	0.0495868	0
0.396694	0.0495868	0
0.404959	0.0495868	0
0.413223	0.0495868	0
0.421488	0.0495868	0
0.429752	0.0495868	0
0.438017	0.0495868	0
0.446281	0.0495868	0
0.454545	0.0495868	0
0.46281	0.0495868	0
0.471074	0.0495868	0
0.479339	0.0495868	0
0.487603	0.0495868	0
0.495868	0.0495868	0
0.504132	0.0495868	0
0.512397	0.0495868	0
0.520661	0.0495868	0
0.528926	0.0495868	0
0.53719	0.0495868	0
0.545455	0.0495868	0
0.553719	0.0495868	0
0.561983	0.0495868	0
0.570248	0.0495868	0
0.578512	0.0495868	0
0.586777	0.0495868	0
0.595041	0.0495868	0
0.603306	0.0495868	0
0.61157	0.0495868	0
0.619835	0.0495868	0
0.628099	0.0495868	0
0.636364	0.0495868	0
0.644628	0.0495868	0
0.652893	0.0495868	0
0.661157	0.0495868	0
0.669421	0.0495868	0
0.677686	0.0495868	0
0.68595	0.0495868	0
0.694215	0.0495868	0
0.702479	0.0495868	0
0.710744	0.0495868	0
0.719008	0.0495868	0
0.727273	0.0495868	0
0.735537	0.0495868	0
0.743802	0.0495868	0
0.752066	0.0495868	0
0.760331	0.0495868	0
0.768595	0.0495868	0
0.77686	0.0495868	0
0.785124	0.0495868	0
0.793388	0.0495868	0
0.801653	0.0495868	0
0.809917	0.0495868	0
0.818182	0.0495868	0
0.826446	0.0495868	0
0.834711	0.0495868	0
0.842975	0.0495868	0
0.85124	0.0495868	0
0.859504	0.0495868	0
0.867769	0.0495868	0
0.876033	0.0495868	0
0.884298	0.0495868	0
0.892562	0.0495868	0
0.900826	0.0495868	0
0.909091	0.0495868	0
0.917355	0.0495868	0
0.92562	0.0495868	0
0.933884	0.0495868	0
0.942149	0.0495868	0
0.950413	0.0495868	0
0.958678	0.0495868	0
0.966942	0.0495868	0
0.975207	0.0495868	0
0.983471	0.0495868	0
0.991736	0.0495868	0
1	0.0495868	0
0.00826446	0.0578512	0
0.0165289	0.0578512	0
0.0247934	0.0578512	0
0.0330579	0.0578512	0
0.0413223	0.0578512	0
0.0495868	0.0578512	0
0.0578512	0.0578512	0
0.0661157	0.0578512	0
0.0743802	0.0578512	0
0.0826446	0.0578512	0
0.0909091	0.0578512	0
0.0991736	0.0578512	0
0.107438	0.0578512	0
0.115702	0.0578512	0
0.123967	0.0578512	0
0.132231	0.0578512	0
0.140496	0.0578512	0
0.14876	0.0578512	0
0.157025	0.0578512	0
0.165289	0.0578512	0
0.173554	0.0578512	0
0.181818	0.0578512	0
0.190083	0.0578512	0
0.198347	0.0578512	0
0.206612	0.0578512	0
0.214876	0.0578512	0
0.22314	0.0578512	0
0.231405	0.0578512	0
0.239669	0.0578512	0
0.247934	0.0578512	0
0.256198	0.0578512	0
0.264463	0.0578512	0
0.272727	0.0578512	0
0.280992	0.0578512	0
0.289256	0.0578512	0
0.297521	0.0578512	0
0.305785	0.0578512	0
0.31405	0.0578512	0
0.322314	0.0578512	0
0.330579	0.0578512	0
0.338843	0.0578512	0
0.347107	0.0578512	0
0.355372	0.0578512	0
0.363636	0.0578512	0
0.371901	0.0578512	0
0.380165	0.0578512	0
0.38843	0.0578512	0
0.396694	0.0578512	0
0.404959	0.0578512	0
0.413223	0.0578512	0
0.421488	0.0578512	0
0.429752	0.0578512	0
0.438017	0.0578512	0
0.446281	0.0578512	0
0.454545	0.0578512	0
0.46281	0.0578512	0
0.471074	0.0578512	0
0.479339	0.0578512	0
0.487603	0.0578512	0
0.495868	0.0578512	0
0.504132	0.0578512	0
0.512397	0.0578512	0
0.520661	0.0578512	0
0.528926	0.0578512	0
0.53719	0.0578512	0
0.545455	0.0578512	0
0.553719	0.0578512	0
0.561983	0.0578512	0
0.570248	0.0578512	0
0.578512	0.0578512	0
0.586777	0.0578512	0
0.595041	0.0578512	0
0.603306	0.0578512	0
0.61157	0.0578512	0
0.619835	0.0578512	0
0.628099	0.0578512	0
0.636364	0.0578512	0
0.644628	0.0578512	0
0.652893	0.0578512	0
0.661157	0.0578512	0
0.669421	0.0578512	0
0.677686	0.0578512	0
0.68595	0.0578512	0
0.694215	0.0578512	0
0.702479	0.0578512	0
0.710744	0.0578512	0
0.719008	0.0578512	0
0.727273	0.0578512	0
0.735537	0.0578512	0
0.743802	0.0578512	0
0.752066	0.0578512	0
0.760331	0.0578512	0
0.768595	0.0578512	0
0.77686	0.0578512	0
0.785124	0.0578512	0
0.793388	0.0578512	0
0.801653	0.0578512	0
0.809917	0.0578512	0
0.818182	0.0578512	0
0.826446	0.0578512	0
0.834711	0.0578512	0
0.842975	0.0578512	0
0.85124	0.0578512	0
0.859504	0.0578512	0
0.867769	0.0578512	0
0.876033	0.0578512	0
0.884298	0.0578512	0
0.892562	0.0578512	0
0.900826	0.0578512	0
0.909091	0.0578512	0
0.917355	0.0578512	0
0.92562	0.0578512	0
0.933884	0.0578512	0
0.942149	0.0578512	0
0.950413	0.0578512	0
0.958678	0.0578512	0
0.966942	0.0578512	0
0.975207	0.0578512	0
0.983471	0.0578512	0
0.991736	0.0578512	0
1	0.0578512	0
0.00826446	0.0661157	0
0.0165289	0.0661157	0
0.0247934	0.0661157	0
0.0330579	0.0661157	0
0.0413223	0.0661157	0
0.0495868	0.0661157	0
0.0578512	0.0661157	0
0.0661157	0.0661157	0
0.0743802	0.0661157	0
0.0826446	0.0661157	0
0.0909091	0.0661157	0
0.0991736	0.0661157	0
0.107438	0.0661157	0
0.115702	0.0661157	0
0.123967	0.0661157	0
0.132231	0.0661157	0
0.140496	0.0661157	0
0.14876	0.0661157	0
0.157025	0.0661157	0
0.165289	0.0661157	0
0.173554	0.0661157	0
0.181818	0.0661157	0
0.190083	0.0661157	0
0.198347	0.0661157	0
0.206612	0.0661157	0
0.214876	0.0661157	0
0.22314	0.0661157	0
0.231405	0.0661157	0
0.239669	0.0661157	0
0.247934	0.0661157	0
0.256198	0.0661157	0
0.264463	0.0661157	0
0.272727	0.0661157	0
0.280992	0.0661157	0
0.289256	0.0661157	0
0.297521	0.0661157	0
0.305785	0.0661157	0
0.31405	0.0661157	0
0.322314	0.0661157	0
0.330579	0.0661157	0
0.338843	0.0661157	0
0.347107	0.0661157	0
0.355372	0.0661157	0
0.363636	0.0661157	0
0.371901	0.0661157	0
0.380165	0.0661157	0
0.38843	0.0661157	0
0.396694	0.0661157	0
0.404959	0.0661157	0
0.413223	0.0661157	0
0.421488	0.0661157	0
0.429752	0.0661157	0
0.438017	0.0661157	0
0.446281	0.0661157	0
0.454545	0.0661157	0
0.46281	0.0661157	0
0.471074	0.0661157	0
0.479339	0.0661157	0
0.487603	0.0661157	0
0.495868	0.0661157	0
0.504132	0.0661157	0
0.512397	0.0661157	0
0.520661	0.0661157	0
0.528926	0.0661157	0
0.53719	0.0661157	0
0.545455	0.0661157	0
0.553719	0.0661157	0
0.561983	0.0661157	0
0.570248	0.0661157	0
0.578512	0.0661157	0
0.586777	0.0661157	0
0.595041	0.0661157	0
0.603306	0.0661157	0
0.61157	0.0661157	0
0.619835	0.0661157	0
0.628099	0.0661157	0
0.636364	0.0661157	0
0.644628	0.0661157	0
0.652893	0.0661157	0
0.661157	0.0661157	0
0.669421	0.0661157	0
0.677686	0.0661157	0
0.68595	0.0661157	0
0.694215	0.0661157	0
0.702479	0.0661157	0
0.710744	0.0661157	0
0.719008	0.0661157	0
0.727273	0.0661157	0
0.735537	0.0661157	0
0.743802	0.0661157	0
0.752066	0.0661157	0
0.760331	0.0661157	0
0.768595	0.0661157	0
0.77686	0.0661157	0
0.785124	0.0661157	0
0.793388	0.0661157	0
0.801653	0.0661157	0
0.809917	0.0661157	0
0.818182	0.0661157	0
0.826446	0.0661157	0
0.834711	0.0661157	0
0.842975	0.0661157	0
0.85124	0.0661157	0
0.859504	0.0661157	0
0.867769	0.0661157	0
0.876033	0.0661157	0
0.884298	0.0661157	0
0.892562	0.0661157	0
0.900826	0.0661157	0
0.909091	0.0661157	0
0.917355	0.0661157	0
0.92562	0.0661157	0
0.933884	0.0661157	0
0.942149	0.0661157	0
0.950413	0.0661157	0
0.958678	0.0661157	0
0.966942	0.0661157	0
0.975207	0.0661157	0
0.983471	0.0661157	0
0.991736	0.0661157	0
1	0.0661157	0
0.00826446	0.0743802	0
0.0165289	0.0743802	0
0.0247934	0.0743802	0
0.0330579	0.0743802	0
0.0413223	0.0743802	0
0.0495868	0.0743802	0
0.0578512	0.0743802	0
0.0661157	0.0743802	0
0.0743802	0.0743802	0
0.0826446	0.0743802	0
0.0909091	0.0743802	0
0.0991736	0.0743802	0
0.107438	0.0743802	0
0.115702	0.0743802	0
0.123967	0.0743802	0
0.132231	0.0743802	0
0.140496	0.0743802	0
0.14876	0.0743802	0
0.157025	0.0743802	0
0.165289	0.0743802	0
0.173554	0.0743802	0
0.181818	0.0743802	0
0.190083	0.0743802	0
0.198347	0.0743802	0
0.206612	0.0743802	0
0.214876	0.0743802	0
0.22314	0.0743802	0
0.231405	0.0743802	0
0.239669	0.0743802	0
0.247934	0.0743802	0
0.256198	0.0743802	0
0.264463	0.0743802	0
0.272727	0.0743802	0
0.280992	0.0743802	0
0.289256	0.0743802	0
0.297521	0.0743802	0
0.305785	0.0743802	0
0.31405	0.0743802	0
0.322314	0.0743802	0
0.330579	0.0743802	0
0.338843	0.0743802	0
0.347107	0.0743802	0
0.355372	0.0743802	0
0.363636	0.0743802	0
0.371901	0.0743802	0
0.380165	0.0743802	0
0.38843	0.0743802	0
0.396694	0.0743802	0
0.404959	0.0743802	0
0.413223	0.0743802	0
0.421488	0.0743802	0
0.429752	0.0743802	0
0.438017	0.0743802	0
0.446281	0.0743802	0
0.454545	0.0743802	0
0.46281	0.0743802	0
0.471074	0.0743802	0
0.479339	0.0743802	0
0.487603	0.0743802	0
0.495868	0.0743802	0
0.504132	0.0743802	0
0.512397	0.0743802	0
0.520661	0.0743802	0
0.528926	0.0743802	0
0.53719	0.0743802	0
0.545455	0.0743802	0
0.553719	0.0743802	0
0.561983	0.0743802	0
0.570248	0.0743802	0
0.578512	0.0743802	0
0.586777	0.0743802	0
0.595041	0.0743802	0
0.603306	0.0743802	0
0.61157	0.0743802	0
0.619835	0.0743802	0
0.628099	0.0743802	0
0.636364	0.0743802	0
0.644628	0.0743802	0
0.652893	0.0743802	0
0.661157	0.0743802	0
0.669421	0.0743802	0
0.677686	0.0743802	0
0.68595	0.0743802	0
0.694215	0.0743802	0
0.702479	0.0743802	0
0.710744	0.0743802	0
0.719008	0.0743802	0
0.727273	0.0743802	0
0.735537	0.0743802	0
0.743802	0.0743802	0
0.752066	0.0743802	0
0.760331	0.0743802	0
0.768595	0.0743802	0
0.77686	0.0743802	0
0.785124	0.0743802	0
0.793388	0.0743802	0
0.801653	0.0743802	0
0.809917	0.0743802	0
0.818182	0.0743802	0
0.826446	0.0743802	0
0.834711	0.0743802	0
0.842975	0.0743802	0
0.85124	0.0743802	0
0.859504	0.0743802	0
0.867769	0.0743802	0
0.876033	0.0743802	0
0.884298	0.0743802	0
0.892562	0.0743802	0
0.900826	0.0743802	0
0.909091	0.0743802	0
0.917355	0.0743802	0
0.92562	0.0743802	0
0.933884	0.0743802	0
0.942149	0.0743802	0
0.950413	0.0743802	0
0.958678	0.0743802	0
0.966942	0.0743802	0
0.975207	0.0743802	0
0.983471	0.0743802	0
0.991736	0.0743802	0
1	0.0743802	0
0.00826446	0.0826446	0
0.0165289	0.0826446	0
0.0247934	0.0826446	0
0.0330579	0.0826446	0
0.0413223	0.0826446	0
0.0495868	0.0826446	0
0.0578512	0.0826446	0
0.0661157	0.0826446	0
0.0743802	0.0826446	0
0.0826446	0.0826446	0
0.0909091	0.0826446	0
0.0991736	0.0826446	0
0.107438	0.0826446	0
0.115702	0.0826446	0
0.123967	0.0826446	0
0.132231	0.0826446	0
0.140496	0.0826446	0
0.14876	0.0826446	0
0.157025	0.0826446	0
0.165289	0.0826446	0
0.173554	0.0826446	0
0.181818	0.0826446	0
0.190083	0.0826446	0
0.198347	0.0826446	0
0.206612	0.0826446	0
0.214876	0.0826446	0
0.22314	0.0826446	0
0.231405	0.0826446	0
0.239669	0.0826446	0
0.247934	0.0826446	0
0.256198	0.0826446	0
0.264463	0.0826446	0
0.272727	0.0826446	0
0.280992	0.0826446	0
0.289256	0.0826446	0
0.297521	0.0826446	0
0.305785	0.0826446	0
0.31405	0.0826446	0
0.322314	0.0826446	0
0.330579	0.0826446	0
0.338843	0.0826446	0
0.347107	0.0826446	0
0.355372	0.0826446	0
0.363636	0.0826446	0
0.371901	0.0826446	0
0.380165	0.0826446	0
0.38843	0.0826446	0
0.396694	0.0826446	0
0.404959	0.0826446	0
0.413223	0.0826446	0
0.421488	0.0826446	0
0.429752	0.0826446	0
0.438017	0.0826446	0
0.446281	0.0826446	0
0.454545	0.0826446	0
0.46281	0.0826446	0
0.471074	0.0826446	0
0.479339	0.0826446	0
0.487603	0.0826446	0
0.495868	0.0826446	0
0.504132	0.0826446	0
0.512397	0.0826446	0
0.520661	0.0826446	0
0.528926	0.0826446	0
0.53719	0.0826446	0
0.545455	0.0826446	0
0.553719	0.0826446	0
0.561983	0.0826446	0
0.570248	0.0826446	0
0.578512	0.0826446	0
0.586777	0.0826446	0
0.595041	0.0826446	0
0.603306	0.0826446	0
0.61157	0.0826446	0
0.619835	0.0826446	0
0.628099	0.0826446	0
0.636364	0.0826446	0
0.644628	0.0826446	0
0.652893	0.0826446	0
0.661157	0.0826446	0
0.669421	0.0826446	0
0.677686	0.0826446	0
0.68595	0.0826446	0
0.694215	0.0826446	0
0.702479	0.0826446	0
0.710744	0.0826446	0
0.719008	0.0826446	0
0.727273	0.0826446	0
0.735537	0.0826446	0
0.743802	0.0826446	0
0.752066	0.0826446	0
0.760331	0.0826446	0
0.768595	0.0826446	0
0.77686	0.0826446	0
0.785124	0.0826446	0
0.793388	0.0826446	0
0.801653	0.0826446	0
0.809917	0.0826446	0
0.818182	0.0826446	0
0.826446	0.0826446	0
0.834711	0.0826446	0
0.842975	0.0826446	0
0.85124	0.0826446	0
0.859504	0.0826446	0
0.867769	0.0826446	0
0.876033	0.0826446	0
0.884298	0.0826446	0
0.892562	0.0826446	0
0.900826	0.0826446	0
0.909091	0.0826446	0
0.917355	0.0826446	0
0.92562	0.0826446	0
0.933884	0.0826446	0
0.942149	0.0826446	0
0.950413	0.0826446	0
0.958678	0.0826446	0
0.966942	0.0826446	0
0.975207	0.0826446	0
0.983471	0.0826446	0
0.991736	0.0826446	0
1	0.0826446	0
0.00826446	0.0909091	0
0.0165289	0.0909091	0
0.0247934	0.0909091	0
0.0330579	0.0909091	0
0.0413223	0.0909091	0
0.0495868	0.0909091	0
0.0578512	0.0909091	0
0.0661157	0.0909091	0
0.0743802	0.0909091	0
0.0826446	0.0909091	0
0.0909091	0.0909091	0
0.0991736	0.0909091	0
0.107438	0.0909091	0
0.115702	0.0909091	0
0.123967	0.0909091	0
0.132231	0.0909091	0
0.140496	0.0909091	0
0.14876	0.0909091	0
0.157025	0.0909091	0
0.165289	0.0909091	0
0.173554	0.0909091	0
0.181818	0.0909091	0
0.190083	0.0909091	0
0.198347	0.0909091	0
0.206612	0.0909091	0
0.214876	0.0909091	0
0.22314	0.0909091	0
0.231405	0.0909091	0
0.239669	0.0909091	0
0.247934	0.0909091	0
0.256198	0.0909091	0
0.264463	0.0909091	0
0.272727	0.0909091	0
0.280992	0.0909091	0
0.289256	0.0909091	0
0.297521	0.0909091	0
0.305785	0.0909091	0
0.31405	0.0909091	0
0.322314	0.0909091	0
0.330579	0.0909091	0
0.338843	0.0909091	0
0.347107	0.0909091	0
0.355372	0.0909091	0
0.363636	0.0909091	0
0.371901	0.0909091	0
0.380165	0.0909091	0
0.38843	0.0909091	0
0.396694	0.0909091	0
0.404959	0.0909091	0
0.413223	0.0909091	0
0.421488	0.0909091	0
0.429752	0.0909091	0
0.438017	0.0909091	0
0.446281	0.0909091	0
0.454545	0.0909091	0
0.46281	0.0909091	0
0.471074	0.0909091	0
0.479339	0.0909091	0
0.487603	0.0909091	0
0.495868	0.0909091	0
0.504132	0.0909091	0
0.512397	0.0909091	0
0.520661	0.0909091	0
0.528926	0.0909091	0
0.53719	0.0909091	0
0.545455	0.0909091	0
0.553719	0.0909091	0
0.561983	0.0909091	0
0.570248	0.0909091	0
0.578512	0.0909091	0
0.586777	0.0909091	0
0.595041	0.0909091	0
0.603306	0.0909091	0
0.61157	0.0909091	0
0.619835	0.0909091	0
0.628099	0.0909091	0
0.636364	0.0909091	0
0.644628	0.0909091	0
0.652893	0.0909091	0
0.661157	0.0909091	0
0.669421	0.0909091	0
0.677686	0.0909091	0
0.68595	0.0909091	0
0.694215	0.0909091	0
0.702479	0.0909091	0
0.710744	0.0909091	0
0.719008	0.0909091	0
0.727273	0.0909091	0
0.735537	0.0909091	0
0.743802	0.0909091	0
0.752066	0.0909091	0
0.760331	0.0909091	0
0.768595	0.0909091	0
0.77686	0.0909091	0
0.785124	0.0909091	0
0.793388	0.0909091	0
0.801653	0.0909091	0
0.809917	0.0909091	0
0.818182	0.0909091	0
0.826446	0.0909091	0
0.834711	0.0909091	0
0.842975	0.0909091	0
0.85124	0.0909091	0
0.859504	0.0909091	0
0.867769	0.0909091	0
0.876033	0.0909091	0
0.884298	0.0909091	0
0.892562	0.0909091	0
0.900826	0.0909091	0
0.909091	0.0909091	0
0.917355	0.0909091	0
0.92562	0.0909091	0
0.933884	0.0909091	0
0.942149	0.0909091	0
0.950413	0.0909091	0
0.958678	0.0909091	0
0.966942	0.0909091	0
0.975207	0.0909091	0
0.983471	0.0909091	0
0.991736	0.0909091	0
1	0.0909091	0
0.00826446	0.0991736	0
0.0165289	0.0991736	0
0.0247934	0.0991736	0
0.0330579	0.0991736	0
0.0413223	0.0991736	0
0.0495868	0.0991736	0
0.0578512	0.0991736	0
0.0661157	0.0991736	0
0.0743802	0.0991736	0
0.0826446	0.0991736	0
0.0909091	0.0991736	0
0.0991736	0.0991736	0
0.107438	0.0991736	0
0.115702	0.0991736	0
0.123967	0.0991736	0
0.132231	0.0991736	0
0.140496	0.0991736	0
0.14876	0.0991736	0
0.157025	0.0991736	0
0.165289	0.0991736	0
0.173554	0.0991736	0
0.181818	0.0991736	0
0.190083	0.0991736	0
0.198347	0.0991736	0
0.206612	0.0991736	0
0.214876	0.0991736	0
0.22314	0.0991736	0
0.231405	0.0991736	0
0.239669	0.0991736	0
0.247934	0.0991736	0
0.256198	0.0991736	0
0.264463	0.0991736	0
0.272727	0.0991736	0
0.280992	0.0991736	0
0.289256	0.0991736	0
0.297521	0.0991736	0
0.305785	0.0991736	0
0.31405	0.0991736	0
0.322314	0.0991736	0
0.330579	0.0991736	0
0.338843	0.0991736	0
0.347107	0.0991736	0
0.355372	0.0991736	0
0.363636	0.0991736	0
0.371901	0.0991736	0
0.380165	0.0991736	0
0.38843	0.0991736	0
0.396694	0.0991736	0
0.404959	0.0991736	0
0.413223	0.0991736	0
0.421488	0.0991736	0
0.429752	0.0991736	0
0.438017	0.0991736	0
0.446281	0.0991736	0
0.454545	0.0991736	0
0.46281	0.0991736	0
0.471074	0.0991736	0
0.479339	0.0991736	0
0.487603	0.0991736	0
0.495868	0.0991736	0
0.504132	0.0991736	0
0.512397	0.0991736	0
0.520661	0.0991736	0
0.528926	0.0991736	0
0.53719	0.0991736	0
0.545455	0.0991736	0
0.553719	0.0991736	0
0.561983	0.0991736	0
0.570248	0.0991736	0
0.578512	0.0991736	0
0.586777	0.0991736	0
0.595041	0.0991736	0
0.603306	0.0991736	0
0.61157	0.0991736	0
0.619835	0.0991736	0
0.628099	0.0991736	0
0.636364	0.0991736	0
0.644628	0.0991736	0
0.652893	0.0991736	0
0.661157	0.0991736	0
0.669421	0.0991736	0
0.677686	0.0991736	0
0.68595	0.0991736	0
0.694215	0.0991736	0
0.702479	0.0991736	0
0.710744	0.0991736	0
0.719008	0.0991736	0
0.727273	0.0991736	0
0.735537	0.0991736	0
0.743802	0.0991736	0
0.752066	0.0991736	0
0.760331	0.0991736	0
0.768595	0.0991736	0
0.77686	0.0991736	0
0.785124	0.0991736	0
0.793388	0.0991736	0
0.801653	0.0991736	0
0.809917	0.0991736	0
0.818182	0.0991736	0
0.826446	0.0991736	0
0.834711	0.0991736	0
0.842975	0.0991736	0
0.85124	0.0991736	0
0.859504	0.0991736	0
0.867769	0.0991736	0
0.876033	0.0991736	0
0.884298	0.0991736	0
0.892562	0.0991736	0
0.900826	0.0991736	0
0.909091	0.0991736	0
0.917355	0.0991736	0
0.92562	0.0991736	0
0.933884	0.0991736	0
0.942149	0.0991736	0
0.950413	0.0991736	0
0.958678	0.0991736	0
0.966942	0.0991736	0
0.975207	0.0991736	0
0.983471	0.0991736	0
0.991736	0.0991736	0
1	0.0991736	0
0.00826446	0.107438	0
0.0165289	0.107438	0
0.0247934	0.107438	0
0.0330579	0.107438	0
0.0413223	0.107438	0
0.0495868	0.107438	0
0.0578512	0.107438	0
0.0661157	0.107438	0
0.0743802	0.107438	0
0.0826446	0.107438	0
0.0909091	0.107438	0
0.0991736	0.107438	0
0.107438	0.107438	0
0.115702	0.107438	0
0.123967	0.107438	0
0.132231	0.107438	0
0.140496	0.107438	0
0.14876	0.107438	0
0.157025	0.107438	0
0.165289	0.107438	0
0.173554	0.107438	0
0.181818	0.107438	0
0.190083	0.107438	0
0.198347	0.107438	0
0.206612	0.107438	0
0.214876	0.107438	0
0.22314	0.107438	0
0.231405	0.107438	0
0.239669	0.107438	0
0.247934	0.107438	0
0.256198	0.107438	0
0.264463	0.107438	0
0.272727	0.107438	0
0.280992	0.107438	0
0.289256	0.107438	0
0.297521	0.107438	0
0.305785	0.107438	0
0.31405	0.107438	0
0.322314	0.107438	0
0.330579	0.107438	0
0.338843	0.107438	0
0.347107	0.107438	0
0.355372	0.107438	0
0.363636	0.107438	0
0.371901	0.107438	0
0.380165	0.107438	0
0.38843	0.107438	0
0.396694	0.107438	0
0.404959	0.107438	0
0.413223	0.107438	0
0.421488	0.107438	0
0.429752	0.107438	0
0.438017	0.107438	0
0.446281	0.107438	0
0.454545	0.107438	0
0.46281	0.107438	0
0.471074	0.107438	0
0.479339	0.107438	0
0.487603	0.107438	0
0.495868	0.107438	0
0.504132	0.107438	0
0.512397	0.107438	0
0.520661	0.107438	0
0.528926	0.107438	0
0.53719	0.107438	0
0.545455	0.107438	0
0.553719	0.107438	0
0.561983	0.107438	0
0.570248	0.107438	0
0.578512	0.107438	0
0.586777	0.107438	0
0.595041	0.107438	0
0.603306	0.107438	0
0.61157	0.107438	0
0.619835	0.107438	0
0.628099	0.107438	0
0.636364	0.107438	0
0.644628	0.107438	0
0.652893	0.107438	0
0.661157	0.107438	0
0.669421	0.107438	0
0.677686	0.107438	0
0.68595	0.107438	0
0.694215	0.107438	0
0.702479	0.107438	0
0.710744	0.107438	0
0.719008	0.107438	0
0.727273	0.107438	0
0.735537	0.107438	0
0.743802	0.107438	0
0.752066	0.107438	0
0.760331	0.107438	0
0.768595	0.107438	0
0.77686	0.107438	0
0.785124	0.107438	0
0.793388	0.107438	0
0.801653	0.107438	0
0.809917	0.107438	0
0.818182	0.107438	0
0.826446	0.107438	0
0.834711	0.107438	0
0.842975	0.107438	0
0.85124	0.107438	0
0.859504	0.107438	0
0.867769	0.107438	0
0.876033	0.107438	0
0.884298	0.107438	0
0.892562	0.107438	0
0.900826	0.107438	0
0.909091	0.107438	0
0.917355	0.107438	0
0.92562	0.107438	0
0.933884	0.107438	0
0.942149	0.107438	0
0.950413	0.107438	0
0.958678	0.107438	0
0.966942	0.107438	0
0.975207	0.107438	0
0.983471	0.107438	0
0.991736	0.107438	0
1	0.107438	0
0.00826446	0.115702	0
0.0165289	0.115702	0
0.0247934	0.115702	0
0.0330579	0.115702	0
0.0413223	0.115702	0
0.0495868	0.115702	0
0.0578512	0.115702	0
0.0661157	0.115702	0
0.0743802	0.115702	0
0.0826446	0.115702	0
0.0909091	0.115702	0
0.0991736	0.115702	0
0.107438	0.115702	0
0.115702	0.115702	0
0.123967	0.115702	0
0.132231	0.115702	0
0.140496	0.115702	0
0.14876	0.115702	0
0.157025	0.115702	0
0.165289	0.115702	0
0.173554	0.115702	0
0.181818	0.115702	0
0.190083	0.115702	0
0.198347	0.115702	0
0.206612	0.115702	0
0.214876	0.115702	0
0.22314	0.115702	0
0.231405	0.115702	0
0.239669	0.115702	0
0.247934	0.115702	0
0.256198	0.115702	0
0.264463	0.115702	0
0.272727	0.115702	0
0.280992	0.115702	0
0.289256	0.115702	0
0.297521	0.115702	0
0.305785	0.115702	0
0.31405	0.115702	0
0.322314	0.115702	0
0.330579	0.115702	0
0.338843	0.115702	0
0.347107	0.115702	0
0.355372	0.115702	0
0.363636	0.115702	0
0.371901	0.115702	0
0.380165	0.115702	0
0.38843	0.115702	0
0.396694	0.115702	0
0.404959	0.115702	0
0.413223	0.115702	0
0.421488	0.115702	0
0.429752	0.115702	0
0.438017	0.115702	0
0.446281	0.115702	0
0.454545	0.115702	0
0.46281	0.115702	0
0.471074	0.115702	0
0.479339	0.115702	0
0.487603	0.115702	0
0.495868	0.115702	0
0.504132	0.115702	0
0.512397	0.115702	0
0.520661	0.115702	0
0.528926	0.115702	0
0.53719	0.115702	0
0.545455	0.115702	0
0.553719	0.115702	0
0.561983	0.115702	0
0.570248	0.115702	0
0.578512	0.115702	0
0.586777	0.115702	0
0.595041	0.115702	0
0.603306	0.115702	0
0.61157	0.115702	0
0.619835	0.115702	0
0.628099	0.115702	0
0.636364	0.115702	0
0.644628	0.115702	0
0.652893	0.115702	0
0.661157	0.115702	0
0.669421	0.115702	0
0.677686	0.115702	0
0.68595	0.115702	0
0.694215	0.115702	0
0.702479	0.115702	0
0.710744	0.115702	0
0.719008	0.115702	0
0.727273	0.115702	0
0.735537	0.115702	0
0.743802	0.115702	0
0.752066	0.115702	0
0.760331	0.115702	0
0.768595	0.115702	0
0.77686	0.115702	0
0.785124	0.115702	0
0.793388	0.115702	0
0.801653	0.115702	0
0.809917	0.115702	0
0.818182	0.115702	0
0.826446	0.115702	0
0.834711	0.115702	0
0.842975	0.115702	0
0.85124	0.115702	0
0.859504	0.115702	0
0.867769	0.115702	0
0.876033	0.115702	0
0.884298	0.115702	0
0.892562	0.115702	0
0.900826	0.115702	0
0.909091	0.115702	0
0.917355	0.115702	0
0.92562	0.115702	0
0.933884	0.115702	0
0.942149	0.115702	0
0.950413	0.115702	0
0.958678	0.115702	0
0.966942	0.115702	0
0.975207	0.115702	0
0.983471	0.115702	0
0.991736	0.115702	0
1	0.115702	0
0.00826446	0.123967	0
0.0165289	0.123967	0
0.0247934	0.123967	0
0.0330579	0.123967	0
0.0413223	0.123967	0
0.0495868	0.123967	0
0.0578512	0.123967	0
0.0661157	0.123967	0
0.0743802	0.123967	0
0.0826446	0.123967	0
0.0909091	0.123967	0
0.0991736	0.123967	0
0.107438	0.123967	0
0.115702	0.123967	0
0.123967	0.123967	0
0.132231	0.123967	0
0.140496	0.123967	0
0.14876	0.123967	0
0.157025	0.123967	0
0.165289	0.123967	0
0.173554	0.123967	0
0.181818	0.123967	0
0.190083	0.123967	0
0.198347	0.123967	0
0.206612	0.123967	0
0.214876	0.123967	0
0.22314	0.123967	0
0.231405	0.123967	0
0.239669	0.123967	0
0.247934	0.123967	0
0.256198	0.123967	0
0.264463	0.123967	0
0.272727	0.123967	0
0.280992	0.123967	0
0.289256	0.123967	0
0.297521	0.123967	0
0.305785	0.123967	0
0.31405	0.123967	0
0.322314	0.123967	0
0.330579	0.123967	0
0.338843	0.123967	0
0.347107	0.123967	0
0.355372	0.123967	0
0.363636	0.123967	0
0.371901	0.123967	0
0.380165	0.123967	0
0.38843	0.123967	0
0.396694	0.123967	0
0.404959	0.123967	0
0.413223	0.123967	0
0.421488	0.123967	0
0.429752	0.123967	0
0.438017	0.123967	0
0.446281	0.123967	0
0.454545	0.123967	0
0.46281	0.123967	0
0.471074	0.123967	0
0.479339	0.123967	0
0.487603	0.123967	0
0.495868	0.123967	0
0.504132	0.123967	0
0.512397	0.123967	0
0.520661	0.123967	0
0.528926	0.123967	0
0.53719	0.123967	0
0.545455	0.123967	0
0.553719	0.123967	0
0.561983	0.123967	0
0.570248	0.123967	0
0.578512	0.123967	0
0.586777	0.123967	0
0.595041	0.123967	0
0.603306	0.123967	0
0.61157	0.123967	0
0.619835	0.123967	0
0.628099	0.123967	0
0.636364	0.123967	0
0.644628	0.123967	0
0.652893	0.123967	0
0.661157	0.123967	0
0.669421	0.123967	0
0.677686	0.123967	0
0.68595	0.123967	0
0.694215	0.123967	0
0.702479	0.123967	0
0.710744	0.123967	0
0.719008	0.123967	0
0.727273	0.123967	0
0.735537	0.123967	0
0.743802	0.123967	0
0.752066	0.123967	0
0.760331	0.123967	0
0.768595	0.123967	0
0.77686	0.123967	0
0.785124	0.123967	0
0.793388	0.123967	0
0.801653	0.123967	0
0.809917	0.123967	0
0.818182	0.123967	0
0.826446	0.123967	0
0.834711	0.123967	0
0.842975	0.123967	0
0.85124	0.123967	0
0.859504	0.123967	0
0.867769	0.123967	0
0.876033	0.123967	0
0.884298	0.123967	0
0.892562	0.123967	0
0.900826	0.123967	0
0.909091	0.123967	0
0.917355	0.123967	0
0.92562	0.123967	0
0.933884	0.123967	0
0.942149	0.123967	0
0.950413	0.123967	0
0.958678	0.123967	0
0.966942	0.123967	0
0.975207	0.123967	0
0.983471	0.123967	0
0.991736	0.123967	0
1	0.123967	0
0.00826446	0.132231	0
0.0165289	0.132231	0
0.0247934	0.132231	0
0.0330579	0.132231	0
0.0413223	0.132231	0
0.0495868	0.132231	0
0.0578512	0.132231	0
0.0661157	0.132231	0
0.0743802	0.132231	0
0.0826446	0.132231	0
0.0909091	0.132231	0
0.0991736	0.132231	0
0.107438	0.132231	0
0.115702	0.132231	0
0.123967	0.132231	0
0.132231	0.132231	0
0.140496	0.132231	0
0.14876	0.132231	0
0.157025	0.132231	0
0.165289	0.132231	0
0.173554	0.132231	0
0.181818	0.132231	0
0.190083	0.132231	0
0.198347	0.132231	0
0.206612	0.132231	0
0.214876	0.132231	0
0.22314	0.132231	0
0.231405	0.132231	0
0.239669	0.132231	0
0.247934	0.132231	0
0.256198	0.132231	0
0.264463	0.132231	0
0.272727	0.132231	0
0.280992	0.132231	0
0.289256	0.132231	0
0.297521	0.132231	0
0.305785	0.132231	0
0.31405	0.132231	0
0.322314	0.132231	0
0.330579	0.132231	0
0.338843	0.132231	0
0.347107	0.132231	0
0.355372	0.132231	0
0.363636	0.132231	0
0.371901	0.132231	0
0.380165	0.132231	0
0.38843	0.132231	0
0.396694	0.132231	0
0.404959	0.132231	0
0.413223	0.132231	0
0.421488	0.132231	0
0.429752	0.132231	0
0.438017	0.132231	0
0.446281	0.132231	0
0.454545	0.132231	0
0.46281	0.132231	0
0.471074	0.132231	0
0.479339	0.132231	0
0.487603	0.132231	0
0.495868	0.132231	0
0.504132	0.132231	0
0.512397	0.132231	0
0.520661	0.132231	0
0.528926	0.132231	0
0.53719	0.132231	0
0.545455	0.132231	0
0.553719	0.132231	0
0.561983	0.132231	0
0.570248	0.132231	0
0.578512	0.132231	0
0.586777	0.132231	0
0.595041	0.132231	0
0.603306	0.132231	0
0.61157	0.132231	0
0.619835	0.132231	0
0.628099	0.132231	0
0.636364	0.132231	0
0.644628	0.132231	0
0.652893	0.132231	0
0.661157	0.132231	0
0.669421	0.132231	0
0.677686	0.132231	0
0.68595	0.132231	0
0.694215	0.132231	0
0.702479	0.132231	0
0.710744	0.132231	0
0.719008	0.132231	0
0.727273	0.132231	0
0.735537	0.132231	0
0.743802	0.132231	0
0.752066	0.132231	0
0.760331	0.132231	0
0.768595	0.132231	0
0.77686	0.132231	0
0.785124	0.132231	0
0.793388	0.132231	0
0.801653	0.132231	0
0.809917	0.132231	0
0.818182	0.132231	0
0.826446	0.132231	0
0.834711	0.132231	0
0.842975	0.132231	0
0.85124	0.132231	0
0.859504	0.132231	0
0.867769	0.132231	0
0.876033	0.132231	0
0.884298	0.132231	0
0.892562	0.132231	0
0.900826	0.132231	0
0.909091	0.132231	0
0.917355	0.132231	0
0.92562	0.132231	0
0.933884	0.132231	0
0.942149	0.132231	0
0.950413	0.132231	0
0.958678	0.132231	0
0.966942	0.132231	0
0.975207	0.132231	0
0.983471	0.132231	0
0.991736	0.132231	0
1	0.132231	0
0.00826446	0.140496	0
0.0165289	0.140496	0
0.0247934	0.140496	0
0.0330579	0.140496	0
0.0413223	0.140496	0
0.0495868	0.140496	0
0.0578512	0.140496	0
0.0661157	0.140496	0
0.0743802	0.140496	0
0.0826446	0.140496	0
0.0909091	0.140496	0
0.0991736	0.140496	0
0.107438	0.140496	0
0.115702	0.140496	0
0.123967	0.140496	0
0.132231	0.140496	0
0.140496	0.140496	0
0.14876	0.140496	0
0.157025	0.140496	0
0.165289	0.140496	0
0.173554	0.140496	0
0.181818	0.140496	0
0.190083	0.140496	0
0.198347	0.140496	0
0.206612	0.140496	0
0.214876	0.140496	0
0.22314	0.140496	0
0.231405	0.140496	0
0.239669	0.140496	0
0.247934	0.140496	0
0.256198	0.140496	0
0.264463	0.140496	0
0.272727	0.140496	0
0.280992	0.140496	0
0.289256	0.140496	0
0.297521	0.140496	0
0.305785	0.140496	0
0.31405	0.140496	0
0.322314	0.140496	0
0.330579	0.140496	0
0.338843	0.140496	0
0.347107	0.140496	0
0.355372	0.140496	0
0.363636	0.140496	0
0.371901	0.140496	0
0.380165	0.140496	0
0.38843	0.140496	0
0.396694	0.140496	0
0.404959	0.140496	0
0.413223	0.140496	0
0.421488	0.140496	0
0.429752	0.140496	0
0.438017	0.140496	0
0.446281	0.140496	0
0.454545	0.140496	0
0.46281	0.140496	0
0.471074	0.140496	0
0.479339	0.140496	0
0.487603	0.140496	0
0.495868	0.140496	0
0.504132	0.140496	0
0.512397	0.140496	0
0.520661	0.140496	0
0.528926	0.140496	0
0.53719	0.140496	0
0.545455	0.140496	0
0.553719	0.140496	0
0.561983	0.140496	0
0.570248	0.140496	0
0.578512	0.140496	0
0.586777	0.140496	0
0.595041	0.140496	0
0.603306	0.140496	0
0.61157	0.140496	0
0.619835	0.140496	0
0.628099	0.140496	0
0.636364	0.140496	0
0.644628	0.140496	0
0.652893	0.140496	0
0.661157	0.140496	0
0.669421	0.140496	0
0.677686	0.140496	0
0.68595	0.140496	0
0.694215	0.140496	0
0.702479	0.140496	0
0.710744	0.140496	0
0.719008	0.140496	0
0.727273	0.140496	0
0.735537	0.140496	0
0.743802	0.140496	0
0.752066	0.140496	0
0.760331	0.140496	0
0.768595	0.140496	0
0.77686	0.140496	0
0.785124	0.140496	0
0.793388	0.140496	0
0.801653	0.140496	0
0.809917	0.140496	0
0.818182	0.140496	0
0.826446	0.140496	0
0.834711	0.140496	0
0.842975	0.140496	0
0.85124	0.140496	0
0.859504	0.140496	0
0.867769	0.140496	0
0.876033	0.140496	0
0.884298	0.140496	0
0.892562	0.140496	0
0.900826	0.140496	0
0.909091	0.140496	0
0.917355	0.140496	0
0.92562	0.140496	0
0.933884	0.140496	0
0.942149	0.140496	0
0.950413	0.140496	0
0.958678	0.140496	0
0.966942	0.140496	0
0.975207	0.140496	0
0.983471	0.140496	0
0.991736	0.140496	0
1	0.140496	0
0.00826446	0.14876	0
0.0165289	0.14876	0
0.0247934	0.14876	0
0.0330579	0.14876	0
0.0413223	0.14876	0
0.0495868	0.14876	0
0.0578512	0.14876	0
0.0661157	0.14876	0
0.0743802	0.14876	0
0.0826446	0.14876	0
0.0909091	0.14876	0
0.0991736	0.14876	0
0.107438	0.14876	0
0.115702	0.14876	0
0.123967	0.14876	0
0.132231	0.14876	0
0.140496	0.14876	0
0.14876	0.14876	0
0.157025	0.14876	0
0.165289	0.14876	0
0.173554	0.14876	0
0.181818	0.14876	0
0.190083	0.14876	0
0.198347	0.14876	0
0.206612	0.14876	0
0.214876	0.14876	0
0.22314	0.14876	0
0.231405	0.14876	0
0.239669	0.14876	0
0.247934	0.14876	0
0.256198	0.14876	0
0.264463	0.14876	0
0.272727	0.14876	0
0.280992	0.14876	0
0.289256	0.14876	0
0.297521	0.14876	0
0.305785	0.14876	0
0.31405	0.14876	0
0.322314	0.14876	0
0.330579	0.14876	0
0.338843	0.14876	0
0.347107	0.14876	0
0.355372	0.14876	0
0.363636	0.14876	0
0.371901	0.14876	0
0.380165	0.14876	0
0.38843	0.14876	0
0.396694	0.14876	0
0.404959	0.14876	0
0.413223	0.14876	0
0.421488	0.14876	0
0.429752	0.14876	0
0.438017	0.14876	0
0.446281	0.14876	0
0.454545	0.14876	0
0.46281	0.14876	0
0.471074	0.14876	0
0.479339	0.14876	0
0.487603	0.14876	0
0.495868	0.14876	0
0.504132	0.14876	0
0.512397	0.14876	0
0.520661	0.14876	0
0.528926	0.14876	0
0.53719	0.14876	0
0.545455	0.14876	0
0.553719	0.14876	0
0.561983	0.14876	0
0.570248	0.14876	0
0.578512	0.14876	0
0.586777	0.14876	0
0.595041	0.14876	0
0.603306	0.14876	0
0.61157	0.14876	0
0.619835	0.14876	0
0.628099	0.14876	0
0.636364	0.14876	0
0.644628	0.14876	0
0.652893	0.14876	0
0.661157	0.14876	0
0.669421	0.14876	0
0.677686	0.14876	0
0.68595	0.14876	0
0.694215	0.14876	0
0.702479	0.14876	0
0.710744	0.14876	0
0.719008	0.14876	0
0.727273	0.14876	0
0.735537	0.14876	0
0.743802	0.14876	0
0.752066	0.14876	0
0.760331	0.14876	0
0.768595	0.14876	0
0.77686	0.14876	0
0.785124	0.14876	0
0.793388	0.14876	0
0.801653	0.14876	0
0.809917	0.14876	0
0.818182	0.14876	0
0.826446	0.14876	0
0.834711	0.14876	0
0.842975	0.14876	0
0.85124	0.14876	0
0.859504	0.14876	0
0.867769	0.14876	0
0.876033	0.14876	0
0.884298	0.14876	0
0.892562	0.14876	0
0.900826	0.14876	0
0.909091	0.14876	0
0.917355	0.14876	0
0.92562	0.14876	0
0.933884	0.14876	0
0.942149	0.14876	0
0.950413	0.14876	0
0.958678	0.14876	0
0.966942	0.14876	0
0.975207	0.14876	0
0.983471	0.14876	0
0.991736	0.14876	0
1	0.14876	0
0.00826446	0.157025	0
0.0165289	0.157025	0
0.0247934	0.157025	0
0.0330579	0.157025	0
0.0413223	0.157025	0
0.0495868	0.157025	0
0.0578512	0.157025	0
0.0661157	0.157025	0
0.0743802	0.157025	0
0.0826446	0.157025	0
0.0909091	0.157025	0
0.0991736	0.157025	0
0.107438	0.157025	0
0.115702	0.157025	0
0.123967	0.157025	0
0.132231	0.157025	0
0.140496	0.157025	0
0.14876	0.157025	0
0.157025	0.157025	0
0.165289	0.157025	0
0.173554	0.157025	0
0.181818	0.157025	0
0.190083	0.157025	0
0.198347	0.157025	0
0.206612	0.157025	0
0.214876	0.157025	0
0.22314	0.157025	0
0.231405	0.157025	0
0.239669	0.157025	0
0.247934	0.157025	0
0.256198	0.157025	0
0.264463	0.157025	0
0.272727	0.157025	0
0.280992	0.157025	0
0.289256	0.157025	0
0.297521	0.157025	0
0.305785	0.157025	0
0.31405	0.157025	0
0.322314	0.157025	0
0.330579	0.157025	0
0.338843	0.157025	0
0.347107	0.157025	0
0.355372	0.157025	0
0.363636	0.157025	0
0.371901	0.157025	0
0.380165	0.157025	0
0.38843	0.157025	0
0.396694	0.157025	0
0.404959	0.157025	0
0.413223	0.157025	0
0.421488	0.157025	0
0.429752	0.157025	0
0.438017	0.157025	0
0.446281	0.157025	0
0.454545	0.157025	0
0.46281	0.157025	0
0.471074	0.157025	0
0.479339	0.157025	0
0.487603	0.157025	0
0.495868	0.157025	0
0.504132	0.157025	0
0.512397	0.157025	0
0.520661	0.157025	0
0.528926	0.157025	0
0.53719	0.157025	0
0.545455	0.157025	0
0.553719	0.157025	0
0.561983	0.157025	0
0.570248	0.157025	0
0.578512	0.157025	0
0.586777	0.157025	0
0.595041	0.157025	0
0.603306	0.157025	0
0.61157	0.157025	0
0.619835	0.157025	0
0.628099	0.157025	0
0.636364	0.157025	0
0.644628	0.157025	0
0.652893	0.157025	0
0.661157	0.157025	0
0.669421	0.157025	0
0.677686	0.157025	0
0.68595	0.157025	0
0.694215	0.157025	0
0.702479	0.157025	0
0.710744	0.157025	0
0.719008	0.157025	0
0.727273	0.157025	0
0.735537	0.157025	0
0.743802	0.157025	0
0.752066	0.157025	0
0.760331	0.157025	0
0.768595	0.157025	0
0.77686	0.157025	0
0.785124	0.157025	0
0.793388	0.157025	0
0.801653	0.157025	0
0.809917	0.157025	0
0.818182	0.157025	0
0.826446	0.157025	0
0.834711	0.157025	0
0.842975	0.157025	0
0.85124	0.157025	0
0.859504	0.157025	0
0.867769	0.157025	0
0.876033	0.157025	0
0.884298	0.157025	0
0.892562	0.157025	0
0.900826	0.157025	0
0.909091	0.157025	0
0.917355	0.157025	0
0.92562	0.157025	0
0.933884	0.157025	0
0.942149	0.157025	0
0.950413	0.157025	0
0.958678	0.157025	0
0.966942	0.157025	0
0.975207	0.157025	0
0.983471	0.157025	0
0.991736	0.157025	0
1	0.157025	0
0.00826446	0.165289	0
0.0165289	0.165289	0
0.0247934	0.165289	0
0.0330579	0.165289	0
0.0413223	0.165289	0
0.0495868	0.165289	0
0.0578512	0.165289	0
0.0661157	0.165289	0
0.0743802	0.165289	0
0.0826446	0.165289	0
0.0909091	0.165289	0
0.0991736	0.165289	0
0.107438	0.165289	0
0.115702	0.165289	0
0.123967	0.165289	0
0.132231	0.165289	0
0.140496	0.165289	0
0.14876	0.165289	0
0.157025	0.165289	0
0.165289	0.165289	0
0.173554	0.165289	0
0.181818	0.165289	0
0.190083	0.165289	0
0.198347	0.165289	0
0.206612	0.165289	0
0.214876	0.165289	0
0.22314	0.165289	0
0.231405	0.165289	0
0.239669	0.165289	0
0.247934	0.165289	0
0.256198	0.165289	0
0.264463	0.165289	0
0.272727	0.165289	0
0.280992	0.165289	0
0.289256	0.165289	0
0.297521	0.165289	0
0.305785	0.165289	0
0.31405	0.165289	0
0.322314	0.165289	0
0.330579	0.165289	0
0.338843	0.165289	0
0.347107	0.165289	0
0.355372	0.165289	0
0.363636	0.165289	0
0.371901	0.165289	0
0.380165	0.165289	0
0.38843	0.165289	0
0.396694	0.165289	0
0.404959	0.165289	0
0.413223	0.165289	0
0.421488	0.165289	0
0.429752	0.165289	0
0.438017	0.165289	0
0.446281	0.165289	0
0.454545	0.165289	0
0.46281	0.165289	0
0.471074	0.165289	0
0.479339	0.165289	0
0.487603	0.165289	0
0.495868	0.165289	0
0.504132	0.165289	0
0.512397	0.165289	0
0.520661	0.165289	0
0.528926	0.165289	0
0.53719	0.165289	0
0.545455	0.165289	0
0.553719	0.165289	0
0.561983	0.165289	0
0.570248	0.165289	0
0.578512	0.165289	0
0.586777	0.165289	0
0.595041	0.165289	0
0.603306	0.165289	0
0.61157	0.165289	0
0.619835	0.165289	0
0.628099	0.165289	0
0.636364	0.165289	0
0.644628	0.165289	0
0.652893	0.165289	0
0.661157	0.165289	0
0.669421	0.165289	0
0.677686	0.165289	0
0.68595	0.165289	0
0.694215	0.165289	0
0.702479	0.165289	0
0.710744	0.165289	0
0.719008	0.165289	0
0.727273	0.165289	0
0.735537	0.165289	0
0.743802	0.165289	0
0.752066	0.165289	0
0.760331	0.165289	0
0.768595	0.165289	0
0.77686	0.165289	0
0.785124	0.165289	0
0.793388	0.165289	0
0.801653	0.165289	0
0.809917	0.165289	0
0.818182	0.165289	0
0.826446	0.165289	0
0.834711	0.165289	0
0.842975	0.165289	0
0.85124	0.165289	0
0.859504	0.165289	0
0.867769	0.165289	0
0.876033	0.165289	0
0.884298	0.165289	0
0.892562	0.165289	0
0.900826	0.165289	0
0.909091	0.165289	0
0.917355	0.165289	0
0.92562	0.165289	0
0.933884	0.165289	0
0.942149	0.165289	0
0.950413	0.165289	0
0.958678	0.165289	0
0.966942	0.165289	0
0.975207	0.165289	0
0.983471	0.165289	0
0.991736	0.165289	0
1	0.165289	0
0.00826446	0.173554	0
0.0165289	0.173554	0
0.0247934	0.173554	0
0.0330579	0.173554	0
0.0413223	0.173554	0
0.0495868	0.173554	0
0.0578512	0.173554	0
0.0661157	0.173554	0
0.0743802	0.173554	0
0.0826446	0.173554	0
0.0909091	0.173554	0
0.0991736	0.173554	0
0.107438	0.173554	0
0.115702	0.173554	0
0.123967	0.173554	0
0.132231	0.173554	0
0.140496	0.173554	0
0.14876	0.173554	0
0.157025	0.173554	0
0.165289	0.173554	0
0.173554	0.173554	0
0.181818	0.173554	0
0.190083	0.173554	0
0.198347	0.173554	0
0.206612	0.173554	0
0.214876	0.173554	0
0.22314	0.173554	0
0.231405	0.173554	0
0.239669	0.173554	0
0.247934	0.173554	0
0.256198	0.173554	0
0.264463	0.173554	0
0.272727	0.173554	0
0.280992	0.173554	0
0.289256	0.173554	0
0.297521	0.173554	0
0.305785	0.173554	0
0.31405	0.173554	0
0.322314	0.173554	0
0.330579	0.173554	0
0.338843	0.173554	0
0.347107	0.173554	0
0.355372	0.173554	0
0.363636	0.173554	0
0.371901	0.173554	0
0.380165	0.173554	0
0.38843	0.173554	0
0.396694	0.173554	0
0.404959	0.173554	0
0.413223	0.173554	0
0.421488	0.173554	0
0.429752	0.173554	0
0.438017	0.173554	0
0.446281	0.173554	0
0.454545	0.173554	0
0.46281	0.173554	0
0.471074	0.173554	0
0.479339	0.173554	0
0.487603	0.173554	0
0.495868	0.173554	0
0.504132	0.173554	0
0.512397	0.173554	0
0.520661	0.173554	0
0.528926	0.173554	0
0.53719	0.173554	0
0.545455	0.173554	0
0.553719	0.173554	0
0.561983	0.173554	0
0.570248	0.173554	0
0.578512	0.173554	0
0.586777	0.173554	0
0.595041	0.173554	0
0.603306	0.173554	0
0.61157	0.173554	0
0.619835	0.173554	0
0.628099	0.173554	0
0.636364	0.173554	0
0.644628	0.173554	0
0.652893	0.173554	0
0.661157	0.173554	0
0.669421	0.173554	0
0.677686	0.173554	0
0.68595	0.173554	0
0.694215	0.173554	0
0.702479	0.173554	0
0.710744	0.173554	0
0.719008	0.173554	0
0.727273	0.173554	0
0.735537	0.173554	0
0.743802	0.173554	0
0.752066	0.173554	0
0.760331	0.173554	0
0.768595	0.173554	0
0.77686	0.173554	0
0.785124	0.173554	0
0.793388	0.173554	0
0.801653	0.173554	0
0.809917	0.173554	0
0.818182	0.173554	0
0.826446	0.173554	0
0.834711	0.173554	0
0.842975	0.173554	0
0.85124	0.173554	0
0.859504	0.173554	0
0.867769	0.173554	0
0.876033	0.173554	0
0.884298	0.173554	0
0.892562	0.173554	0
0.900826	0.173554	0
0.909091	0.173554	0
0.917355	0.173554	0
0.92562	0.173554	0
0.933884	0.173554	0
0.942149	0.173554	0
0.950413	0.173554	0
0.958678	0.173554	0
0.966942	0.173554	0
0.975207	0.173554	0
0.983471	0.173554	0
0.991736	0.173554	0
1	0.173554	0
0.00826446	0.181818	0
0.0165289	0.181818	0
0.0247934	0.181818	0
0.0330579	0.181818	0
0.0413223	0.181818	0
0.0495868	0.181818	0
0.0578512	0.181818	0
0.0661157	0.181818	0
0.0743802	0.181818	0
0.0826446	0.181818	0
0.0909091	0.181818	0
0.0991736	0.181818	0
0.107438	0.181818	0
0.115702	0.181818	0
0.123967	0.181818	0
0.132231	0.181818	0
0.140496	0.181818	0
0.14876	0.181818	0
0.157025	0.181818	0
0.165289	0.181818	0
0.173554	0.181818	0
0.181818	0.181818	0
0.190083	0.181818	0
0.198347	0.181818	0
0.206612	0.181818	0
0.214876	0.181818	0
0.22314	0.181818	0
0.231405	0.181818	0
0.239669	0.181818	0
0.247934	0.181818	0
0.256198	0.181818	0
0.264463	0.181818	0
0.272727	0.181818	0
0.280992	0.181818	0
0.289256	0.181818	0
0.297521	0.181818	0
0.305785	0.181818	0
0.31405	0.181818	0
0.322314	0.181818	0
0.330579	0.181818	0
0.338843	0.181818	0
0.347107	0.181818	0
0.355372	0.181818	0
0.363636	0.181818	0
0.371901	0.181818	0
0.380165	0.181818	0
0.38843	0.181818	0
0.396694	0.181818	0
0.404959	0.181818	0
0.413223	0.181818	0
0.421488	0.181818	0
0.429752	0.181818	0
0.438017	0.181818	0
0.446281	0.181818	0
0.454545	0.181818	0
0.46281	0.181818	0
0.471074	0.181818	0
0.479339	0.181818	0
0.487603	0.181818	0
0.495868	0.181818	0
0.504132	0.181818	0
0.512397	0.181818	0
0.520661	0.181818	0
0.528926	0.181818	0
0.53719	0.181818	0
0.545455	0.181818	0
0.553719	0.181818	0
0.561983	0.181818	0
0.570248	0.181818	0
0.578512	0.181818	0
0.586777	0.181818	0
0.595041	0.181818	0
0.603306	0.181818	0
0.61157	0.181818	0
0.619835	0.181818	0
0.628099	0.181818	0
0.636364	0.181818	0
0.644628	0.181818	0
0.652893	0.181818	0
0.661157	0.181818	0
0.669421	0.181818	0
0.677686	0.181818	0
0.68595	0.181818	0
0.694215	0.181818	0
0.702479	0.181818	0
0.710744	0.181818	0
0.719008	0.181818	0
0.727273	0.181818	0
0.735537	0.181818	0
0.743802	0.181818	0
0.752066	0.181818	0
0.760331	0.181818	0
0.768595	0.181818	0
0.77686	0.181818	0
0.785124	0.181818	0
0.793388	0.181818	0
0.801653	0.181818	0
0.809917	0.181818	0
0.818182	0.181818	0
0.826446	0.181818	0
0.834711	0.181818	0
0.842975	0.181818	0
0.85124	0.181818	0
0.859504	0.181818	0
0.867769	0.181818	0
0.876033	0.181818	0
0.884298	0.181818	0
0.892562	0.181818	0
0.900826	0.181818	0
0.909091	0.181818	0
0.917355	0.181818	0
0.92562	0.181818	0
0.933884	0.181818	0
0.942149	0.181818	0
0.950413	0.181818	0
0.958678	0.181818	0
0.966942	0.181818	0
0.975207	0.181818	0
0.983471	0.181818	0
0.991736	0.181818	0
1	0.181818	0
0.00826446	0.190083	0
0.0165289	0.190083	0
0.0247934	0.190083	0
0.0330579	0.190083	0
0.0413223	0.190083	0
0.0495868	0.190083	0
0.0578512	0.190083	0
0.0661157	0.190083	0
0.0743802	0.190083	0
0.0826446	0.190083	0
0.0909091	0.190083	0
0.0991736	0.190083	0
0.107438	0.190083	0
0.115702	0.190083	0
0.123967	0.190083	0
0.132231	0.190083	0
0.140496	0.190083	0
0.14876	0.190083	0
0.157025	0.190083	0
0.165289	0.190083	0
0.173554	0.190083	0
0.181818	0.190083	0
0.190083	0.190083	0
0.198347	0.190083	0
0.206612	0.190083	0
0.214876	0.190083	0
0.22314	0.190083	0
0.231405	0.190083	0
0.239669	0.190083	0
0.247934	0.190083	0
0.256198	0.190083	0
0.264463	0.190083	0
0.272727	0.190083	0
0.280992	0.190083	0
0.289256	0.190083	0
0.297521	0.190083	0
0.305785	0.190083	0
0.31405	0.190083	0
0.322314	0.190083	0
0.330579	0.190083	0
0.338843	0.190083	0
0.347107	0.190083	0
0.355372	0.190083	0
0.363636	0.190083	0
0.371901	0.190083	0
0.380165	0.190083	0
0.38843	0.190083	0
0.396694	0.190083	0
0.404959	0.190083	0
0.413223	0.190083	0
0.421488	0.190083	0
0.429752	0.190083	0
0.438017	0.190083	0
0.446281	0.190083	0
0.454545	0.190083	0
0.46281	0.190083	0
0.471074	0.190083	0
0.479339	0.190083	0
0.487603	0.190083	0
0.495868	0.190083	0
0.504132	0.190083	0
0.512397	0.190083	0
0.520661	0.190083	0
0.528926	0.190083	0
0.53719	0.190083	0
0.545455	0.190083	0
0.553719	0.190083	0
0.561983	0.190083	0
0.570248	0.190083	0
0.578512	0.190083	0
0.586777	0.190083	0
0.595041	0.190083	0
0.603306	0.190083	0
0.61157	0.190083	0
0.619835	0.190083	0
0.628099	0.190083	0
0.636364	0.190083	0
0.644628	0.190083	0
0.652893	0.190083	0
0.661157	0.190083	0
0.669421	0.190083	0
0.677686	0.190083	0
0.68595	0.190083	0
0.694215	0.190083	0
0.702479	0.190083	0
0.710744	0.190083	0
0.719008	0.190083	0
0.727273	0.190083	0
0.735537	0.190083	0
0.743802	0.190083	0
0.752066	0.190083	0
0.760331	0.190083	0
0.768595	0.190083	0
0.77686	0.190083	0
0.785124	0.190083	0
0.793388	0.190083	0
0.801653	0.190083	0
0.809917	0.190083	0
0.818182	0.190083	0
0.826446	0.190083	0
0.834711	0.190083	0
0.842975	0.190083	0
0.85124	0.190083	0
0.859504	0.190083	0
0.867769	0.190083	0
0.876033	0.190083	0
0.884298	0.190083	0
0.892562	0.190083	0
0.900826	0.190083	0
0.909091	0.190083	0
0.917355	0.190083	0
0.92562	0.190083	0
0.933884	0.190083	0
0.942149	0.190083	0
0.950413	0.190083	0
0.958678	0.190083	0
0.966942	0.190083	0
0.975207	0.190083	0
0.983471	0.190083	0
0.991736	0.190083	0
1	0.190083	0
0.00826446	0.198347	0
0.0165289	0.198347	0
0.0247934	0.198347	0
0.0330579	0.198347	0
0.0413223	0.198347	0
0.0495868	0.198347	0
0.0578512	0.198347	0
0.0661157	0.198347	0
0.0743802	0.198347	0
0.0826446	0.198347	0
0.0909091	0.198347	0
0.0991736	0.198347	0
0.107438	0.198347	0
0.115702	0.198347	0
0.123967	0.198347	0
0.132231	0.198347	0
0.140496	0.198347	0
0.14876	0.198347	0
0.157025	0.198347	0
0.165289	0.198347	0
0.173554	0.198347	0
0.181818	0.198347	0
0.190083	0.198347	0
0.198347	0.198347	0
0.206612	0.198347	0
0.214876	0.198347	0
0.22314	0.198347	0
0.231405	0.198347	0
0.239669	0.198347	0
0.247934	0.198347	0
0.256198	0.198347	0
0.264463	0.198347	0
0.272727	0.198347	0
0.280992	0.198347	0
0.289256	0.198347	0
0.297521	0.198347	0
0.305785	0.198347	0
0.31405	0.198347	0
0.322314	0.198347	0
0.330579	0.198347	0
0.338843	0.198347	0
0.347107	0.198347	0
0.355372	0.198347	0
0.363636	0.198347	0
0.371901	0.198347	0
0.380165	0.198347	0
0.38843	0.198347	0
0.396694	0.198347	0
0.404959	0.198347	0
0.413223	0.198347	0
0.421488	0.198347	0
0.429752	0.198347	0
0.438017	0.198347	0
0.446281	0.198347	0
0.454545	0.198347	0
0.46281	0.198347	0
0.471074	0.198347	0
0.479339	0.198347	0
0.487603	0.198347	0
0.495868	0.198347	0
0.504132	0.198347	0
0.512397	0.198347	0
0.520661	0.198347	0
0.528926	0.198347	0
0.53719	0.198347	0
0.545455	0.198347	0
0.553719	0.198347	0
0.561983	0.198347	0
0.570248	0.198347	0
0.578512	0.198347	0
0.586777	0.198347	0
0.595041	0.198347	0
0.603306	0.198347	0
0.61157	0.198347	0
0.619835	0.198347	0
0.628099	0.198347	0
0.636364	0.198347	0
0.644628	0.198347	0
0.652893	0.198347	0
0.661157	0.198347	0
0.669421	0.198347	0
0.677686	0.198347	0
0.68595	0.198347	0
0.694215	0.198347	0
0.702479	0.198347	0
0.710744	0.198347	0
0.719008	0.198347	0
0.727273	0.198347	0
0.735537	0.198347	0
0.743802	0.198347	0
0.752066	0.198347	0
0.760331	0.198347	0
0.768595	0.198347	0
0.77686	0.198347	0
0.785124	0.198347	0
0.793388	0.198347	0
0.801653	0.198347	0
0.809917	0.198347	0
0.818182	0.198347	0
0.826446	0.198347	0
0.834711	0.198347	0
0.842975	0.198347	0
0.85124	0.198347	0
0.859504	0.198347	0
0.867769	0.198347	0
0.876033	0.198347	0
0.884298	0.198347	0
0.892562	0.198347	0
0.900826	0.198347	0
0.909091	0.198347	0
0.917355	0.198347	0
0.92562	0.198347	0
0.933884	0.198347	0
0.942149	0.198347	0
0.950413	0.198347	0
0.958678	0.198347	0
0.966942	0.198347	0
0.975207	0.198347	0
0.983471	0.198347	0
0.991736	0.198347	0
1	0.198347	0
0.00826446	0.206612	0
0.0165289	0.206612	0
0.0247934	0.206612	0
0.0330579	0.206612	0
0.0413223	0.206612	0
0.0495868	0.206612	0
0.0578512	0.206612	0
0.0661157	0.206612	0
0.0743802	0.206612	0
0.0826446	0.206612	0
0.0909091	0.206612	0
0.0991736	0.206612	0
0.107438	0.206612	0
0.115702	0.206612	0
0.123967	0.206612	0
0.132231	0.206612	0
0.140496	0.206612	0
0.14876	0.206612	0
0.157025	0.206612	0
0.165289	0.206612	0
0.173554	0.206612	0
0.181818	0.206612	0
0.190083	0.206612	0
0.198347	0.206612	0
0.206612	0.206612	0
0.214876	0.206612	0
0.22314	0.206612	0
0.231405	0.206612	0
0.239669	0.206612	0
0.247934	0.206612	0
0.256198	0.206612	0
0.264463	0.206612	0
0.272727	0.206612	0
0.280992	0.206612	0
0.289256	0.206612	0
0.297521	0.206612	0
0.305785	0.206612	0
0.31405	0.206612	0
0.322314	0.206612	0
0.330579	0.206612	0
0.338843	0.206612	0
0.347107	0.206612	0
0.355372	0.206612	0
0.363636	0.206612	0
0.371901	0.206612	0
0.380165	0.206612	0
0.38843	0.206612	0
0.396694	0.206612	0
0.404959	0.206612	0
0.413223	0.206612	0
0.421488	0.206612	0
0.429752	0.206612	0
0.438017	0.206612	0
0.446281	0.206612	0
0.454545	0.206612	0
0.46281	0.206612	0
0.471074	0.206612	0
0.479339	0.206612	0
0.487603	0.206612	0
0.495868	0.206612	0
0.504132	0.206612	0
0.512397	0.206612	0
0.520661	0.206612	0
0.528926	0.206612	0
0.53719	0.206612	0
0.545455	0.206612	0
0.553719	0.206612	0
0.561983	0.206612	0
0.570248	0.206612	0
0.578512	0.206612	0
0.586777	0.206612	0
0.595041	0.206612	0
0.603306	0.206612	0
0.61157	0.206612	0
0.619835	0.206612	0
0.628099	0.206612	0
0.636364	0.206612	0
0.644628	0.206612	0
0.652893	0.206612	0
0.661157	0.206612	0
0.669421	0.206612	0
0.677686	0.206612	0
0.68595	0.206612	0
0.694215	0.206612	0
0.702479	0.206612	0
0.710744	0.206612	0
0.719008	0.206612	0
0.727273	0.206612	0
0.735537	0.206612	0
0.743802	0.206612	0
0.752066	0.206612	0
0.760331	0.206612	0
0.768595	0.206612	0
0.77686	0.206612	0
0.785124	0.206612	0
0.793388	0.206612	0
0.801653	0.206612	0
0.809917	0.206612	0
0.818182	0.206612	0
0.826446	0.206612	0
0.834711	0.206612	0
0.842975	0.206612	0
0.85124	0.206612	0
0.859504	0.206612	0
0.867769	0.206612	0
0.876033	0.206612	0
0.884298	0.206612	0
0.892562	0.206612	0
0.900826	0.206612	0
0.909091	0.206612	0
0.917355	0.206612	0
0.92562	0.206612	0
0.933884	0.206612	0
0.942149	0.206612	0
0.950413	0.206612	0
0.958678	0.206612	0
0.966942	0.206612	0
0.975207	0.206612	0
0.983471	0.206612	0
0.991736	0.206612	0
1	0.206612	0
0.00826446	0.214876	0
0.0165289	0.214876	0
0.0247934	0.214876	0
0.0330579	0.214876	0
0.0413223	0.214876	0
0.0495868	0.214876	0
0.0578512	0.214876	0
0.0661157	0.214876	0
0.0743802	0.214876	0
0.0826446	0.214876	0
0.0909091	0.214876	0
0.0991736	0.214876	0
0.107438	0.214876	0
0.115702	0.214876	0
0.123967	0.214876	0
0.132231	0.214876	0
0.140496	0.214876	0
0.14876	0.214876	0
0.157025	0.214876	0
0.165289	0.214876	0
0.173554	0.214876	0
0.181818	0.214876	0
0.190083	0.214876	0
0.198347	0.214876	0
0.206612	0.214876	0
0.214876	0.214876	0
0.22314	0.214876	0
0.231405	0.214876	0
0.239669	0.214876	0
0.247934	0.214876	0
0.256198	0.214876	0
0.264463	0.214876	0
0.272727	0.214876	0
0.280992	0.214876	0
0.289256	0.214876	0
0.297521	0.214876	0
0.305785	0.214876	0
0.31405	0.214876	0
0.322314	0.214876	0
0.330579	0.214876	0
0.338843	0.214876	0
0.347107	0.214876	0
0.355372	0.214876	0
0.363636	0.214876	0
0.371901	0.214876	0
0.380165	0.214876	0
0.38843	0.214876	0
0.396694	0.214876	0
0.404959	0.214876	0
0.413223	0.214876	0
0.421488	0.214876	0
0.429752	0.214876	0
0.438017	0.214876	0
0.446281	0.214876	0
0.454545	0.214876	0
0.46281	0.214876	0
0.471074	0.214876	0
0.479339	0.214876	0
0.487603	0.214876	0
0.495868	0.214876	0
0.504132	0.214876	0
0.512397	0.214876	0
0.520661	0.214876	0
0.528926	0.214876	0
0.53719	0.214876	0
0.545455	0.214876	0
0.553719	0.214876	0
0.561983	0.214876	0
0.570248	0.214876	0
0.578512	0.214876	0
0.586777	0.214876	0
0.595041	0.214876	0
0.603306	0.214876	0
0.61157	0.214876	0
0.619835	0.214876	0
0.628099	0.214876	0
0.636364	0.214876	0
0.644628	0.214876	0
0.652893	0.214876	0
0.661157	0.214876	0
0.669421	0.214876	0
0.677686	0.214876	0
0.68595	0.214876	0
0.694215	0.214876	0
0.702479	0.214876	0
0.710744	0.214876	0
0.719008	0.214876	0
0.727273	0.214876	0
0.735537	0.214876	0
0.743802	0.214876	0
0.752066	0.214876	0
0.760331	0.214876	0
0.768595	0.214876	0
0.77686	0.214876	0
0.785124	0.214876	0
0.793388	0.214876	0
0.801653	0.214876	0
0.809917	0.214876	0
0.818182	0.214876	0
0.826446	0.214876	0
0.834711	0.214876	0
0.842975	0.214876	0
0.85124	0.214876	0
0.859504	0.214876	0
0.867769	0.214876	0
0.876033	0.214876	0
0.884298	0.214876	0
0.892562	0.214876	0
0.900826	0.214876	0
0.909091	0.214876	0
0.917355	0.214876	0
0.92562	0.214876	0
0.933884	0.214876	0
0.942149	0.214876	0
0.950413	0.214876	0
0.958678	0.214876	0
0.966942	0.214876	0
0.975207	0.214876	0
0.983471	0.214876	0
0.991736	0.214876	0
1	0.214876	0
0.00826446	0.22314	0
0.0165289	0.22314	0
0.0247934	0.22314	0
0.0330579	0.22314	0
0.0413223	0.22314	0
0.0495868	0.22314	0
0.0578512	0.22314	0
0.0661157	0.22314	0
0.0743802	0.22314	0
0.0826446	0.22314	0
0.0909091	0.22314	0
0.0991736	0.22314	0
0.107438	0.22314	0
0.115702	0.22314	0
0.123967	0.22314	0
0.132231	0.22314	0
0.140496	0.22314	0
0.14876	0.22314	0
0.157025	0.22314	0
0.165289	0.22314	0
0.173554	0.22314	0
0.181818	0.22314	0
0.190083	0.22314	0
0.198347	0.22314	0
0.206612	0.22314	0
0.214876	0.22314	0
0.22314	0.22314	0
0.231405	0.22314	0
0.239669	0.22314	0
0.247934	0.22314	0
0.256198	0.22314	0
0.264463	0.22314	0
0.272727	0.22314	0
0.280992	0.22314	0
0.289256	0.22314	0
0.297521	0.22314	0
0.305785	0.22314	0
0.31405	0.22314	0
0.322314	0.22314	0
0.330579	0.22314	0
0.338843	0.22314	0
0.347107	0.22314	0
0.355372	0.22314	0
0.363636	0.22314	0
0.371901	0.22314	0
0.380165	0.22314	0
0.38843	0.22314	0
0.396694	0.22314	0
0.404959	0.22314	0
0.413223	0.22314	0
0.421488	0.22314	0
0.429752	0.22314	0
0.438017	0.22314	0
0.446281	0.22314	0
0.454545	0.22314	0
0.46281	0.22314	0
0.471074	0.22314	0
0.479339	0.22314	0
0.487603	0.22314	0
0.495868	0.22314	0
0.504132	0.22314	0
0.512397	0.22314	0
0.520661	0.22314	0
0.528926	0.22314	0
0.53719	0.22314	0
0.545455	0.22314	0
0.553719	0.22314	0
0.561983	0.22314	0
0.570248	0.22314	0
0.578512	0.22314	0
0.586777	0.22314	0
0.595041	0.22314	0
0.603306	0.22314	0
0.61157	0.22314	0
0.619835	0.22314	0
0.628099	0.22314	0
0.636364	0.22314	0
0.644628	0.22314	0
0.652893	0.22314	0
0.661157	0.22314	0
0.669421	0.22314	0
0.677686	0.22314	0
0.68595	0.22314	0
0.694215	0.22314	0
0.702479	0.22314	0
0.710744	0.22314	0
0.719008	0.22314	0
0.727273	0.22314	0
0.735537	0.22314	0
0.743802	0.22314	0
0.752066	0.22314	0
0.760331	0.22314	0
0.768595	0.22314	0
0.77686	0.22314	0
0.785124	0.22314	0
0.793388	0.22314	0
0.801653	0.22314	0
0.809917	0.22314	0
0.818182	0.22314	0
0.826446	0.22314	0
0.834711	0.22314	0
0.842975	0.22314	0
0.85124	0.22314	0
0.859504	0.22314	0
0.867769	0.22314	0
0.876033	0.22314	0
0.884298	0.22314	0
0.892562	0.22314	0
0.900826	0.22314	0
0.909091	0.22314	0
0.917355	0.22314	0
0.92562	0.22314	0
0.933884	0.22314	0
0.942149	0.22314	0
0.950413	0.22314	0
0.958678	0.22314	0
0.966942	0.22314	0
0.975207	0.22314	0
0.983471	0.22314	0
0.991736	0.22314	0
1	0.22314	0
0.00826446	0.231405	0
0.0165289	0.231405	0
0.0247934	0.231405	0
0.0330579	0.231405	0
0.0413223	0.231405	0
0.0495868	0.231405	0
0.0578512	0.231405	0
0.0661157	0.231405	0
0.0743802	0.231405	0
0.0826446	0.231405	0
0.0909091	0.231405	0
0.0991736	0.231405	0
0.107438	0.231405	0
0.115702	0.231405	0
0.123967	0.231405	0
0.132231	0.231405	0
0.140496	0.231405	0
0.14876	0.231405	0
0.157025	0.231405	0
0.165289	0.231405	0
0.173554	0.231405	0
0.181818	0.231405	0
0.190083	0.231405	0
0.198347	0.231405	0
0.206612	0.231405	0
0.214876	0.231405	0
0.22314	0.231405	0
0.231405	0.231405	0
0.239669	0.231405	0
0.247934	0.231405	0
0.256198	0.231405	0
0.264463	0.231405	0
0.272727	0.231405	0
0.280992	0.231405	0
0.289256	0.231405	0
0.297521	0.231405	0
0.305785	0.231405	0
0.31405	0.231405	0
0.322314	0.231405	0
0.330579	0.231405	0
0.338843	0.231405	0
0.347107	0.231405	0
0.355372	0.231405	0
0.363636	0.231405	0
0.371901	0.231405	0
0.380165	0.231405	0
0.38843	0.231405	0
0.396694	0.231405	0
0.404959	0.231405	0
0.413223	0.231405	0
0.421488	0.231405	0
0.429752	0.231405	0
0.438017	0.231405	0
0.446281	0.231405	0
0.454545	0.231405	0
0.46281	0.231405	0
0.471074	0.231405	0
0.479339	0.231405	0
0.487603	0.231405	0
0.495868	0.231405	0
0.504132	0.231405	0
0.512397	0.231405	0
0.520661	0.231405	0
0.528926	0.231405	0
0.53719	0.231405	0
0.545455	0.231405	0
0.553719	0.231405	0
0.561983	0.231405	0
0.570248	0.231405	0
0.578512	0.231405	0
0.586777	0.231405	0
0.595041	0.231405	0
0.603306	0.231405	0
0.61157	0.231405	0
0.619835	0.231405	0
0.628099	0.231405	0
0.636364	0.231405	0
0.644628	0.231405	0
0.652893	0.231405	0
0.661157	0.231405	0
0.669421	0.231405	0
0.677686	0.231405	0
0.68595	0.231405	0
0.694215	0.231405	0
0.702479	0.231405	0
0.710744	0.231405	0
0.719008	0.231405	0
0.727273	0.231405	0
0.735537	0.231405	0
0.743802	0.231405	0
0.752066	0.231405	0
0.760331	0.231405	0
0.768595	0.231405	0
0.77686	0.231405	0
0.785124	0.231405	0
0.793388	0.231405	0
0.801653	0.231405	0
0.809917	0.231405	0
0.818182	0.231405	0
0.826446	0.231405	0
0.834711	0.231405	0
0.842975	0.231405	0
0.85124	0.231405	0
0.859504	0.231405	0
0.867769	0.231405	0
0.876033	0.231405	0
0.884298	0.231405	0
0.892562	0.231405	0
0.900826	0.231405	0
0.909091	0.231405	0
0.917355	0.231405	0
0.92562	0.231405	0
0.933884	0.231405	0
0.942149	0.231405	0
0.950413	0.231405	0
0.958678	0.231405	0
0.966942	0.231405	0
0.975207	0.231405	0
0.983471	0.231405	0
0.991736	0.231405	0
1	0.231405	0
0.00826446	0.239669	0
0.0165289	0.239669	0
0.0247934	0.239669	0
0.0330579	0.239669	0
0.0413223	0.239669	0
0.0495868	0.239669	0
0.0578512	0.239669	0
0.0661157	0.239669	0
0.0743802	0.239669	0
0.0826446	0.239669	0
0.0909091	0.239669	0
0.0991736	0.239669	0
0.107438	0.239669	0
0.115702	0.239669	0
0.123967	0.239669	0
0.132231	0.239669	0
0.140496	0.239669	0
0.14876	0.239669	0
0.157025	0.239669	0
0.165289	0.239669	0
0.173554	0.239669	0
0.181818	0.239669	0
0.190083	0.239669	0
0.198347	0.239669	0
0.206612	0.239669	0
0.214876	0.239669	0
0.22314	0.239669	0
0.231405	0.239669	0
0.239669	0.239669	0
0.247934	0.239669	0
0.256198	0.239669	0
0.264463	0.239669	0
0.272727	0.239669	0
0.280992	0.239669	0
0.289256	0.239669	0
0.297521	0.239669	0
0.305785	0.239669	0
0.31405	0.239669	0
0.322314	0.239669	0
0.330579	0.239669	0
0.338843	0.239669	0
0.347107	0.239669	0
0.355372	0.239669	0
0.363636	0.239669	0
0.371901	0.239669	0
0.380165	0.239669	0
0.38843	0.239669	0
0.396694	0.239669	0
0.404959	0.239669	0
0.413223	0.239669	0
0.421488	0.239669	0
0.429752	0.239669	0
0.438017	0.239669	0
0.446281	0.239669	0
0.454545	0.239669	0
0.46281	0.239669	0
0.471074	0.239669	0
0.479339	0.239669	0
0.487603	0.239669	0
0.495868	0.239669	0
0.504132	0.239669	0
0.512397	0.239669	0
0.520661	0.239669	0
0.528926	0.239669	0
0.53719	0.239669	0
0.545455	0.239669	0
0.553719	0.239669	0
0.561983	0.239669	0
0.570248	0.239669	0
0.578512	0.239669	0
0.586777	0.239669	0
0.595041	0.239669	0
0.603306	0.239669	0
0.61157	0.239669	0
0.619835	0.239669	0
0.628099	0.239669	0
0.636364	0.239669	0
0.644628	0.239669	0
0.652893	0.239669	0
0.661157	0.239669	0
0.669421	0.239669	0
0.677686	0.239669	0
0.68595	0.239669	0
0.694215	0.239669	0
0.702479	0.239669	0
0.710744	0.239669	0
0.719008	0.239669	0
0.727273	0.239669	0
0.735537	0.239669	0
0.743802	0.239669	0
0.752066	0.239669	0
0.760331	0.239669	0
0.768595	0.239669	0
0.77686	0.239669	0
0.785124	0.239669	0
0.793388	0.239669	0
0.801653	0.239669	0
0.809917	0.239669	0
0.818182	0.239669	0
0.826446	0.239669	0
0.834711	0.239669	0
0.842975	0.239669	0
0.85124	0.239669	0
0.859504	0.239669	0
0.867769	0.239669	0
0.876033	0.239669	0
0.884298	0.239669	0
0.892562	0.239669	0
0.900826	0.239669	0
0.909091	0.239669	0
0.917355	0.239669	0
0.92562	0.239669	0
0.933884	0.239669	0
0.942149	0.239669	0
0.950413	0.239669	0
0.958678	0.239669	0
0.966942	0.239669	0
0.975207	0.239669	0
0.983471	0.239669	0
0.991736	0.239669	0
1	0.239669	0
0.00826446	0.247934	0
0.0165289	0.247934	0
0.0247934	0.247934	0
0.0330579	0.247934	0
0.0413223	0.247934	0
0.0495868	0.247934	0
0.0578512	0.247934	0
0.0661157	0.247934	0
0.0743802	0.247934	0
0.0826446	0.247934	0
0.0909091	0.247934	0
0.0991736	0.247934	0
0.107438	0.247934	0
0.115702	0.247934	0
0.123967	0.247934	0
0.132231	0.247934	0
0.140496	0.247934	0
0.14876	0.247934	0
0.157025	0.247934	0
0.165289	0.247934	0
0.173554	0.247934	0
0.181818	0.247934	0
0.190083	0.247934	0
0.198347	0.247934	0
0.206612	0.247934	0
0.214876	0.247934	0
0.22314	0.247934	0
0.231405	0.247934	0
0.239669	0.247934	0
0.247934	0.247934	0
0.256198	0.247934	0
0.264463	0.247934	0
0.272727	0.247934	0
0.280992	0.247934	0
0.289256	0.247934	0
0.297521	0.247934	0
0.305785	0.247934	0
0.31405	0.247934	0
0.322314	0.247934	0
0.330579	0.247934	0
0.338843	0.247934	0
0.347107	0.247934	0
0.355372	0.247934	0
0.363636	0.247934	0
0.371901	0.247934	0
0.380165	0.247934	0
0.38843	0.247934	0
0.396694	0.247934	0
0.404959	0.247934	0
0.413223	0.247934	0
0.421488	0.247934	0
0.429752	0.247934	0
0.438017	0.247934	0
0.446281	0.247934	0
0.454545	0.247934	0
0.46281	0.247934	0
0.471074	0.247934	0
0.479339	0.247934	0
0.487603	0.247934	0
0.495868	0.247934	0
0.504132	0.247934	0
0.512397	0.247934	0
0.520661	0.247934	0
0.528926	0.247934	0
0.53719	0.247934	0
0.545455	0.247934	0
0.553719	0.247934	0
0.561983	0.247934	0
0.570248	0.247934	0
0.578512	0.247934	0
0.586777	0.247934	0
0.595041	0.247934	0
0.603306	0.247934	0
0.61157	0.247934	0
0.619835	0.247934	0
0.628099	0.247934	0
0.636364	0.247934	0
0.644628	0.247934	0
0.652893	0.247934	0
0.661157	0.247934	0
0.669421	0.247934	0
0.677686	0.247934	0
0.68595	0.247934	0
0.694215	0.247934	0
0.702479	0.247934	0
0.710744	0.247934	0
0.719008	0.247934	0
0.727273	0.247934	0
0.735537	0.247934	0
0.743802	0.247934	0
0.752066	0.247934	0
0.760331	0.247934	0
0.768595	0.247934	0
0.77686	0.247934	0
0.785124	0.247934	0
0.793388	0.247934	0
0.801653	0.247934	0
0.809917	0.247934	0
0.818182	0.247934	0
0.826446	0.247934	0
0.834711	0.247934	0
0.842975	0.247934	0
0.85124	0.247934	0
0.859504	0.247934	0
0.867769	0.247934	0
0.876033	0.247934	0
0.884298	0.247934	0
0.892562	0.247934	0
0.900826	0.247934	0
0.909091	0.247934	0
0.917355	0.247934	0
0.92562	0.247934	0
0.933884	0.247934	0
0.942149	0.247934	0
0.950413	0.247934	0
0.958678	0.247934	0
0.966942	0.247934	0
0.975207	0.247934	0
0.983471	0.247934	0
0.991736	0.247934	0
1	0.247934	0
0.00826446	0.256198	0
0.0165289	0.256198	0
0.0247934	0.256198	0
0.0330579	0.256198	0
0.0413223	0.256198	0
0.0495868	0.256198	0
0.0578512	0.256198	0
0.0661157	0.256198	0
0.0743802	0.256198	0
0.0826446	0.256198	0
0.0909091	0.256198	0
0.0991736	0.256198	0
0.107438	0.256198	0
0.115702	0.256198	0
0.123967	0.256198	0
0.132231	0.256198	0
0.140496	0.256198	0
0.14876	0.256198	0
0.157025	0.256198	0
0.165289	0.256198	0
0.173554	0.256198	0
0.181818	0.256198	0
0.190083	0.256198	0
0.198347	0.256198	0
0.206612	0.256198	0
0.214876	0.256198	0
0.22314	0.256198	0
0.231405	0.256198	0
0.239669	0.256198	0
0.247934	0.256198	0
0.256198	0.256198	0
0.264463	0.256198	0
0.272727	0.256198	0
0.280992	0.256198	0
0.289256	0.256198	0
0.297521	0.256198	0
0.305785	0.256198	0
0.31405	0.256198	0
0.322314	0.256198	0
0.330579	0.256198	0
0.338843	0.256198	0
0.347107	0.256198	0
0.355372	0.256198	0
0.363636	0.256198	0
0.371901	0.256198	0
0.380165	0.256198	0
0.38843	0.256198	0
0.396694	0.256198	0
0.404959	0.256198	0
0.413223	0.256198	0
0.421488	0.256198	0
0.429752	0.256198	0
0.438017	0.256198	0
0.446281	0.256198	0
0.454545	0.256198	0
0.46281	0.256198	0
0.471074	0.256198	0
0.479339	0.256198	0
0.487603	0.256198	0
0.495868	0.256198	0
0.504132	0.256198	0
0.512397	0.256198	0
0.520661	0.256198	0
0.528926	0.256198	0
0.53719	0.256198	0
0.545455	0.256198	0
0.553719	0.256198	0
0.561983	0.256198	0
0.570248	0.256198	0
0.578512	0.256198	0
0.586777	0.256198	0
0.595041	0.256198	0
0.603306	0.256198	0
0.61157	0.256198	0
0.619835	0.256198	0
0.628099	0.256198	0
0.636364	0.256198	0
0.644628	0.256198	0
0.652893	0.256198	0
0.661157	0.256198	0
0.669421	0.256198	0
0.677686	0.256198	0
0.68595	0.256198	0
0.694215	0.256198	0
0.702479	0.256198	0
0.710744	0.256198	0
0.719008	0.256198	0
0.727273	0.256198	0
0.735537	0.256198	0
0.743802	0.256198	0
0.752066	0.256198	0
0.760331	0.256198	0
0.768595	0.256198	0
0.77686	0.256198	0
0.785124	0.256198	0
0.793388	0.256198	0
0.801653	0.256198	0
0.809917	0.256198	0
0.818182	0.256198	0
0.826446	0.256198	0
0.834711	0.256198	0
0.842975	0.256198	0
0.85124	0.256198	0
0.859504	0.256198	0
0.867769	0.256198	0
0.876033	0.256198	0
0.884298	0.256198	0
0.892562	0.256198	0
0.900826	0.256198	0
0.909091	0.256198	0
0.917355	0.256198	0
0.92562	0.256198	0
0.933884	0.256198	0
0.942149	0.256198	0
0.950413	0.256198	0
0.958678	0.256198	0
0.966942	0.256198	0
0.975207	0.256198	0
0.983471	0.256198	0
0.991736	0.256198	0
1	0.256198	0
0.00826446	0.264463	0
0.0165289	0.264463	0
0.0247934	0.264463	0
0.0330579	0.264463	0
0.0413223	0.264463	0
0.0495868	0.264463	0
0.0578512	0.264463	0
0.0661157	0.264463	0
0.0743802	0.264463	0
0.0826446	0.264463	0
0.0909091	0.264463	0
0.0991736	0.264463	0
0.107438	0.264463	0
0.115702	0.264463	0
0.123967	0.264463	0
0.132231	0.264463	0
0.140496	0.264463	0
0.14876	0.264463	0
0.157025	0.264463	0
0.165289	0.264463	0
0.173554	0.264463	0
0.181818	0.264463	0
0.190083	0.264463	0
0.198347	0.264463	0
0.206612	0.264463	0
0.214876	0.264463	0
0.22314	0.264463	0
0.231405	0.264463	0
0.239669	0.264463	0
0.247934	0.264463	0
0.256198	0.264463	0
0.264463	0.264463	0
0.272727	0.264463	0
0.280992	0.264463	0
0.289256	0.264463	0
0.297521	0.264463	0
0.305785	0.264463	0
0.31405	0.264463	0
0.322314	0.264463	0
0.330579	0.264463	0
0.338843	0.264463	0
0.347107	0.264463	0
0.355372	0.264463	0
0.363636	0.264463	0
0.371901	0.264463	0
0.380165	0.264463	0
0.38843	0.264463	0
0.396694	0.264463	0
0.404959	0.264463	0
0.413223	0.264463	0
0.421488	0.264463	0
0.429752	0.264463	0
0.438017	0.264463	0
0.446281	0.264463	0
0.454545	0.264463	0
0.46281	0.264463	0
0.471074	0.264463	0
0.479339	0.264463	0
0.487603	0.264463	0
0.495868	0.264463	0
0.504132	0.264463	0
0.512397	0.264463	0
0.520661	0.264463	0
0.528926	0.264463	0
0.53719	0.264463	0
0.545455	0.264463	0
0.553719	0.264463	0
0.561983	0.264463	0
0.570248	0.264463	0
0.578512	0.264463	0
0.586777	0.264463	0
0.595041	0.264463	0
0.603306	0.264463	0
0.61157	0.264463	0
0.619835	0.264463	0
0.628099	0.264463	0
0.636364	0.264463	0
0.644628	0.264463	0
0.652893	0.264463	0
0.661157	0.264463	0
0.669421	0.264463	0
0.677686	0.264463	0
0.68595	0.264463	0
0.694215	0.264463	0
0.702479	0.264463	0
0.710744	0.264463	0
0.719008	0.264463	0
0.727273	0.264463	0
0.735537	0.264463	0
0.743802	0.264463	0
0.752066	0.264463	0
0.760331	0.264463	0
0.768595	0.264463	0
0.77686	0.264463	0
0.785124	0.264463	0
0.793388	0.264463	0
0.801653	0.264463	0
0.809917	0.264463	0
0.818182	0.264463	0
0.826446	0.264463	0
0.834711	0.264463	0
0.842975	0.264463	0
0.85124	0.264463	0
0.859504	0.264463	0
0.867769	0.264463	0
0.876033	0.264463	0
0.884298	0.264463	0
0.892562	0.264463	0
0.900826	0.264463	0
0.909091	0.264463	0
0.917355	0.264463	0
0.92562	0.264463	0
0.933884	0.264463	0
0.942149	0.264463	0
0.950413	0.264463	0
0.958678	0.264463	0
0.966942	0.264463	0
0.975207	0.264463	0
0.983471	0.264463	0
0.991736	0.264463	0
1	0.264463	0
0.00826446	0.272727	0
0.0165289	0.272727	0
0.0247934	0.272727	0
0.0330579	0.272727	0
0.0413223	0.272727	0
0.0495868	0.272727	0
0.0578512	0.272727	0
0.0661157	0.272727	0
0.0743802	0.272727	0
0.0826446	0.272727	0
0.0909091	0.272727	0
0.0991736	0.272727	0
0.107438	0.272727	0
0.115702	0.272727	0
0.123967	0.272727	0
0.132231	0.272727	0
0.140496	0.272727	0
0.14876	0.272727	0
0.157025	0.272727	0
0.165289	0.272727	0
0.173554	0.272727	0
0.181818	0.272727	0
0.190083	0.272727	0
0.198347	0.272727	0
0.206612	0.272727	0
0.214876	0.272727	0
0.22314	0.272727	0
0.231405	0.272727	0
0.239669	0.272727	0
0.247934	0.272727	0
0.256198	0.272727	0
0.264463	0.272727	0
0.272727	0.272727	0
0.280992	0.272727	0
0.289256	0.272727	0
0.297521	0.272727	0
0.305785	0.272727	0
0.31405	0.272727	0
0.322314	0.272727	0
0.330579	0.272727	0
0.338843	0.272727	0
0.347107	0.272727	0
0.355372	0.272727	0
0.363636	0.272727	0
0.371901	0.272727	0
0.380165	0.272727	0
0.38843	0.272727	0
0.396694	0.272727	0
0.404959	0.272727	0
0.413223	0.272727	0
0.421488	0.272727	0
0.429752	0.272727	0
0.438017	0.272727	0
0.446281	0.272727	0
0.454545	0.272727	0
0.46281	0.272727	0
0.471074	0.272727	0
0.479339	0.272727	0
0.487603	0.272727	0
0.495868	0.272727	0
0.504132	0.272727	0
0.512397	0.272727	0
0.520661	0.272727	0
0.528926	0.272727	0
0.53719	0.272727	0
0.545455	0.272727	0
0.553719	0.272727	0
0.561983	0.272727	0
0.570248	0.272727	0
0.578512	0.272727	0
0.586777	0.272727	0
0.595041	0.272727	0
0.603306	0.272727	0
0.61157	0.272727	0
0.619835	0.272727	0
0.628099	0.272727	0
0.636364	0.272727	0
0.644628	0.272727	0
0.652893	0.272727	0
0.661157	0.272727	0
0.669421	0.272727	0
0.677686	0.272727	0
0.68595	0.272727	0
0.694215	0.272727	0
0.702479	0.272727	0
0.710744	0.272727	0
0.719008	0.272727	0
0.727273	0.272727	0
0.735537	0.272727	0
0.743802	0.272727	0
0.752066	0.272727	0
0.760331	0.272727	0
0.768595	0.272727	0
0.77686	0.272727	0
0.785124	0.272727	0
0.793388	0.272727	0
0.801653	0.272727	0
0.809917	0.272727	0
0.818182	0.272727	0
0.826446	0.272727	0
0.834711	0.272727	0
0.842975	0.272727	0
0.85124	0.272727	0
0.859504	0.272727	0
0.867769	0.272727	0
0.876033	0.272727	0
0.884298	0.272727	0
0.892562	0.272727	0
0.900826	0.272727	0
0.909091	0.272727	0
0.917355	0.272727	0
0.92562	0.272727	0
0.933884	0.272727	0
0.942149	0.272727	0
0.950413	0.272727	0
0.958678	0.272727	0
0.966942	0.272727	0
0.975207	0.272727	0
0.983471	0.272727	0
0.991736	0.272727	0
1	0.272727	0
0.00826446	0.280992	0
0.0165289	0.280992	0
0.0247934	0.280992	0
0.0330579	0.280992	0
0.0413223	0.280992	0
0.0495868	0.280992	0
0.0578512	0.280992	0
0.0661157	0.280992	0
0.0743802	0.280992	0
0.0826446	0.280992	0
0.0909091	0.280992	0
0.0991736	0.280992	0
0.107438	0.280992	0
0.115702	0.280992	0
0.123967	0.280992	0
0.132231	0.280992	0
0.140496	0.280992	0
0.14876	0.280992	0
0.157025	0.280992	0
0.165289	0.280992	0
0.173554	0.280992	0
0.181818	0.280992	0
0.190083	0.280992	0
0.198347	0.280992	0
0.206612	0.280992	0
0.214876	0.280992	0
0.22314	0.280992	0
0.231405	0.280992	0
0.239669	0.280992	0
0.247934	0.280992	0
0.256198	0.280992	0
0.264463	0.280992	0
0.272727	0.280992	0
0.280992	0.280992	0
0.289256	0.280992	0
0.297521	0.280992	0
0.305785	0.280992	0
0.31405	0.280992	0
0.322314	0.280992	0
0.330579	0.280992	0
0.338843	0.280992	0
0.347107	0.280992	0
0.355372	0.280992	0
0.363636	0.280992	0
0.371901	0.280992	0
0.380165	0.280992	0
0.38843	0.280992	0
0.396694	0.280992	0
0.404959	0.280992	0
0.413223	0.280992	0
0.421488	0.280992	0
0.429752	0.280992	0
0.438017	0.280992	0
0.446281	0.280992	0
0.454545	0.280992	0
0.46281	0.280992	0
0.471074	0.280992	0
0.479339	0.280992	0
0.487603	0.280992	0
0.495868	0.280992	0
0.504132	0.280992	0
0.512397	0.280992	0
0.520661	0.280992	0
0.528926	0.280992	0
0.53719	0.280992	0
0.545455	0.280992	0
0.553719	0.280992	0
0.561983	0.280992	0
0.570248	0.280992	0
0.578512	0.280992	0
0.586777	0.280992	0
0.595041	0.280992	0
0.603306	0.280992	0
0.61157	0.280992	0
0.619835	0.280992	0
0.628099	0.280992	0
0.636364	0.280992	0
0.644628	0.280992	0
0.652893	0.280992	0
0.661157	0.280992	0
0.669421	0.280992	0
0.677686	0.280992	0
0.68595	0.280992	0
0.694215	0.280992	0
0.702479	0.280992	0
0.710744	0.280992	0
0.719008	0.280992	0
0.727273	0.280992	0
0.735537	0.280992	0
0.743802	0.280992	0
0.752066	0.280992	0
0.760331	0.280992	0
0.768595	0.280992	0
0.77686	0.280992	0
0.785124	0.280992	0
0.793388	0.280992	0
0.801653	0.280992	0
0.809917	0.280992	0
0.818182	0.280992	0
0.826446	0.280992	0
0.834711	0.280992	0
0.842975	0.280992	0
0.85124	0.280992	0
0.859504	0.280992	0
0.867769	0.280992	0
0.876033	0.280992	0
0.884298	0.280992	0
0.892562	0.280992	0
0.900826	0.280992	0
0.909091	0.280992	0
0.917355	0.280992	0
0.92562	0.280992	0
0.933884	0.280992	0
0.942149	0.280992	0
0.950413	0.280992	0
0.958678	0.280992	0
0.966942	0.280992	0
0.975207	0.280992	0
0.983471	0.280992	0
0.991736	0.280992	0
1	0.280992	0
0.00826446	0.289256	0
0.0165289	0.289256	0
0.0247934	0.289256	0
0.0330579	0.289256	0
0.0413223	0.289256	0
0.0495868	0.289256	0
0.0578512	0.289256	0
0.0661157	0.289256	0
0.0743802	0.289256	0
0.0826446	0.289256	0
0.0909091	0.289256	0
0.0991736	0.289256	0
0.107438	0.289256	0
0.115702	0.289256	0
0.123967	0.289256	0
0.132231	0.289256	0
0.140496	0.289256	0
0.14876	0.289256	0
0.157025	0.289256	0
0.165289	0.289256	0
0.173554	0.289256	0
0.181818	0.289256	0
0.190083	0.289256	0
0.198347	0.289256	0
0.206612	0.289256	0
0.214876	0.289256	0
0.22314	0.289256	0
0.231405	0.289256	0
0.239669	0.289256	0
0.247934	0.289256	0
0.256198	0.289256	0
0.264463	0.289256	0
0.272727	0.289256	0
0.280992	0.289256	0
0.289256	0.289256	0
0.297521	0.289256	0
0.305785	0.289256	0
0.31405	0.289256	0
0.322314	0.289256	0
0.330579	0.289256	0
0.338843	0.289256	0
0.347107	0.289256	0
0.355372	0.289256	0
0.363636	0.289256	0
0.371901	0.289256	0
0.380165	0.289256	0
0.38843	0.289256	0
0.396694	0.289256	0
0.404959	0.289256	0
0.413223	0.289256	0
0.421488	0.289256	0
0.429752	0.289256	0
0.438017	0.289256	0
0.446281	0.289256	0
0.454545	0.289256	0
0.46281	0.289256	0
0.471074	0.289256	0
0.479339	0.289256	0
0.487603	0.289256	0
0.495868	0.289256	0
0.504132	0.289256	0
0.512397	0.289256	0
0.520661	0.289256	0
0.528926	0.289256	0
0.53719	0.289256	0
0.545455	0.289256	0
0.553719	0.289256	0
0.561983	0.289256	0
0.570248	0.289256	0
0.578512	0.289256	0
0.586777	0.289256	0
0.595041	0.289256	0
0.603306	0.289256	0
0.61157	0.289256	0
0.619835	0.289256	0
0.628099	0.289256	0
0.636364	0.289256	0
0.644628	0.289256	0
0.652893	0.289256	0
0.661157	0.289256	0
0.669421	0.289256	0
0.677686	0.289256	0
0.68595	0.289256	0
0.694215	0.289256	0
0.702479	0.289256	0
0.710744	0.289256	0
0.719008	0.289256	0
0.727273	0.289256	0
0.735537	0.289256	0
0.743802	0.289256	0
0.752066	0.289256	0
0.760331	0.289256	0
0.768595	0.289256	0
0.77686	0.289256	0
0.785124	0.289256	0
0.793388	0.289256	0
0.801653	0.289256	0
0.809917	0.289256	0
0.818182	0.289256	0
0.826446	0.289256	0
0.834711	0.289256	0
0.842975	0.289256	0
0.85124	0.289256	0
0.859504	0.289256	0
0.867769	0.289256	0
0.876033	0.289256	0
0.884298	0.289256	0
0.892562	0.289256	0
0.900826	0.289256	0
0.909091	0.289256	0
0.917355	0.289256	0
0.92562	0.289256	0
0.933884	0.289256	0
0.942149	0.289256	0
0.950413	0.289256	0
0.958678	0.289256	0
0.966942	0.289256	0
0.975207	0.289256	0
0.983471	0.289256	0
0.991736	0.289256	0
1	0.289256	0
0.00826446	0.297521	0
0.0165289	0.297521	0
0.0247934	0.297521	0
0.0330579	0.297521	0
0.0413223	0.297521	0
0.0495868	0.297521	0
0.0578512	0.297521	0
0.0661157	0.297521	0
0.0743802	0.297521	0
0.0826446	0.297521	0
0.0909091	0.297521	0
0.0991736	0.297521	0
0.107438	0.297521	0
0.115702	0.297521	0
0.123967	0.297521	0
0.132231	0.297521	0
0.140496	0.297521	0
0.14876	0.297521	0
0.157025	0.297521	0
0.165289	0.297521	0
0.173554	0.297521	0
0.181818	0.297521	0
0.190083	0.297521	0
0.198347	0.297521	0
0.206612	0.297521	0
0.214876	0.297521	0
0.22314	0.297521	0
0.231405	0.297521	0
0.239669	0.297521	0
0.247934	0.297521	0
0.256198	0.297521	0
0.264463	0.297521	0
0.272727	0.297521	0
0.280992	0.297521	0
0.289256	0.297521	0
0.297521	0.297521	0
0.305785	0.297521	0
0.31405	0.297521	0
0.322314	0.297521	0
0.330579	0.297521	0
0.338843	0.297521	0
0.347107	0.297521	0
0.355372	0.297521	0
0.363636	0.297521	0
0.371901	0.297521	0
0.380165	0.297521	0
0.38843	0.297521	0
0.396694	0.297521	0
0.404959	0.297521	0
0.413223	0.297521	0
0.421488	0.297521	0
0.429752	0.297521	0
0.438017	0.297521	0
0.446281	0.297521	0
0.454545	0.297521	0
0.46281	0.297521	0
0.471074	0.297521	0
0.479339	0.297521	0
0.487603	0.297521	0
0.495868	0.297521	0
0.504132	0.297521	0
0.512397	0.297521	0
0.520661	0.297521	0
0.528926	0.297521	0
0.53719	0.297521	0
0.545455	0.297521	0
0.553719	0.297521	0
0.561983	0.297521	0
0.570248	0.297521	0
0.578512	0.297521	0
0.586777	0.297521	0
0.595041	0.297521	0
0.603306	0.297521	0
0.61157	0.297521	0
0.619835	0.297521	0
0.628099	0.297521	0
0.636364	0.297521	0
0.644628	0.297521	0
0.652893	0.297521	0
0.661157	0.297521	0
0.669421	0.297521	0
0.677686	0.297521	0
0.68595	0.297521	0
0.694215	0.297521	0
0.702479	0.297521	0
0.710744	0.297521	0
0.719008	0.297521	0
0.727273	0.297521	0
0.735537	0.297521	0
0.743802	0.297521	0
0.752066	0.297521	0
0.760331	0.297521	0
0.768595	0.297521	0
0.77686	0.297521	0
0.785124	0.297521	0
0.793388	0.297521	0
0.801653	0.297521	0
0.809917	0.297521	0
0.818182	0.297521	0
0.826446	0.297521	0
0.834711	0.297521	0
0.842975	0.297521	0
0.85124	0.297521	0
0.859504	0.297521	0
0.867769	0.297521	0
0.876033	0.297521	0
0.884298	0.297521	0
0.892562	0.297521	0
0.900826	0.297521	0
0.909091	0.297521	0
0.917355	0.297521	0
0.92562	0.297521	0
0.933884	0.297521	0
0.942149	0.297521	0
0.950413	0.297521	0
0.958678	0.297521	0
0.966942	0.297521	0
0.975207	0.297521	0
0.983471	0.297521	0
0.991736	0.297521	0
1	0.297521	0
0.00826446	0.305785	0
0.0165289	0.305785	0
0.0247934	0.305785	0
0.0330579	0.305785	0
0.0413223	0.305785	0
0.0495868	0.305785	0
0.0578512	0.305785	0
0.0661157	0.305785	0
0.0743802	0.305785	0
0.0826446	0.305785	0
0.0909091	0.305785	0
0.0991736	0.305785	0
0.107438	0.305785	0
0.115702	0.305785	0
0.123967	0.305785	0
0.132231	0.305785	0
0.140496	0.305785	0
0.14876	0.305785	0
0.157025	0.305785	0
0.165289	0.305785	0
0.173554	0.305785	0
0.181818	0.305785	0
0.190083	0.305785	0
0.198347	0.305785	0
0.206612	0.305785	0
0.214876	0.305785	0
0.22314	0.305785	0
0.231405	0.305785	0
0.239669	0.305785	0
0.247934	0.305785	0
0.256198	0.305785	0
0.264463	0.305785	0
0.272727	0.305785	0
0.280992	0.305785	0
0.289256	0.305785	0
0.297521	0.305785	0
0.305785	0.305785	0
0.31405	0.305785	0
0.322314	0.305785	0
0.330579	0.305785	0
0.338843	0.305785	0
0.347107	0.305785	0
0.355372	0.305785	0
0.363636	0.305785	0
0.371901	0.305785	0
0.380165	0.305785	0
0.38843	0.305785	0
0.396694	0.305785	0
0.404959	0.305785	0
0.413223	0.305785	0
0.421488	0.305785	0
0.429752	0.305785	0
0.438017	0.305785	0
0.446281	0.305785	0
0.454545	0.305785	0
0.46281	0.305785	0
0.471074	0.305785	0
0.479339	0.305785	0
0.487603	0.305785	0
0.495868	0.305785	0
0.504132	0.305785	0
0.512397	0.305785	0
0.520661	0.305785	0
0.528926	0.305785	0
0.53719	0.305785	0
0.545455	0.305785	0
0.553719	0.305785	0
0.561983	0.305785	0
0.570248	0.305785	0
0.578512	0.305785	0
0.586777	0.305785	0
0.595041	0.305785	0
0.603306	0.305785	0
0.61157	0.305785	0
0.619835	0.305785	0
0.628099	0.305785	0
0.636364	0.305785	0
0.644628	0.305785	0
0.652893	0.305785	0
0.661157	0.305785	0
0.669421	0.305785	0
0.677686	0.305785	0
0.68595	0.305785	0
0.694215	0.305785	0
0.702479	0.305785	0
0.710744	0.305785	0
0.719008	0.305785	0
0.727273	0.305785	0
0.735537	0.305785	0
0.743802	0.305785	0
0.752066	0.305785	0
0.760331	0.305785	0
0.768595	0.305785	0
0.77686	0.305785	0
0.785124	0.305785	0
0.793388	0.305785	0
0.801653	0.305785	0
0.809917	0.305785	0
0.818182	0.305785	0
0.826446	0.305785	0
0.834711	0.305785	0
0.842975	0.305785	0
0.85124	0.305785	0
0.859504	0.305785	0
0.867769	0.305785	0
0.876033	0.305785	0
0.884298	0.305785	0
0.892562	0.305785	0
0.900826	0.305785	0
0.909091	0.305785	0
0.917355	0.305785	0
0.92562	0.305785	0
0.933884	0.305785	0
0.942149	0.305785	0
0.950413	0.305785	0
0.958678	0.305785	0
0.966942	0.305785	0
0.975207	0.305785	0
0.983471	0.305785	0
0.991736	0.305785	0
1	0.305785	0
0.00826446	0.31405	0
0.0165289	0.31405	0
0.0247934	0.31405	0
0.0330579	0.31405	0
0.0413223	0.31405	0
0.0495868	0.31405	0
0.0578512	0.31405	0
0.0661157	0.31405	0
0.0743802	0.31405	0
0.0826446	0.31405	0
0.0909091	0.31405	0
0.0991736	0.31405	0
0.107438	0.31405	0
0.115702	0.31405	0
0.123967	0.31405	0
0.132231	0.31405	0
0.140496	0.31405	0
0.14876	0.31405	0
0.157025	0.31405	0
0.165289	0.31405	0
0.173554	0.31405	0
0.181818	0.31405	0
0.190083	0.31405	0
0.198347	0.31405	0
0.206612	0.31405	0
0.214876	0.31405	0
0.22314	0.31405	0
0.231405	0.31405	0
0.239669	0.31405	0
0.247934	0.31405	0
0.256198	0.31405	0
0.264463	0.31405	0
0.272727	0.31405	0
0.280992	0.31405	0
0.289256	0.31405	0
0.297521	0.31405	0
0.305785	0.31405	0
0.31405	0.31405	0
0.322314	0.31405	0
0.330579	0.31405	0
0.338843	0.31405	0
0.347107	0.31405	0
0.355372	0.31405	0
0.363636	0.31405	0
0.371901	0.31405	0
0.380165	0.31405	0
0.38843	0.31405	0
0.396694	0.31405	0
0.404959	0.31405	0
0.413223	0.31405	0
0.421488	0.31405	0
0.429752	0.31405	0
0.438017	0.31405	0
0.446281	0.31405	0
0.454545	0.31405	0
0.46281	0.31405	0
0.471074	0.31405	0
0.479339	0.31405	0
0.487603	0.31405	0
0.495868	0.31405	0
0.504132	0.31405	0
0.512397	0.31405	0
0.520661	0.31405	0
0.528926	0.31405	0
0.53719	0.31405	0
0.545455	0.31405	0
0.553719	0.31405	0
0.561983	0.31405	0
0.570248	0.31405	0
0.578512	0.31405	0
0.586777	0.31405	0
0.595041	0.31405	0
0.603306	0.31405	0
0.61157	0.31405	0
0.619835	0.31405	0
0.628099	0.31405	0
0.636364	0.31405	0
0.644628	0.31405	0
0.652893	0.31405	0
0.661157	0.31405	0
0.669421	0.31405	0
0.677686	0.31405	0
0.68595	0.31405	0
0.694215	0.31405	0
0.702479	0.31405	0
0.710744	0.31405	0
0.719008	0.31405	0
0.727273	0.31405	0
0.735537	0.31405	0
0.743802	0.31405	0
0.752066	0.31405	0
0.760331	0.31405	0
0.768595	0.31405	0
0.77686	0.31405	0
0.785124	0.31405	0
0.793388	0.31405	0
0.801653	0.31405	0
0.809917	0.31405	0
0.818182	0.31405	0
0.826446	0.31405	0
0.834711	0.31405	0
0.842975	0.31405	0
0.85124	0.31405	0
0.859504	0.31405	0
0.867769	0.31405	0
0.876033	0.31405	0
0.884298	0.31405	0
0.892562	0.31405	0
0.900826	0.31405	0
0.909091	0.31405	0
0.917355	0.31405	0
0.92562	0.31405	0
0.933884	0.31405	0
0.942149	0.31405	0
0.950413	0.31405	0
0.958678	0.31405	0
0.966942	0.31405	0
0.975207	0.31405	0
0.983471	0.31405	0
0.991736	0.31405	0
1	0.31405	0
0.00826446	0.322314	0
0.0165289	0.322314	0
0.0247934	0.322314	0
0.0330579	0.322314	0
0.0413223	0.322314	0
0.0495868	0.322314	0
0.0578512	0.322314	0
0.0661157	0.322314	0
0.0743802	0.322314	0
0.0826446	0.322314	0
0.0909091	0.322314	0
0.0991736	0.322314	0
0.107438	0.322314	0
0.115702	0.322314	0
0.123967	0.322314	0
0.132231	0.322314	0
0.140496	0.322314	0
0.14876	0.322314	0
0.157025	0.322314	0
0.165289	0.322314	0
0.173554	0.322314	0
0.181818	0.322314	0
0.190083	0.322314	0
0.198347	0.322314	0
0.206612	0.322314	0
0.214876	0.322314	0
0.22314	0.322314	0
0.231405	0.322314	0
0.239669	0.322314	0
0.247934	0.322314	0
0.256198	0.322314	0
0.264463	0.322314	0
0.272727	0.322314	0
0.280992	0.322314	0
0.289256	0.322314	0
0.297521	0.322314	0
0.305785	0.322314	0
0.31405	0.322314	0
0.322314	0.322314	0
0.330579	0.322314	0
0.338843	0.322314	0
0.347107	0.322314	0
0.355372	0.322314	0
0.363636	0.322314	0
0.371901	0.322314	0
0.380165	0.322314	0
0.38843	0.322314	0
0.396694	0.322314	0
0.404959	0.322314	0
0.413223	0.322314	0
0.421488	0.322314	0
0.429752	0.322314	0
0.438017	0.322314	0
0.446281	0.322314	0
0.454545	0.322314	0
0.46281	0.322314	0
0.471074	0.322314	0
0.479339	0.322314	0
0.487603	0.322314	0
0.495868	0.322314	0
0.504132	0.322314	0
0.512397	0.322314	0
0.520661	0.322314	0
0.528926	0.322314	0
0.53719	0.322314	0
0.545455	0.322314	0
0.553719	0.322314	0
0.561983	0.322314	0
0.570248	0.322314	0
0.578512	0.322314	0
0.586777	0.322314	0
0.595041	0.322314	0
0.603306	0.322314	0
0.61157	0.322314	0
0.619835	0.322314	0
0.628099	0.322314	0
0.636364	0.322314	0
0.644628	0.322314	0
0.652893	0.322314	0
0.661157	0.322314	0
0.669421	0.322314	0
0.677686	0.322314	0
0.68595	0.322314	0
0.694215	0.322314	0
0.702479	0.322314	0
0.710744	0.322314	0
0.719008	0.322314	0
0.727273	0.322314	0
0.735537	0.322314	0
0.743802	0.322314	0
0.752066	0.322314	0
0.760331	0.322314	0
0.768595	0.322314	0
0.77686	0.322314	0
0.785124	0.322314	0
0.793388	0.322314	0
0.801653	0.322314	0
0.809917	0.322314	0
0.818182	0.322314	0
0.826446	0.322314	0
0.834711	0.322314	0
0.842975	0.322314	0
0.85124	0.322314	0
0.859504	0.322314	0
0.867769	0.322314	0
0.876033	0.322314	0
0.884298	0.322314	0
0.892562	0.322314	0
0.900826	0.322314	0
0.909091	0.322314	0
0.917355	0.322314	0
0.92562	0.322314	0
0.933884	0.322314	0
0.942149	0.322314	0
0.950413	0.322314	0
0.958678	0.322314	0
0.966942	0.322314	0
0.975207	0.322314	0
0.983471	0.322314	0
0.991736	0.322314	0
1	0.322314	0
0.00826446	0.330579	0
0.0165289	0.330579	0
0.0247934	0.330579	0
0.0330579	0.330579	0
0.0413223	0.330579	0
0.0495868	0.330579	0
0.0578512	0.330579	0
0.0661157	0.330579	0
0.0743802	0.330579	0
0.0826446	0.330579	0
0.0909091	0.330579	0
0.0991736	0.330579	0
0.107438	0.330579	0
0.115702	0.330579	0
0.123967	0.330579	0
0.132231	0.330579	0
0.140496	0.330579	0
0.14876	0.330579	0
0.157025	0.330579	0
0.165289	0.330579	0
0.173554	0.330579	0
0.181818	0.330579	0
0.190083	0.330579	0
0.198347	0.330579	0
0.206612	0.330579	0
0.214876	0.330579	0
0.22314	0.330579	0
0.231405	0.330579	0
0.239669	0.330579	0
0.247934	0.330579	0
0.256198	0.330579	0
0.264463	0.330579	0
0.272727	0.330579	0
0.280992	0.330579	0
0.289256	0.330579	0
0.297521	0.330579	0
0.305785	0.330579	0
0.31405	0.330579	0
0.322314	0.330579	0
0.330579	0.330579	0
0.338843	0.330579	0
0.347107	0.330579	0
0.355372	0.330579	0
0.363636	0.330579	0
0.371901	0.330579	0
0.380165	0.330579	0
0.38843	0.330579	0
0.396694	0.330579	0
0.404959	0.330579	0
0.413223	0.330579	0
0.421488	0.330579	0
0.429752	0.330579	0
0.438017	0.330579	0
0.446281	0.330579	0
0.454545	0.330579	0
0.46281	0.330579	0
0.471074	0.330579	0
0.479339	0.330579	0
0.487603	0.330579	0
0.495868	0.330579	0
0.504132	0.330579	0
0.512397	0.330579	0
0.520661	0.330579	0
0.528926	0.330579	0
0.53719	0.330579	0
0.545455	0.330579	0
0.553719	0.330579	0
0.561983	0.330579	0
0.570248	0.330579	0
0.578512	0.330579	0
0.586777	0.330579	0
0.595041	0.330579	0
0.603306	0.330579	0
0.61157	0.330579	0
0.619835	0.330579	0
0.628099	0.330579	0
0.636364	0.330579	0
0.644628	0.330579	0
0.652893	0.330579	0
0.661157	0.330579	0
0.669421	0.330579	0
0.677686	0.330579	0
0.68595	0.330579	0
0.694215	0.330579	0
0.702479	0.330579	0
0.710744	0.330579	0
0.719008	0.330579	0
0.727273	0.330579	0
0.735537	0.330579	0
0.743802	0.330579	0
0.752066	0.330579	0
0.760331	0.330579	0
0.768595	0.330579	0
0.77686	0.330579	0
0.785124	0.330579	0
0.793388	0.330579	0
0.801653	0.330579	0
0.809917	0.330579	0
0.818182	0.330579	0
0.826446	0.330579	0
0.834711	0.330579	0
0.842975	0.330579	0
0.85124	0.330579	0
0.859504	0.330579	0
0.867769	0.330579	0
0.876033	0.330579	0
0.884298	0.330579	0
0.892562	0.330579	0
0.900826	0.330579	0
0.909091	0.330579	0
0.917355	0.330579	0
0.92562	0.330579	0
0.933884	0.330579	0
0.942149	0.330579	0
0.950413	0.330579	0
0.958678	0.330579	0
0.966942	0.330579	0
0.975207	0.330579	0
0.983471	0.330579	0
0.991736	0.330579	0
1	0.330579	0
0.00826446	0.338843	0
0.0165289	0.338843	0
0.0247934	0.338843	0
0.0330579	0.338843	0
0.0413223	0.338843	0
0.0495868	0.338843	0
0.0578512	0.338843	0
0.0661157	0.338843	0
0.0743802	0.338843	0
0.0826446	0.338843	0
0.0909091	0.338843	0
0.0991736	0.338843	0
0.107438	0.338843	0
0.115702	0.338843	0
0.123967	0.338843	0
0.132231	0.338843	0
0.140496	0.338843	0
0.14876	0.338843	0
0.157025	0.338843	0
0.165289	0.338843	0
0.173554	0.338843	0
0.181818	0.338843	0
0.190083	0.338843	0
0.198347	0.338843	0
0.206612	0.338843	0
0.214876	0.338843	0
0.22314	0.338843	0
0.231405	0.338843	0
0.239669	0.338843	0
0.247934	0.338843	0
0.256198	0.338843	0
0.264463	0.338843	0
0.272727	0.338843	0
0.280992	0.338843	0
0.289256	0.338843	0
0.297521	0.338843	0
0.305785	0.338843	0
0.31405	0.338843	0
0.322314	0.338843	0
0.330579	0.338843	0
0.338843	0.338843	0
0.347107	0.338843	0
0.355372	0.338843	0
0.363636	0.338843	0
0.371901	0.338843	0
0.380165	0.338843	0
0.38843	0.338843	0
0.396694	0.338843	0
0.404959	0.338843	0
0.413223	0.338843	0
0.421488	0.338843	0
0.429752	0.338843	0
0.438017	0.338843	0
0.446281	0.338843	0
0.454545	0.338843	0
0.46281	0.338843	0
0.471074	0.338843	0
0.479339	0.338843	0
0.487603	0.338843	0
0.495868	0.338843	0
0.504132	0.338843	0
0.512397	0.338843	0
0.520661	0.338843	0
0.528926	0.338843	0
0.53719	0.338843	0
0.545455	0.338843	0
0.553719	0.338843	0
0.561983	0.338843	0
0.570248	0.338843	0
0.578512	0.338843	0
0.586777	0.338843	0
0.595041	0.338843	0
0.603306	0.338843	0
0.61157	0.338843	0
0.619835	0.338843	0
0.628099	0.338843	0
0.636364	0.338843	0
0.644628	0.338843	0
0.652893	0.338843	0
0.661157	0.338843	0
0.669421	0.338843	0
0.677686	0.338843	0
0.68595	0.338843	0
0.694215	0.338843	0
0.702479	0.338843	0
0.710744	0.338843	0
0.719008	0.338843	0
0.727273	0.338843	0
0.735537	0.338843	0
0.743802	0.338843	0
0.752066	0.338843	0
0.760331	0.338843	0
0.768595	0.338843	0
0.77686	0.338843	0
0.785124	0.338843	0
0.793388	0.338843	0
0.801653	0.338843	0
0.809917	0.338843	0
0.818182	0.338843	0
0.826446	0.338843	0
0.834711	0.338843	0
0.842975	0.338843	0
0.85124	0.338843	0
0.859504	0.338843	0
0.867769	0.338843	0
0.876033	0.338843	0
0.884298	0.338843	0
0.892562	0.338843	0
0.900826	0.338843	0
0.909091	0.338843	0
0.917355	0.338843	0
0.92562	0.338843	0
0.933884	0.338843	0
0.942149	0.338843	0
0.950413	0.338843	0
0.958678	0.338843	0
0.966942	0.338843	0
0.975207	0.338843	0
0.983471	0.338843	0
0.991736	0.338843	0
1	0.338843	0
0.00826446	0.347107	0
0.0165289	0.347107	0
0.0247934	0.347107	0
0.0330579	0.347107	0
0.0413223	0.347107	0
0.0495868	0.347107	0
0.0578512	0.347107	0
0.0661157	0.347107	0
0.0743802	0.347107	0
0.0826446	0.347107	0
0.0909091	0.347107	0
0.0991736	0.347107	0
0.107438	0.347107	0
0.115702	0.347107	0
0.123967	0.347107	0
0.132231	0.347107	0
0.140496	0.347107	0
0.14876	0.347107	0
0.157025	0.347107	0
0.165289	0.347107	0
0.173554	0.347107	0
0.181818	0.347107	0
0.190083	0.347107	0
0.198347	0.347107	0
0.206612	0.347107	0
0.214876	0.347107	0
0.22314	0.347107	0
0.231405	0.347107	0
0.239669	0.347107	0
0.247934	0.347107	0
0.256198	0.347107	0
0.264463	0.347107	0
0.272727	0.347107	0
0.280992	0.347107	0
0.289256	0.347107	0
0.297521	0.347107	0
0.305785	0.347107	0
0.31405	0.347107	0
0.322314	0.347107	0
0.330579	0.347107	0
0.338843	0.347107	0
0.347107	0.347107	0
0.355372	0.347107	0
0.363636	0.347107	0
0.371901	0.347107	0
0.380165	0.347107	0
0.38843	0.347107	0
0.396694	0.347107	0
0.404959	0.347107	0
0.413223	0.347107	0
0.421488	0.347107	0
0.429752	0.347107	0
0.438017	0.347107	0
0.446281	0.347107	0
0.454545	0.347107	0
0.46281	0.347107	0
0.471074	0.347107	0
0.479339	0.347107	0
0.487603	0.347107	0
0.495868	0.347107	0
0.504132	0.347107	0
0.512397	0.347107	0
0.520661	0.347107	0
0.528926	0.347107	0
0.53719	0.347107	0
0.545455	0.347107	0
0.553719	0.347107	0
0.561983	0.347107	0
0.570248	0.347107	0
0.578512	0.347107	0
0.586777	0.347107	0
0.595041	0.347107	0
0.603306	0.347107	0
0.61157	0.347107	0
0.619835	0.347107	0
0.628099	0.347107	0
0.636364	0.347107	0
0.644628	0.347107	0
0.652893	0.347107	0
0.661157	0.347107	0
0.669421	0.347107	0
0.677686	0.347107	0
0.68595	0.347107	0
0.694215	0.347107	0
0.702479	0.347107	0
0.710744	0.347107	0
0.719008	0.347107	0
0.727273	0.347107	0
0.735537	0.347107	0
0.743802	0.347107	0
0.752066	0.347107	0
0.760331	0.347107	0
0.768595	0.347107	0
0.77686	0.347107	0
0.785124	0.347107	0
0.793388	0.347107	0
0.801653	0.347107	0
0.809917	0.347107	0
0.818182	0.347107	0
0.826446	0.347107	0
0.834711	0.347107	0
0.842975	0.347107	0
0.85124	0.347107	0
0.859504	0.347107	0
0.867769	0.347107	0
0.876033	0.347107	0
0.884298	0.347107	0
0.892562	0.347107	0
0.900826	0.347107	0
0.909091	0.347107	0
0.917355	0.347107	0
0.92562	0.347107	0
0.933884	0.347107	0
0.942149	0.347107	0
0.950413	0.347107	0
0.958678	0.347107	0
0.966942	0.347107	0
0.975207	0.347107	0
0.983471	0.347107	0
0.991736	0.347107	0
1	0.347107	0
0.00826446	0.355372	0
0.0165289	0.355372	0
0.0247934	0.355372	0
0.0330579	0.355372	0
0.0413223	0.355372	0
0.0495868	0.355372	0
0.0578512	0.355372	0
0.0661157	0.355372	0
0.0743802	0.355372	0
0.0826446	0.355372	0
0.0909091	0.355372	0
0.0991736	0.355372	0
0.107438	0.355372	0
0.115702	0.355372	0
0.123967	0.355372	0
0.132231	0.355372	0
0.140496	0.355372	0
0.14876	0.355372	0
0.157025	0.355372	0
0.165289	0.355372	0
0.173554	0.355372	0
0.181818	0.355372	0
0.190083	0.355372	0
0.198347	0.355372	0
0.206612	0.355372	0
0.214876	0.355372	0
0.22314	0.355372	0
0.231405	0.355372	0
0.239669	0.355372	0
0.247934	0.355372	0
0.256198	0.355372	0
0.264463	0.355372	0
0.272727	0.355372	0
0.280992	0.355372	0
0.289256	0.355372	0
0.297521	0.355372	0
0.305785	0.355372	0
0.31405	0.355372	0
0.322314	0.355372	0
0.330579	0.355372	0
0.338843	0.355372	0
0.347107	0.355372	0
0.355372	0.355372	0
0.363636	0.355372	0
0.371901	0.355372	0
0.380165	0.355372	0
0.38843	0.355372	0
0.396694	0.355372	0
0.404959	0.355372	0
0.413223	0.355372	0
0.421488	0.355372	0
0.429752	0.355372	0
0.438017	0.355372	0
0.446281	0.355372	0
0.454545	0.355372	0
0.46281	0.355372	0
0.471074	0.355372	0
0.479339	0.355372	0
0.487603	0.355372	0
0.495868	0.355372	0
0.504132	0.355372	0
0.512397	0.355372	0
0.520661	0.355372	0
0.528926	0.355372	0
0.53719	0.355372	0
0.545455	0.355372	0
0.553719	0.355372	0
0.561983	0.355372	0
0.570248	0.355372	0
0.578512	0.355372	0
0.586777	0.355372	0
0.595041	0.355372	0
0.603306	0.355372	0
0.61157	0.355372	0
0.619835	0.355372	0
0.628099	0.355372	0
0.636364	0.355372	0
0.644628	0.355372	0
0.652893	0.355372	0
0.661157	0.355372	0
0.669421	0.355372	0
0.677686	0.355372	0
0.68595	0.355372	0
0.694215	0.355372	0
0.702479	0.355372	0
0.710744	0.355372	0
0.719008	0.355372	0
0.727273	0.355372	0
0.735537	0.355372	0
0.743802	0.355372	0
0.752066	0.355372	0
0.760331	0.355372	0
0.768595	0.355372	0
0.77686	0.355372	0
0.785124	0.355372	0
0.793388	0.355372	0
0.801653	0.355372	0
0.809917	0.355372	0
0.818182	0.355372	0
0.826446	0.355372	0
0.834711	0.355372	0
0.842975	0.355372	0
0.85124	0.355372	0
0.859504	0.355372	0
0.867769	0.355372	0
0.876033	0.355372	0
0.884298	0.355372	0
0.892562	0.355372	0
0.900826	0.355372	0
0.909091	0.355372	0
0.917355	0.355372	0
0.92562	0.355372	0
0.933884	0.355372	0
0.942149	0.355372	0
0.950413	0.355372	0
0.958678	0.355372	0
0.966942	0.355372	0
0.975207	0.355372	0
0.983471	0.355372	0
0.991736	0.355372	0
1	0.355372	0
0.00826446	0.363636	0
0.0165289	0.363636	0
0.0247934	0.363636	0
0.0330579	0.363636	0
0.0413223	0.363636	0
0.0495868	0.363636	0
0.0578512	0.363636	0
0.0661157	0.363636	0
0.0743802	0.363636	0
0.0826446	0.363636	0
0.0909091	0.363636	0
0.0991736	0.363636	0
0.107438	0.363636	0
0.115702	0.363636	0
0.123967	0.363636	0
0.132231	0.363636	0
0.140496	0.363636	0
0.14876	0.363636	0
0.157025	0.363636	0
0.165289	0.363636	0
0.173554	0.363636	0
0.181818	0.363636	0
0.190083	0.363636	0
0.198347	0.363636	0
0.206612	0.363636	0
0.214876	0.363636	0
0.22314	0.363636	0
0.231405	0.363636	0
0.239669	0.363636	0
0.247934	0.363636	0
0.256198	0.363636	0
0.264463	0.363636	0
0.272727	0.363636	0
0.280992	0.363636	0
0.289256	0.363636	0
0.297521	0.363636	0
0.305785	0.363636	0
0.31405	0.363636	0
0.322314	0.363636	0
0.330579	0.363636	0
0.338843	0.363636	0
0.347107	0.363636	0
0.355372	0.363636	0
0.363636	0.363636	0
0.371901	0.363636	0
0.380165	0.363636	0
0.38843	0.363636	0
0.396694	0.363636	0
0.404959	0.363636	0
0.413223	0.363636	0
0.421488	0.363636	0
0.429752	0.363636	0
0.438017	0.363636	0
0.446281	0.363636	0
0.454545	0.363636	0
0.46281	0.363636	0
0.471074	0.363636	0
0.479339	0.363636	0
0.487603	0.363636	0
0.495868	0.363636	0
0.504132	0.363636	0
0.512397	0.363636	0
0.520661	0.363636	0
0.528926	0.363636	0
0.53719	0.363636	0
0.545455	0.363636	0
0.553719	0.363636	0
0.561983	0.363636	0
0.570248	0.363636	0
0.578512	0.363636	0
0.586777	0.363636	0
0.595041	0.363636	0
0.603306	0.363636	0
0.61157	0.363636	0
0.619835	0.363636	0
0.628099	0.363636	0
0.636364	0.363636	0
0.644628	0.363636	0
0.652893	0.363636	0
0.661157	0.363636	0
0.669421	0.363636	0
0.677686	0.363636	0
0.68595	0.363636	0
0.694215	0.363636	0
0.702479	0.363636	0
0.710744	0.363636	0
0.719008	0.363636	0
0.727273	0.363636	0
0.735537	0.363636	0
0.743802	0.363636	0
0.752066	0.363636	0
0.760331	0.363636	0
0.768595	0.363636	0
0.77686	0.363636	0
0.785124	0.363636	0
0.793388	0.363636	0
0.801653	0.363636	0
0.809917	0.363636	0
0.818182	0.363636	0
0.826446	0.363636	0
0.834711	0.363636	0
0.842975	0.363636	0
0.85124	0.363636	0
0.859504	0.363636	0
0.867769	0.363636	0
0.876033	0.363636	0
0.884298	0.363636	0
0.892562	0.363636	0
0.900826	0.363636	0
0.909091	0.363636	0
0.917355	0.363636	0
0.92562	0.363636	0
0.933884	0.363636	0
0.942149	0.363636	0
0.950413	0.363636	0
0.958678	0.363636	0
0.966942	0.363636	0
0.975207	0.363636	0
0.983471	0.363636	0
0.991736	0.363636	0
1	0.363636	0
0.00826446	0.371901	0
0.0165289	0.371901	0
0.0247934	0.371901	0
0.0330579	0.371901	0
0.0413223	0.371901	0
0.0495868	0.371901	0
0.0578512	0.371901	0
0.0661157	0.371901	0
0.0743802	0.371901	0
0.0826446	0.371901	0
0.0909091	0.371901	0
0.0991736	0.371901	0
0.107438	0.371901	0
0.115702	0.371901	0
0.123967	0.371901	0
0.132231	0.371901	0
0.140496	0.371901	0
0.14876	0.371901	0
0.157025	0.371901	0
0.165289	0.371901	0
0.173554	0.371901	0
0.181818	0.371901	0
0.190083	0.371901	0
0.198347	0.371901	0
0.206612	0.371901	0
0.214876	0.371901	0
0.22314	0.371901	0
0.231405	0.371901	0
0.239669	0.371901	0
0.247934	0.371901	0
0.256198	0.371901	0
0.264463	0.371901	0
0.272727	0.371901	0
0.280992	0.371901	0
0.289256	0.371901	0
0.297521	0.371901	0
0.305785	0.371901	0
0.31405	0.371901	0
0.322314	0.371901	0
0.330579	0.371901	0
0.338843	0.371901	0
0.347107	0.371901	0
0.355372	0.371901	0
0.363636	0.371901	0
0.371901	0.371901	0
0.380165	0.371901	0
0.38843	0.371901	0
0.396694	0.371901	0
0.404959	0.371901	0
0.413223	0.371901	0
0.421488	0.371901	0
0.429752	0.371901	0
0.438017	0.371901	0
0.446281	0.371901	0
0.454545	0.371901	0
0.46281	0.371901	0
0.471074	0.371901	0
0.479339	0.371901	0
0.487603	0.371901	0
0.495868	0.371901	0
0.504132	0.371901	0
0.512397	0.371901	0
0.520661	0.371901	0
0.528926	0.371901	0
0.53719	0.371901	0
0.545455	0.371901	0
0.553719	0.371901	0
0.561983	0.371901	0
0.570248	0.371901	0
0.578512	0.371901	0
0.586777	0.371901	0
0.595041	0.371901	0
0.603306	0.371901	0
0.61157	0.371901	0
0.619835	0.371901	0
0.628099	0.371901	0
0.636364	0.371901	0
0.644628	0.371901	0
0.652893	0.371901	0
0.661157	0.371901	0
0.669421	0.371901	0
0.677686	0.371901	0
0.68595	0.371901	0
0.694215	0.371901	0
0.702479	0.371901	0
0.710744	0.371901	0
0.719008	0.371901	0
0.727273	0.371901	0
0.735537	0.371901	0
0.743802	0.371901	0
0.752066	0.371901	0
0.760331	0.371901	0
0.768595	0.371901	0
0.77686	0.371901	0
0.785124	0.371901	0
0.793388	0.371901	0
0.801653	0.371901	0
0.809917	0.371901	0
0.818182	0.371901	0
0.826446	0.371901	0
0.834711	0.371901	0
0.842975	0.371901	0
0.85124	0.371901	0
0.859504	0.371901	0
0.867769	0.371901	0
0.876033	0.371901	0
0.884298	0.371901	0
0.892562	0.371901	0
0.900826	0.371901	0
0.909091	0.371901	0
0.917355	0.371901	0
0.92562	0.371901	0
0.933884	0.371901	0
0.942149	0.371901	0
0.950413	0.371901	0
0.958678	0.371901	0
0.966942	0.371901	0
0.975207	0.371901	0
0.983471	0.371901	0
0.991736	0.371901	0
1	0.371901	0
0.00826446	0.380165	0
0.0165289	0.380165	0
0.0247934	0.380165	0
0.0330579	0.380165	0
0.0413223	0.380165	0
0.0495868	0.380165	0
0.0578512	0.380165	0
0.0661157	0.380165	0
0.0743802	0.380165	0
0.0826446	0.380165	0
0.0909091	0.380165	0
0.0991736	0.380165	0
0.107438	0.380165	0
0.115702	0.380165	0
0.123967	0.380165	0
0.132231	0.380165	0
0.140496	0.380165	0
0.14876	0.380165	0
0.157025	0.380165	0
0.165289	0.380165	0
0.173554	0.380165	0
0.181818	0.380165	0
0.190083	0.380165	0
0.198347	0.380165	0
0.206612	0.380165	0
0.214876	0.380165	0
0.22314	0.380165	0
0.231405	0.380165	0
0.239669	0.380165	0
0.247934	0.380165	0
0.256198	0.380165	0
0.264463	0.380165	0
0.272727	0.380165	0
0.280992	0.380165	0
0.289256	0.380165	0
0.297521	0.380165	0
0.305785	0.380165	0
0.31405	0.380165	0
0.322314	0.380165	0
0.330579	0.380165	0
0.338843	0.380165	0
0.347107	0.380165	0
0.355372	0.380165	0
0.363636	0.380165	0
0.371901	0.380165	0
0.380165	0.380165	0
0.38843	0.380165	0
0.396694	0.380165	0
0.404959	0.380165	0
0.413223	0.380165	0
0.421488	0.380165	0
0.429752	0.380165	0
0.438017	0.380165	0
0.446281	0.380165	0
0.454545	0.380165	0
0.46281	0.380165	0
0.471074	0.380165	0
0.479339	0.380165	0
0.487603	0.380165	0
0.495868	0.380165	0
0.504132	0.380165	0
0.512397	0.380165	0
0.520661	0.380165	0
0.528926	0.380165	0
0.53719	0.380165	0
0.545455	0.380165	0
0.553719	0.380165	0
0.561983	0.380165	0
0.570248	0.380165	0
0.578512	0.380165	0
0.586777	0.380165	0
0.595041	0.380165	0
0.603306	0.380165	0
0.61157	0.380165	0
0.619835	0.380165	0
0.628099	0.380165	0
0.636364	0.380165	0
0.644628	0.380165	0
0.652893	0.380165	0
0.661157	0.380165	0
0.669421	0.380165	0
0.677686	0.380165	0
0.68595	0.380165	0
0.694215	0.380165	0
0.702479	0.380165	0
0.710744	0.380165	0
0.719008	0.380165	0
0.727273	0.380165	0
0.735537	0.380165	0
0.743802	0.380165	0
0.752066	0.380165	0
0.760331	0.380165	0
0.768595	0.380165	0
0.77686	0.380165	0
0.785124	0.380165	0
0.793388	0.380165	0
0.801653	0.380165	0
0.809917	0.380165	0
0.818182	0.380165	0
0.826446	0.380165	0
0.834711	0.380165	0
0.842975	0.380165	0
0.85124	0.380165	0
0.859504	0.380165	0
0.867769	0.380165	0
0.876033	0.380165	0
0.884298	0.380165	0
0.892562	0.380165	0
0.900826	0.380165	0
0.909091	0.380165	0
0.917355	0.380165	0
0.92562	0.380165	0
0.933884	0.380165	0
0.942149	0.380165	0
0.950413	0.380165	0
0.958678	0.380165	0
0.966942	0.380165	0
0.975207	0.380165	0
0.983471	0.380165	0
0.991736	0.380165	0
1	0.380165	0
0.00826446	0.38843	0
0.0165289	0.38843	0
0.0247934	0.38843	0
0.0330579	0.38843	0
0.0413223	0.38843	0
0.0495868	0.38843	0
0.0578512	0.38843	0
0.0661157	0.38843	0
0.0743802	0.38843	0
0.0826446	0.38843	0
0.0909091	0.38843	0
0.0991736	0.38843	0
0.107438	0.38843	0
0.115702	0.38843	0
0.123967	0.38843	0
0.132231	0.38843	0
0.140496	0.38843	0
0.14876	0.38843	0
0.157025	0.38843	0
0.165289	0.38843	0
0.173554	0.38843	0
0.181818	0.38843	0
0.190083	0.38843	0
0.198347	0.38843	0
0.206612	0.38843	0
0.214876	0.38843	0
0.22314	0.38843	0
0.231405	0.38843	0
0.239669	0.38843	0
0.247934	0.38843	0
0.256198	0.38843	0
0.264463	0.38843	0
0.272727	0.38843	0
0.280992	0.38843	0
0.289256	0.38843	0
0.297521	0.38843	0
0.305785	0.38843	0
0.31405	0.38843	0
0.322314	0.38843	0
0.330579	0.38843	0
0.338843	0.38843	0
0.347107	0.38843	0
0.355372	0.38843	0
0.363636	0.38843	0
0.371901	0.38843	0
0.380165	0.38843	0
0.38843	0.38843	0
0.396694	0.38843	0
0.404959	0.38843	0
0.413223	0.38843	0
0.421488	0.38843	0
0.429752	0.38843	0
0.438017	0.38843	0
0.446281	0.38843	0
0.454545	0.38843	0
0.46281	0.38843	0
0.471074	0.38843	0
0.479339	0.38843	0
0.487603	0.38843	0
0.495868	0.38843	0
0.504132	0.38843	0
0.512397	0.38843	0
0.520661	0.38843	0
0.528926	0.38843	0
0.53719	0.38843	0
0.545455	0.38843	0
0.553719	0.38843	0
0.561983	0.38843	0
0.570248	0.38843	0
0.578512	0.38843	0
0.586777	0.38843	0
0.595041	0.38843	0
0.603306	0.38843	0
0.61157	0.38843	0
0.619835	0.38843	0
0.628099	0.38843	0
0.636364	0.38843	0
0.644628	0.38843	0
0.652893	0.38843	0
0.661157	0.38843	0
0.669421	0.38843	0
0.677686	0.38843	0
0.68595	0.38843	0
0.694215	0.38843	0
0.702479	0.38843	0
0.710744	0.38843	0
0.719008	0.38843	0
0.727273	0.38843	0
0.735537	0.38843	0
0.743802	0.38843	0
0.752066	0.38843	0
0.760331	0.38843	0
0.768595	0.38843	0
0.77686	0.38843	0
0.785124	0.38843	0
0.793388	0.38843	0
0.801653	0.38843	0
0.809917	0.38843	0
0.818182	0.38843	0
0.826446	0.38843	0
0.834711	0.38843	0
0.842975	0.38843	0
0.85124	0.38843	0
0.859504	0.38843	0
0.867769	0.38843	0
0.876033	0.38843	0
0.884298	0.38843	0
0.892562	0.38843	0
0.900826	0.38843	0
0.909091	0.38843	0
0.917355	0.38843	0
0.92562	0.38843	0
0.933884	0.38843	0
0.942149	0.38843	0
0.950413	0.38843	0
0.958678	0.38843	0
0.966942	0.38843	0
0.975207	0.38843	0
0.983471	0.38843	0
0.991736	0.38843	0
1	0.38843	0
0.00826446	0.396694	0
0.0165289	0.396694	0
0.0247934	0.396694	0
0.0330579	0.396694	0
0.0413223	0.396694	0
0.0495868	0.396694	0
0.0578512	0.396694	0
0.0661157	0.396694	0
0.0743802	0.396694	0
0.0826446	0.396694	0
0.0909091	0.396694	0
0.0991736	0.396694	0
0.107438	0.396694	0
0.115702	0.396694	0
0.123967	0.396694	0
0.132231	0.396694	0
0.140496	0.396694	0
0.14876	0.396694	0
0.157025	0.396694	0
0.165289	0.396694	0
0.173554	0.396694	0
0.181818	0.396694	0
0.190083	0.396694	0
0.198347	0.396694	0
0.206612	0.396694	0
0.214876	0.396694	0
0.22314	0.396694	0
0.231405	0.396694	0
0.239669	0.396694	0
0.247934	0.396694	0
0.256198	0.396694	0
0.264463	0.396694	0
0.272727	0.396694	0
0.280992	0.396694	0
0.289256	0.396694	0
0.297521	0.396694	0
0.305785	0.396694	0
0.31405	0.396694	0
0.322314	0.396694	0
0.330579	0.396694	0
0.338843	0.396694	0
0.347107	0.396694	0
0.355372	0.396694	0
0.363636	0.396694	0
0.371901	0.396694	0
0.380165	0.396694	0
0.38843	0.396694	0
0.396694	0.396694	0
0.404959	0.396694	0
0.413223	0.396694	0
0.421488	0.396694	0
0.429752	0.396694	0
0.438017	0.396694	0
0.446281	0.396694	0
0.454545	0.396694	0
0.46281	0.396694	0
0.471074	0.396694	0
0.479339	0.396694	0
0.487603	0.396694	0
0.495868	0.396694	0
0.504132	0.396694	0
0.512397	0.396694	0
0.520661	0.396694	0
0.528926	0.396694	0
0.53719	0.396694	0
0.545455	0.396694	0
0.553719	0.396694	0
0.561983	0.396694	0
0.570248	0.396694	0
0.578512	0.396694	0
0.586777	0.396694	0
0.595041	0.396694	0
0.603306	0.396694	0
0.61157	0.396694	0
0.619835	0.396694	0
0.628099	0.396694	0
0.636364	0.396694	0
0.644628	0.396694	0
0.652893	0.396694	0
0.661157	0.396694	0
0.669421	0.396694	0
0.677686	0.396694	0
0.68595	0.396694	0
0.694215	0.396694	0
0.702479	0.396694	0
0.710744	0.396694	0
0.719008	0.396694	0
0.727273	0.396694	0
0.735537	0.396694	0
0.743802	0.396694	0
0.752066	0.396694	0
0.760331	0.396694	0
0.768595	0.396694	0
0.77686	0.396694	0
0.785124	0.396694	0
0.793388	0.396694	0
0.801653	0.396694	0
0.809917	0.396694	0
0.818182	0.396694	0
0.826446	0.396694	0
0.834711	0.396694	0
0.842975	0.396694	0
0.85124	0.396694	0
0.859504	0.396694	0
0.867769	0.396694	0
0.876033	0.396694	0
0.884298	0.396694	0
0.892562	0.396694	0
0.900826	0.396694	0
0.909091	0.396694	0
0.917355	0.396694	0
0.92562	0.396694	0
0.933884	0.396694	0
0.942149	0.396694	0
0.950413	0.396694	0
0.958678	0.396694	0
0.966942	0.396694	0
0.975207	0.396694	0
0.983471	0.396694	0
0.991736	0.396694	0
1	0.396694	0
0.00826446	0.404959	0
0.0165289	0.404959	0
0.0247934	0.404959	0
0.0330579	0.404959	0
0.0413223	0.404959	0
0.0495868	0.404959	0
0.0578512	0.404959	0
0.0661157	0.404959	0
0.0743802	0.404959	0
0.0826446	0.404959	0
0.0909091	0.404959	0
0.0991736	0.404959	0
0.107438	0.404959	0
0.115702	0.404959	0
0.123967	0.404959	0
0.132231	0.404959	0
0.140496	0.404959	0
0.14876	0.404959	0
0.157025	0.404959	0
0.165289	0.404959	0
0.173554	0.404959	0
0.181818	0.404959	0
0.190083	0.404959	0
0.198347	0.404959	0
0.206612	0.404959	0
0.214876	0.404959	0
0.22314	0.404959	0
0.231405	0.404959	0
0.239669	0.404959	0
0.247934	0.404959	0
0.256198	0.404959	0
0.264463	0.404959	0
0.272727	0.404959	0
0.280992	0.404959	0
0.289256	0.404959	0
0.297521	0.404959	0
0.305785	0.404959	0
0.31405	0.404959	0
0.322314	0.404959	0
0.330579	0.404959	0
0.338843	0.404959	0
0.347107	0.404959	0
0.355372	0.404959	0
0.363636	0.404959	0
0.371901	0.404959	0
0.380165	0.404959	0
0.38843	0.404959	0
0.396694	0.404959	0
0.404959	0.404959	0
0.413223	0.404959	0
0.421488	0.404959	0
0.429752	0.404959	0
0.438017	0.404959	0
0.446281	0.404959	0
0.454545	0.404959	0
0.46281	0.404959	0
0.471074	0.404959	0
0.479339	0.404959	0
0.487603	0.404959	0
0.495868	0.404959	0
0.504132	0.404959	0
0.512397	0.404959	0
0.520661	0.404959	0
0.528926	0.404959	0
0.53719	0.404959	0
0.545455	0.404959	0
0.553719	0.404959	0
0.561983	0.404959	0
0.570248	0.404959	0
0.578512	0.404959	0
0.586777	0.404959	0
0.595041	0.404959	0
0.603306	0.404959	0
0.61157	0.404959	0
0.619835	0.404959	0
0.628099	0.404959	0
0.636364	0.404959	0
0.644628	0.404959	0
0.652893	0.404959	0
0.661157	0.404959	0
0.669421	0.404959	0
0.677686	0.404959	0
0.68595	0.404959	0
0.694215	0.404959	0
0.702479	0.404959	0
0.710744	0.404959	0
0.719008	0.404959	0
0.727273	0.404959	0
0.735537	0.404959	0
0.743802	0.404959	0
0.752066	0.404959	0
0.760331	0.404959	0
0.768595	0.404959	0
0.77686	0.404959	0
0.785124	0.404959	0
0.793388	0.404959	0
0.801653	0.404959	0
0.809917	0.404959	0
0.818182	0.404959	0
0.826446	0.404959	0
0.834711	0.404959	0
0.842975	0.404959	0
0.85124	0.404959	0
0.859504	0.404959	0
0.867769	0.404959	0
0.876033	0.404959	0
0.884298	0.404959	0
0.892562	0.404959	0
0.900826	0.404959	0
0.909091	0.404959	0
0.917355	0.404959	0
0.92562	0.404959	0
0.933884	0.404959	0
0.942149	0.404959	0
0.950413	0.404959	0
0.958678	0.404959	0
0.966942	0.404959	0
0.975207	0.404959	0
0.983471	0.404959	0
0.991736	0.404959	0
1	0.404959	0
0.00826446	0.413223	0
0.0165289	0.413223	0
0.0247934	0.413223	0
0.0330579	0.413223	0
0.0413223	0.413223	0
0.0495868	0.413223	0
0.0578512	0.413223	0
0.0661157	0.413223	0
0.0743802	0.413223	0
0.0826446	0.413223	0
0.0909091	0.413223	0
0.0991736	0.413223	0
0.107438	0.413223	0
0.115702	0.413223	0
0.123967	0.413223	0
0.132231	0.413223	0
0.140496	0.413223	0
0.14876	0.413223	0
0.157025	0.413223	0
0.165289	0.413223	0
0.173554	0.413223	0
0.181818	0.413223	0
0.190083	0.413223	0
0.198347	0.413223	0
0.206612	0.413223	0
0.214876	0.413223	0
0.22314	0.413223	0
0.231405	0.413223	0
0.239669	0.413223	0
0.247934	0.413223	0
0.256198	0.413223	0
0.264463	0.413223	0
0.272727	0.413223	0
0.280992	0.413223	0
0.289256	0.413223	0
0.297521	0.413223	0
0.305785	0.413223	0
0.31405	0.413223	0
0.322314	0.413223	0
0.330579	0.413223	0
0.338843	0.413223	0
0.347107	0.413223	0
0.355372	0.413223	0
0.363636	0.413223	0
0.371901	0.413223	0
0.380165	0.413223	0
0.38843	0.413223	0
0.396694	0.413223	0
0.404959	0.413223	0
0.413223	0.413223	0
0.421488	0.413223	0
0.429752	0.413223	0
0.438017	0.413223	0
0.446281	0.413223	0
0.454545	0.413223	0
0.46281	0.413223	0
0.471074	0.413223	0
0.479339	0.413223	0
0.487603	0.413223	0
0.495868	0.413223	0
0.504132	0.413223	0
0.512397	0.413223	0
0.520661	0.413223	0
0.528926	0.413223	0
0.53719	0.413223	0
0.545455	0.413223	0
0.553719	0.413223	0
0.561983	0.413223	0
0.570248	0.413223	0
0.578512	0.413223	0
0.586777	0.413223	0
0.595041	0.413223	0
0.603306	0.413223	0
0.61157	0.413223	0
0.619835	0.413223	0
0.628099	0.413223	0
0.636364	0.413223	0
0.644628	0.413223	0
0.652893	0.413223	0
0.661157	0.413223	0
0.669421	0.413223	0
0.677686	0.413223	0
0.68595	0.413223	0
0.694215	0.413223	0
0.702479	0.413223	0
0.710744	0.413223	0
0.719008	0.413223	0
0.727273	0.413223	0
0.735537	0.413223	0
0.743802	0.413223	0
0.752066	0.413223	0
0.760331	0.413223	0
0.768595	0.413223	0
0.77686	0.413223	0
0.785124	0.413223	0
0.793388	0.413223	0
0.801653	0.413223	0
0.809917	0.413223	0
0.818182	0.413223	0
0.826446	0.413223	0
0.834711	0.413223	0
0.842975	0.413223	0
0.85124	0.413223	0
0.859504	0.413223	0
0.867769	0.413223	0
0.876033	0.413223	0
0.884298	0.413223	0
0.892562	0.413223	0
0.900826	0.413223	0
0.909091	0.413223	0
0.917355	0.413223	0
0.92562	0.413223	0
0.933884	0.413223	0
0.942149	0.413223	0
0.950413	0.413223	0
0.958678	0.413223	0
0.966942	0.413223	0
0.975207	0.413223	0
0.983471	0.413223	0
0.991736	0.413223	0
1	0.413223	0
0.00826446	0.421488	0
0.0165289	0.421488	0
0.0247934	0.421488	0
0.0330579	0.421488	0
0.0413223	0.421488	0
0.0495868	0.421488	0
0.0578512	0.421488	0
0.0661157	0.421488	0
0.0743802	0.421488	0
0.0826446	0.421488	0
0.0909091	0.421488	0
0.0991736	0.421488	0
0.107438	0.421488	0
0.115702	0.421488	0
0.123967	0.421488	0
0.132231	0.421488	0
0.140496	0.421488	0
0.14876	0.421488	0
0.157025	0.421488	0
0.165289	0.421488	0
0.173554	0.421488	0
0.181818	0.421488	0
0.190083	0.421488	0
0.198347	0.421488	0
0.206612	0.421488	0
0.214876	0.421488	0
0.22314	0.421488	0
0.231405	0.421488	0
0.239669	0.421488	0
0.247934	0.421488	0
0.256198	0.421488	0
0.264463	0.421488	0
0.272727	0.421488	0
0.280992	0.421488	0
0.289256	0.421488	0
0.297521	0.421488	0
0.305785	0.421488	0
0.31405	0.421488	0
0.322314	0.421488	0
0.330579	0.421488	0
0.338843	0.421488	0
0.347107	0.421488	0
0.355372	0.421488	0
0.363636	0.421488	0
0.371901	0.421488	0
0.380165	0.421488	0
0.38843	0.421488	0
0.396694	0.421488	0
0.404959	0.421488	0
0.413223	0.421488	0
0.421488	0.421488	0
0.429752	0.421488	0
0.438017	0.421488	0
0.446281	0.421488	0
0.454545	0.421488	0
0.46281	0.421488	0
0.471074	0.421488	0
0.479339	0.421488	0
0.487603	0.421488	0
0.495868	0.421488	0
0.504132	0.421488	0
0.512397	0.421488	0
0.520661	0.421488	0
0.528926	0.421488	0
0.53719	0.421488	0
0.545455	0.421488	0
0.553719	0.421488	0
0.561983	0.421488	0
0.570248	0.421488	0
0.578512	0.421488	0
0.586777	0.421488	0
0.595041	0.421488	0
0.603306	0.421488	0
0.61157	0.421488	0
0.619835	0.421488	0
0.628099	0.421488	0
0.636364	0.421488	0
0.644628	0.421488	0
0.652893	0.421488	0
0.661157	0.421488	0
0.669421	0.421488	0
0.677686	0.421488	0
0.68595	0.421488	0
0.694215	0.421488	0
0.702479	0.421488	0
0.710744	0.421488	0
0.719008	0.421488	0
0.727273	0.421488	0
0.735537	0.421488	0
0.743802	0.421488	0
0.752066	0.421488	0
0.760331	0.421488	0
0.768595	0.421488	0
0.77686	0.421488	0
0.785124	0.421488	0
0.793388	0.421488	0
0.801653	0.421488	0
0.809917	0.421488	0
0.818182	0.421488	0
0.826446	0.421488	0
0.834711	0.421488	0
0.842975	0.421488	0
0.85124	0.421488	0
0.859504	0.421488	0
0.867769	0.421488	0
0.876033	0.421488	0
0.884298	0.421488	0
0.892562	0.421488	0
0.900826	0.421488	0
0.909091	0.421488	0
0.917355	0.421488	0
0.92562	0.421488	0
0.933884	0.421488	0
0.942149	0.421488	0
0.950413	0.421488	0
0.958678	0.421488	0
0.966942	0.421488	0
0.975207	0.421488	0
0.983471	0.421488	0
0.991736	0.421488	0
1	0.421488	0
0.00826446	0.429752	0
0.0165289	0.429752	0
0.0247934	0.429752	0
0.0330579	0.429752	0
0.0413223	0.429752	0
0.0495868	0.429752	0
0.0578512	0.429752	0
0.0661157	0.429752	0
0.0743802	0.429752	0
0.0826446	0.429752	0
0.0909091	0.429752	0
0.0991736	0.429752	0
0.107438	0.429752	0
0.115702	0.429752	0
0.123967	0.429752	0
0.132231	0.429752	0
0.140496	0.429752	0
0.14876	0.429752	0
0.157025	0.429752	0
0.165289	0.429752	0
0.173554	0.429752	0
0.181818	0.429752	0
0.190083	0.429752	0
0.198347	0.429752	0
0.206612	0.429752	0
0.214876	0.429752	0
0.22314	0.429752	0
0.231405	0.429752	0
0.239669	0.429752	0
0.247934	0.429752	0
0.256198	0.429752	0
0.264463	0.429752	0
0.272727	0.429752	0
0.280992	0.429752	0
0.289256	0.429752	0
0.297521	0.429752	0
0.305785	0.429752	0
0.31405	0.429752	0
0.322314	0.429752	0
0.330579	0.429752	0
0.338843	0.429752	0
0.347107	0.429752	0
0.355372	0.429752	0
0.363636	0.429752	0
0.371901	0.429752	0
0.380165	0.429752	0
0.38843	0.429752	0
0.396694	0.429752	0
0.404959	0.429752	0
0.413223	0.429752	0
0.421488	0.429752	0
0.429752	0.429752	0
0.438017	0.429752	0
0.446281	0.429752	0
0.454545	0.429752	0
0.46281	0.429752	0
0.471074	0.429752	0
0.479339	0.429752	0
0.487603	0.429752	0
0.495868	0.429752	0
0.504132	0.429752	0
0.512397	0.429752	0
0.520661	0.429752	0
0.528926	0.429752	0
0.53719	0.429752	0
0.545455	0.429752	0
0.553719	0.429752	0
0.561983	0.429752	0
0.570248	0.429752	0
0.578512	0.429752	0
0.586777	0.429752	0
0.595041	0.429752	0
0.603306	0.429752	0
0.61157	0.429752	0
0.619835	0.429752	0
0.628099	0.429752	0
0.636364	0.429752	0
0.644628	0.429752	0
0.652893	0.429752	0
0.661157	0.429752	0
0.669421	0.429752	0
0.677686	0.429752	0
0.68595	0.429752	0
0.694215	0.429752	0
0.702479	0.429752	0
0.710744	0.429752	0
0.719008	0.429752	0
0.727273	0.429752	0
0.735537	0.429752	0
0.743802	0.429752	0
0.752066	0.429752	0
0.760331	0.429752	0
0.768595	0.429752	0
0.77686	0.429752	0
0.785124	0.429752	0
0.793388	0.429752	0
0.801653	0.429752	0
0.809917	0.429752	0
0.818182	0.429752	0
0.826446	0.429752	0
0.834711	0.429752	0
0.842975	0.429752	0
0.85124	0.429752	0
0.859504	0.429752	0
0.867769	0.429752	0
0.876033	0.429752	0
0.884298	0.429752	0
0.892562	0.429752	0
0.900826	0.429752	0
0.909091	0.429752	0
0.917355	0.429752	0
0.92562	0.429752	0
0.933884	0.429752	0
0.942149	0.429752	0
0.950413	0.429752	0
0.958678	0.429752	0
0.966942	0.429752	0
0.975207	0.429752	0
0.983471	0.429752	0
0.991736	0.429752	0
1	0.429752	0
0.00826446	0.438017	0
0.0165289	0.438017	0
0.0247934	0.438017	0
0.0330579	0.438017	0
0.0413223	0.438017	0
0.0495868	0.438017	0
0.0578512	0.438017	0
0.0661157	0.438017	0
0.0743802	0.438017	0
0.0826446	0.438017	0
0.0909091	0.438017	0
0.0991736	0.438017	0
0.107438	0.438017	0
0.115702	0.438017	0
0.123967	0.438017	0
0.132231	0.438017	0
0.140496	0.438017	0
0.14876	0.438017	0
0.157025	0.438017	0
0.165289	0.438017	0
0.173554	0.438017	0
0.181818	0.438017	0
0.190083	0.438017	0
0.198347	0.438017	0
0.206612	0.438017	0
0.214876	0.438017	0
0.22314	0.438017	0
0.231405	0.438017	0
0.239669	0.438017	0
0.247934	0.438017	0
0.256198	0.438017	0
0.264463	0.438017	0
0.272727	0.438017	0
0.280992	0.438017	0
0.289256	0.438017	0
0.297521	0.438017	0
0.305785	0.438017	0
0.31405	0.438017	0
0.322314	0.438017	0
0.330579	0.438017	0
0.338843	0.438017	0
0.347107	0.438017	0
0.355372	0.438017	0
0.363636	0.438017	0
0.371901	0.438017	0
0.380165	0.438017	0
0.38843	0.438017	0
0.396694	0.438017	0
0.404959	0.438017	0
0.413223	0.438017	0
0.421488	0.438017	0
0.429752	0.438017	0
0.438017	0.438017	0
0.446281	0.438017	0
0.454545	0.438017	0
0.46281	0.438017	0
0.471074	0.438017	0
0.479339	0.438017	0
0.487603	0.438017	0
0.495868	0.438017	0
0.504132	0.438017	0
0.512397	0.438017	0
0.520661	0.438017	0
0.528926	0.438017	0
0.53719	0.438017	0
0.545455	0.438017	0
0.553719	0.438017	0
0.561983	0.438017	0
0.570248	0.438017	0
0.578512	0.438017	0
0.586777	0.438017	0
0.595041	0.438017	0
0.603306	0.438017	0
0.61157	0.438017	0
0.619835	0.438017	0
0.628099	0.438017	0
0.636364	0.438017	0
0.644628	0.438017	0
0.652893	0.438017	0
0.661157	0.438017	0
0.669421	0.438017	0
0.677686	0.438017	0
0.68595	0.438017	0
0.694215	0.438017	0
0.702479	0.438017	0
0.710744	0.438017	0
0.719008	0.438017	0
0.727273	0.438017	0
0.735537	0.438017	0
0.743802	0.438017	0
0.752066	0.438017	0
0.760331	0.438017	0
0.768595	0.438017	0
0.77686	0.438017	0
0.785124	0.438017	0
0.793388	0.438017	0
0.801653	0.438017	0
0.809917	0.438017	0
0.818182	0.438017	0
0.826446	0.438017	0
0.834711	0.438017	0
0.842975	0.438017	0
0.85124	0.438017	0
0.859504	0.438017	0
0.867769	0.438017	0
0.876033	0.438017	0
0.884298	0.438017	0
0.892562	0.438017	0
0.900826	0.438017	0
0.909091	0.438017	0
0.917355	0.438017	0
0.92562	0.438017	0
0.933884	0.438017	0
0.942149	0.438017	0
0.950413	0.438017	0
0.958678	0.438017	0
0.966942	0.438017	0
0.975207	0.438017	0
0.983471	0.438017	0
0.991736	0.438017	0
1	0.438017	0
0.00826446	0.446281	0
0.0165289	0.446281	0
0.0247934	0.446281	0
0.0330579	0.446281	0
0.0413223	0.446281	0
0.0495868	0.446281	0
0.0578512	0.446281	0
0.0661157	0.446281	0
0.0743802	0.446281	0
0.0826446	0.446281	0
0.0909091	0.446281	0
0.0991736	0.446281	0
0.107438	0.446281	0
0.115702	0.446281	0
0.123967	0.446281	0
0.132231	0.446281	0
0.140496	0.446281	0
0.14876	0.446281	0
0.157025	0.446281	0
0.165289	0.446281	0
0.173554	0.446281	0
0.181818	0.446281	0
0.190083	0.446281	0
0.198347	0.446281	0
0.206612	0.446281	0
0.214876	0.446281	0
0.22314	0.446281	0
0.231405	0.446281	0
0.239669	0.446281	0
0.247934	0.446281	0
0.256198	0.446281	0
0.264463	0.446281	0
0.272727	0.446281	0
0.280992	0.446281	0
0.289256	0.446281	0
0.297521	0.446281	0
0.305785	0.446281	0
0.31405	0.446281	0
0.322314	0.446281	0
0.330579	0.446281	0
0.338843	0.446281	0
0.347107	0.446281	0
0.355372	0.446281	0
0.363636	0.446281	0
0.371901	0.446281	0
0.380165	0.446281	0
0.38843	0.446281	0
0.396694	0.446281	0
0.404959	0.446281	0
0.413223	0.446281	0
0.421488	0.446281	0
0.429752	0.446281	0
0.438017	0.446281	0
0.446281	0.446281	0
0.454545	0.446281	0
0.46281	0.446281	0
0.471074	0.446281	0
0.479339	0.446281	0
0.487603	0.446281	0
0.495868	0.446281	0
0.504132	0.446281	0
0.512397	0.446281	0
0.520661	0.446281	0
0.528926	0.446281	0
0.53719	0.446281	0
0.545455	0.446281	0
0.553719	0.446281	0
0.561983	0.446281	0
0.570248	0.446281	0
0.578512	0.446281	0
0.586777	0.446281	0
0.595041	0.446281	0
0.603306	0.446281	0
0.61157	0.446281	0
0.619835	0.446281	0
0.628099	0.446281	0
0.636364	0.446281	0
0.644628	0.446281	0
0.652893	0.446281	0
0.661157	0.446281	0
0.669421	0.446281	0
0.677686	0.446281	0
0.68595	0.446281	0
0.694215	0.446281	0
0.702479	0.446281	0
0.710744	0.446281	0
0.719008	0.446281	0
0.727273	0.446281	0
0.735537	0.446281	0
0.743802	0.446281	0
0.752066	0.446281	0
0.760331	0.446281	0
0.768595	0.446281	0
0.77686	0.446281	0
0.785124	0.446281	0
0.793388	0.446281	0
0.801653	0.446281	0
0.809917	0.446281	0
0.818182	0.446281	0
0.826446	0.446281	0
0.834711	0.446281	0
0.842975	0.446281	0
0.85124	0.446281	0
0.859504	0.446281	0
0.867769	0.446281	0
0.876033	0.446281	0
0.884298	0.446281	0
0.892562	0.446281	0
0.900826	0.446281	0
0.909091	0.446281	0
0.917355	0.446281	0
0.92562	0.446281	0
0.933884	0.446281	0
0.942149	0.446281	0
0.950413	0.446281	0
0.958678	0.446281	0
0.966942	0.446281	0
0.975207	0.446281	0
0.983471	0.446281	0
0.991736	0.446281	0
1	0.446281	0
0.00826446	0.454545	0
0.0165289	0.454545	0
0.0247934	0.454545	0
0.0330579	0.454545	0
0.0413223	0.454545	0
0.0495868	0.454545	0
0.0578512	0.454545	0
0.0661157	0.454545	0
0.0743802	0.454545	0
0.0826446	0.454545	0
0.0909091	0.454545	0
0.0991736	0.454545	0
0.107438	0.454545	0
0.115702	0.454545	0
0.123967	0.454545	0
0.132231	0.454545	0
0.140496	0.454545	0
0.14876	0.454545	0
0.157025	0.454545	0
0.165289	0.454545	0
0.173554	0.454545	0
0.181818	0.454545	0
0.190083	0.454545	0
0.198347	0.454545	0
0.206612	0.454545	0
0.214876	0.454545	0
0.22314	0.454545	0
0.231405	0.454545	0
0.239669	0.454545	0
0.247934	0.454545	0
0.256198	0.454545	0
0.264463	0.454545	0
0.272727	0.454545	0
0.280992	0.454545	0
0.289256	0.454545	0
0.297521	0.454545	0
0.305785	0.454545	0
0.31405	0.454545	0
0.322314	0.454545	0
0.330579	0.454545	0
0.338843	0.454545	0
0.347107	0.454545	0
0.355372	0.454545	0
0.363636	0.454545	0
0.371901	0.454545	0
0.380165	0.454545	0
0.38843	0.454545	0
0.396694	0.454545	0
0.404959	0.454545	0
0.413223	0.454545	0
0.421488	0.454545	0
0.429752	0.454545	0
0.438017	0.454545	0
0.446281	0.454545	0
0.454545	0.454545	0
0.46281	0.454545	0
0.471074	0.454545	0
0.479339	0.454545	0
0.487603	0.454545	0
0.495868	0.454545	0
0.504132	0.454545	0
0.512397	0.454545	0
0.520661	0.454545	0
0.528926	0.454545	0
0.53719	0.454545	0
0.545455	0.454545	0
0.553719	0.454545	0
0.561983	0.454545	0
0.570248	0.454545	0
0.578512	0.454545	0
0.586777	0.454545	0
0.595041	0.454545	0
0.603306	0.454545	0
0.61157	0.454545	0
0.619835	0.454545	0
0.628099	0.454545	0
0.636364	0.454545	0
0.644628	0.454545	0
0.652893	0.454545	0
0.661157	0.454545	0
0.669421	0.454545	0
0.677686	0.454545	0
0.68595	0.454545	0
0.694215	0.454545	0
0.702479	0.454545	0
0.710744	0.454545	0
0.719008	0.454545	0
0.727273	0.454545	0
0.735537	0.454545	0
0.743802	0.454545	0
0.752066	0.454545	0
0.760331	0.454545	0
0.768595	0.454545	0
0.77686	0.454545	0
0.785124	0.454545	0
0.793388	0.454545	0
0.801653	0.454545	0
0.809917	0.454545	0
0.818182	0.454545	0
0.826446	0.454545	0
0.834711	0.454545	0
0.842975	0.454545	0
0.85124	0.454545	0
0.859504	0.454545	0
0.867769	0.454545	0
0.876033	0.454545	0
0.884298	0.454545	0
0.892562	0.454545	0
0.900826	0.454545	0
0.909091	0.454545	0
0.917355	0.454545	0
0.92562	0.454545	0
0.933884	0.454545	0
0.942149	0.454545	0
0.950413	0.454545	0
0.958678	0.454545	0
0.966942	0.454545	0
0.975207	0.454545	0
0.983471	0.454545	0
0.991736	0.454545	0
1	0.454545	0
0.00826446	0.46281	0
0.0165289	0.46281	0
0.0247934	0.46281	0
0.0330579	0.46281	0
0.0413223	0.46281	0
0.0495868	0.46281	0
0.0578512	0.46281	0
0.0661157	0.46281	0
0.0743802	0.46281	0
0.0826446	0.46281	0
0.0909091	0.46281	0
0.0991736	0.46281	0
0.107438	0.46281	0
0.115702	0.46281	0
0.123967	0.46281	0
0.132231	0.46281	0
0.140496	0.46281	0
0.14876	0.46281	0
0.157025	0.46281	0
0.165289	0.46281	0
0.173554	0.46281	0
0.181818	0.46281	0
0.190083	0.46281	0
0.198347	0.46281	0
0.206612	0.46281	0
0.214876	0.46281	0
0.22314	0.46281	0
0.231405	0.46281	0
0.239669	0.46281	0
0.247934	0.46281	0
0.256198	0.46281	0
0.264463	0.46281	0
0.272727	0.46281	0
0.280992	0.46281	0
0.289256	0.46281	0
0.297521	0.46281	0
0.305785	0.46281	0
0.31405	0.46281	0
0.322314	0.46281	0
0.330579	0.46281	0
0.338843	0.46281	0
0.347107	0.46281	0
0.355372	0.46281	0
0.363636	0.46281	0
0.371901	0.46281	0
0.380165	0.46281	0
0.38843	0.46281	0
0.396694	0.46281	0
0.404959	0.46281	0
0.413223	0.46281	0
0.421488	0.46281	0
0.429752	0.46281	0
0.438017	0.46281	0
0.446281	0.46281	0
0.454545	0.46281	0
0.46281	0.46281	0
0.471074	0.46281	0
0.479339	0.46281	0
0.487603	0.46281	0
0.495868	0.46281	0
0.504132	0.46281	0
0.512397	0.46281	0
0.520661	0.46281	0
0.528926	0.46281	0
0.53719	0.46281	0
0.545455	0.46281	0
0.553719	0.46281	0
0.561983	0.46281	0
0.570248	0.46281	0
0.578512	0.46281	0
0.586777	0.46281	0
0.595041	0.46281	0
0.603306	0.46281	0
0.61157	0.46281	0
0.619835	0.46281	0
0.628099	0.46281	0
0.636364	0.46281	0
0.644628	0.46281	0
0.652893	0.46281	0
0.661157	0.46281	0
0.669421	0.46281	0
0.677686	0.46281	0
0.68595	0.46281	0
0.694215	0.46281	0
0.702479	0.46281	0
0.710744	0.46281	0
0.719008	0.46281	0
0.727273	0.46281	0
0.735537	0.46281	0
0.743802	0.46281	0
0.752066	0.46281	0
0.760331	0.46281	0
0.768595	0.46281	0
0.77686	0.46281	0
0.785124	0.46281	0
0.793388	0.46281	0
0.801653	0.46281	0
0.809917	0.46281	0
0.818182	0.46281	0
0.826446	0.46281	0
0.834711	0.46281	0
0.842975	0.46281	0
0.85124	0.46281	0
0.859504	0.46281	0
0.867769	0.46281	0
0.876033	0.46281	0
0.884298	0.46281	0
0.892562	0.46281	0
0.900826	0.46281	0
0.909091	0.46281	0
0.917355	0.46281	0
0.92562	0.46281	0
0.933884	0.46281	0
0.942149	0.46281	0
0.950413	0.46281	0
0.958678	0.46281	0
0.966942	0.46281	0
0.975207	0.46281	0
0.983471	0.46281	0
0.991736	0.46281	0
1	0.46281	0
0.00826446	0.471074	0
0.0165289	0.471074	0
0.0247934	0.471074	0
0.0330579	0.471074	0
0.0413223	0.471074	0
0.0495868	0.471074	0
0.0578512	0.471074	0
0.0661157	0.471074	0
0.0743802	0.471074	0
0.0826446	0.471074	0
0.0909091	0.471074	0
0.0991736	0.471074	0
0.107438	0.471074	0
0.115702	0.471074	0
0.123967	0.471074	0
0.132231	0.471074	0
0.140496	0.471074	0
0.14876	0.471074	0
0.157025	0.471074	0
0.165289	0.471074	0
0.173554	0.471074	0
0.181818	0.471074	0
0.190083	0.471074	0
0.198347	0.471074	0
0.206612	0.471074	0
0.214876	0.471074	0
0.22314	0.471074	0
0.231405	0.471074	0
0.239669	0.471074	0
0.247934	0.471074	0
0.256198	0.471074	0
0.264463	0.471074	0
0.272727	0.471074	0
0.280992	0.471074	0
0.289256	0.471074	0
0.297521	0.471074	0
0.305785	0.471074	0
0.31405	0.471074	0
0.322314	0.471074	0
0.330579	0.471074	0
0.338843	0.471074	0
0.347107	0.471074	0
0.355372	0.471074	0
0.363636	0.471074	0
0.371901	0.471074	0
0.380165	0.471074	0
0.38843	0.471074	0
0.396694	0.471074	0
0.404959	0.471074	0
0.413223	0.471074	0
0.421488	0.471074	0
0.429752	0.471074	0
0.438017	0.471074	0
0.446281	0.471074	0
0.454545	0.471074	0
0.46281	0.471074	0
0.471074	0.471074	0
0.479339	0.471074	0
0.487603	0.471074	0
0.495868	0.471074	0
0.504132	0.471074	0
0.512397	0.471074	0
0.520661	0.471074	0
0.528926	0.471074	0
0.53719	0.471074	0
0.545455	0.471074	0
0.553719	0.471074	0
0.561983	0.471074	0
0.570248	0.471074	0
0.578512	0.471074	0
0.586777	0.471074	0
0.595041	0.471074	0
0.603306	0.471074	0
0.61157	0.471074	0
0.619835	0.471074	0
0.628099	0.471074	0
0.636364	0.471074	0
0.644628	0.471074	0
0.652893	0.471074	0
0.661157	0.471074	0
0.669421	0.471074	0
0.677686	0.471074	0
0.68595	0.471074	0
0.694215	0.471074	0
0.702479	0.471074	0
0.710744	0.471074	0
0.719008	0.471074	0
0.727273	0.471074	0
0.735537	0.471074	0
0.743802	0.471074	0
0.752066	0.471074	0
0.760331	0.471074	0
0.768595	0.471074	0
0.77686	0.471074	0
0.785124	0.471074	0
0.793388	0.471074	0
0.801653	0.471074	0
0.809917	0.471074	0
0.818182	0.471074	0
0.826446	0.471074	0
0.834711	0.471074	0
0.842975	0.471074	0
0.85124	0.471074	0
0.859504	0.471074	0
0.867769	0.471074	0
0.876033	0.471074	0
0.884298	0.471074	0
0.892562	0.471074	0
0.900826	0.471074	0
0.909091	0.471074	0
0.917355	0.471074	0
0.92562	0.471074	0
0.933884	0.471074	0
0.942149	0.471074	0
0.950413	0.471074	0
0.958678	0.471074	0
0.966942	0.471074	0
0.975207	0.471074	0
0.983471	0.471074	0
0.991736	0.471074	0
1	0.471074	0
0.00826446	0.479339	0
0.0165289	0.479339	0
0.0247934	0.479339	0
0.0330579	0.479339	0
0.0413223	0.479339	0
0.0495868	0.479339	0
0.0578512	0.479339	0
0.0661157	0.479339	0
0.0743802	0.479339	0
0.0826446	0.479339	0
0.0909091	0.479339	0
0.0991736	0.479339	0
0.107438	0.479339	0
0.115702	0.479339	0
0.123967	0.479339	0
0.132231	0.479339	0
0.140496	0.479339	0
0.14876	0.479339	0
0.157025	0.479339	0
0.165289	0.479339	0
0.173554	0.479339	0
0.181818	0.479339	0
0.190083	0.479339	0
0.198347	0.479339	0
0.206612	0.479339	0
0.214876	0.479339	0
0.22314	0.479339	0
0.231405	0.479339	0
0.239669	0.479339	0
0.247934	0.479339	0
0.256198	0.479339	0
0.264463	0.479339	0
0.272727	0.479339	0
0.280992	0.479339	0
0.289256	0.479339	0
0.297521	0.479339	0
0.305785	0.479339	0
0.31405	0.479339	0
0.322314	0.479339	0
0.330579	0.479339	0
0.338843	0.479339	0
0.347107	0.479339	0
0.355372	0.479339	0
0.363636	0.479339	0
0.371901	0.479339	0
0.380165	0.479339	0
0.38843	0.479339	0
0.396694	0.479339	0
0.404959	0.479339	0
0.413223	0.479339	0
0.421488	0.479339	0
0.429752	0.479339	0
0.438017	0.479339	0
0.446281	0.479339	0
0.454545	0.479339	0
0.46281	0.479339	0
0.471074	0.479339	0
0.479339	0.479339	0
0.487603	0.479339	0
0.495868	0.479339	0
0.504132	0.479339	0
0.512397	0.479339	0
0.520661	0.479339	0
0.528926	0.479339	0
0.53719	0.479339	0
0.545455	0.479339	0
0.553719	0.479339	0
0.561983	0.479339	0
0.570248	0.479339	0
0.578512	0.479339	0
0.586777	0.479339	0
0.595041	0.479339	0
0.603306	0.479339	0
0.61157	0.479339	0
0.619835	0.479339	0
0.628099	0.479339	0
0.636364	0.479339	0
0.644628	0.479339	0
0.652893	0.479339	0
0.661157	0.479339	0
0.669421	0.479339	0
0.677686	0.479339	0
0.68595	0.479339	0
0.694215	0.479339	0
0.702479	0.479339	0
0.710744	0.479339	0
0.719008	0.479339	0
0.727273	0.479339	0
0.735537	0.479339	0
0.743802	0.479339	0
0.752066	0.479339	0
0.760331	0.479339	0
0.768595	0.479339	0
0.77686	0.479339	0
0.785124	0.479339	0
0.793388	0.479339	0
0.801653	0.479339	0
0.809917	0.479339	0
0.818182	0.479339	0
0.826446	0.479339	0
0.834711	0.479339	0
0.842975	0.479339	0
0.85124	0.479339	0
0.859504	0.479339	0
0.867769	0.479339	0
0.876033	0.479339	0
0.884298	0.479339	0
0.892562	0.479339	0
0.900826	0.479339	0
0.909091	0.479339	0
0.917355	0.479339	0
0.92562	0.479339	0
0.933884	0.479339	0
0.942149	0.479339	0
0.950413	0.479339	0
0.958678	0.479339	0
0.966942	0.479339	0
0.975207	0.479339	0
0.983471	0.479339	0
0.991736	0.479339	0
1	0.479339	0
0.00826446	0.487603	0
0.0165289	0.487603	0
0.0247934	0.487603	0
0.0330579	0.487603	0
0.0413223	0.487603	0
0.0495868	0.487603	0
0.0578512	0.487603	0
0.0661157	0.487603	0
0.0743802	0.487603	0
0.0826446	0.487603	0
0.0909091	0.487603	0
0.0991736	0.487603	0
0.107438	0.487603	0
0.115702	0.487603	0
0.123967	0.487603	0
0.132231	0.487603	0
0.140496	0.487603	0
0.14876	0.487603	0
0.157025	0.487603	0
0.165289	0.487603	0
0.173554	0.487603	0
0.181818	0.487603	0
0.190083	0.487603	0
0.198347	0.487603	0
0.206612	0.487603	0
0.214876	0.487603	0
0.22314	0.487603	0
0.231405	0.487603	0
0.239669	0.487603	0
0.247934	0.487603	0
0.256198	0.487603	0
0.264463	0.487603	0
0.272727	0.487603	0
0.280992	0.487603	0
0.289256	0.487603	0
0.297521	0.487603	0
0.305785	0.487603	0
0.31405	0.487603	0
0.322314	0.487603	0
0.330579	0.487603	0
0.338843	0.487603	0
0.347107	0.487603	0
0.355372	0.487603	0
0.363636	0.487603	0
0.371901	0.487603	0
0.380165	0.487603	0
0.38843	0.487603	0
0.396694	0.487603	0
0.404959	0.487603	0
0.413223	0.487603	0
0.421488	0.487603	0
0.429752	0.487603	0
0.438017	0.487603	0
0.446281	0.487603	0
0.454545	0.487603	0
0.46281	0.487603	0
0.471074	0.487603	0
0.479339	0.487603	0
0.487603	0.487603	0
0.495868	0.487603	0
0.504132	0.487603	0
0.512397	0.487603	0
0.520661	0.487603	0
0.528926	0.487603	0
0.53719	0.487603	0
0.545455	0.487603	0
0.553719	0.487603	0
0.561983	0.487603	0
0.570248	0.487603	0
0.578512	0.487603	0
0.586777	0.487603	0
0.595041	0.487603	0
0.603306	0.487603	0
0.61157	0.487603	0
0.619835	0.487603	0
0.628099	0.487603	0
0.636364	0.487603	0
0.644628	0.487603	0
0.652893	0.487603	0
0.661157	0.487603	0
0.669421	0.487603	0
0.677686	0.487603	0
0.68595	0.487603	0
0.694215	0.487603	0
0.702479	0.487603	0
0.710744	0.487603	0
0.719008	0.487603	0
0.727273	0.487603	0
0.735537	0.487603	0
0.743802	0.487603	0
0.752066	0.487603	0
0.760331	0.487603	0
0.768595	0.487603	0
0.77686	0.487603	0
0.785124	0.487603	0
0.793388	0.487603	0
0.801653	0.487603	0
0.809917	0.487603	0
0.818182	0.487603	0
0.826446	0.487603	0
0.834711	0.487603	0
0.842975	0.487603	0
0.85124	0.487603	0
0.859504	0.487603	0
0.867769	0.487603	0
0.876033	0.487603	0
0.884298	0.487603	0
0.892562	0.487603	0
0.900826	0.487603	0
0.909091	0.487603	0
0.917355	0.487603	0
0.92562	0.487603	0
0.933884	0.487603	0
0.942149	0.487603	0
0.950413	0.487603	0
0.958678	0.487603	0
0.966942	0.487603	0
0.975207	0.487603	0
0.983471	0.487603	0
0.991736	0.487603	0
1	0.487603	0
0.00826446	0.495868	0
0.0165289	0.495868	0
0.0247934	0.495868	0
0.0330579	0.495868	0
0.0413223	0.495868	0
0.0495868	0.495868	0
0.0578512	0.495868	0
0.0661157	0.495868	0
0.0743802	0.495868	0
0.0826446	0.495868	0
0.0909091	0.495868	0
0.0991736	0.495868	0
0.107438	0.495868	0
0.115702	0.495868	0
0.123967	0.495868	0
0.132231	0.495868	0
0.140496	0.495868	0
0.14876	0.495868	0
0.157025	0.495868	0
0.165289	0.495868	0
0.173554	0.495868	0
0.181818	0.495868	0
0.190083	0.495868	0
0.198347	0.495868	0
0.206612	0.495868	0
0.214876	0.495868	0
0.22314	0.495868	0
0.231405	0.495868	0
0.239669	0.495868	0
0.247934	0.495868	0
0.256198	0.495868	0
0.264463	0.495868	0
0.272727	0.495868	0
0.280992	0.495868	0
0.289256	0.495868	0
0.297521	0.495868	0
0.305785	0.495868	0
0.31405	0.495868	0
0.322314	0.495868	0
0.330579	0.495868	0
0.338843	0.495868	0
0.347107	0.495868	0
0.355372	0.495868	0
0.363636	0.495868	0
0.371901	0.495868	0
0.380165	0.495868	0
0.38843	0.495868	0
0.396694	0.495868	0
0.404959	0.495868	0
0.413223	0.495868	0
0.421488	0.495868	0
0.429752	0.495868	0
0.438017	0.495868	0
0.446281	0.495868	0
0.454545	0.495868	0
0.46281	0.495868	0
0.471074	0.495868	0
0.479339	0.495868	0
0.487603	0.495868	0
0.495868	0.495868	0
0.504132	0.495868	0
0.512397	0.495868	0
0.520661	0.495868	0
0.528926	0.495868	0
0.53719	0.495868	0
0.545455	0.495868	0
0.553719	0.495868	0
0.561983	0.495868	0
0.570248	0.495868	0
0.578512	0.495868	0
0.586777	0.495868	0
0.595041	0.495868	0
0.603306	0.495868	0
0.61157	0.495868	0
0.619835	0.495868	0
0.628099	0.495868	0
0.636364	0.495868	0
0.644628	0.495868	0
0.652893	0.495868	0
0.661157	0.495868	0
0.669421	0.495868	0
0.677686	0.495868	0
0.68595	0.495868	0
0.694215	0.495868	0
0.702479	0.495868	0
0.710744	0.495868	0
0.719008	0.495868	0
0.727273	0.495868	0
0.735537	0.495868	0
0.743802	0.495868	0
0.752066	0.495868	0
0.760331	0.495868	0
0.768595	0.495868	0
0.77686	0.495868	0
0.785124	0.495868	0
0.793388	0.495868	0
0.801653	0.495868	0
0.809917	0.495868	0
0.818182	0.495868	0
0.826446	0.495868	0
0.834711	0.495868	0
0.842975	0.495868	0
0.85124	0.495868	0
0.859504	0.495868	0
0.867769	0.495868	0
0.876033	0.495868	0
0.884298	0.495868	0
0.892562	0.495868	0
0.900826	0.495868	0
0.909091	0.495868	0
0.917355	0.495868	0
0.92562	0.495868	0
0.933884	0.495868	0
0.942149	0.495868	0
0.950413	0.495868	0
0.958678	0.495868	0
0.966942	0.495868	0
0.975207	0.495868	0
0.983471	0.495868	0
0.991736	0.495868	0
1	0.495868	0
0.00826446	0.504132	0
0.0165289	0.504132	0
0.0247934	0.504132	0
0.0330579	0.504132	0
0.0413223	0.504132	0
0.0495868	0.504132	0
0.0578512	0.504132	0
0.0661157	0.504132	0
0.0743802	0.504132	0
0.0826446	0.504132	0
0.0909091	0.504132	0
0.0991736	0.504132	0
0.107438	0.504132	0
0.115702	0.504132	0
0.123967	0.504132	0
0.132231	0.504132	0
0.140496	0.504132	0
0.14876	0.504132	0
0.157025	0.504132	0
0.165289	0.504132	0
0.173554	0.504132	0
0.181818	0.504132	0
0.190083	0.504132	0
0.198347	0.504132	0
0.206612	0.504132	0
0.214876	0.504132	0
0.22314	0.504132	0
0.231405	0.504132	0
0.239669	0.504132	0
0.247934	0.504132	0
0.256198	0.504132	0
0.264463	0.504132	0
0.272727	0.504132	0
0.280992	0.504132	0
0.289256	0.504132	0
0.297521	0.504132	0
0.305785	0.504132	0
0.31405	0.504132	0
0.322314	0.504132	0
0.330579	0.504132	0
0.338843	0.504132	0
0.347107	0.504132	0
0.355372	0.504132	0
0.363636	0.504132	0
0.371901	0.504132	0
0.380165	0.504132	0
0.38843	0.504132	0
0.396694	0.504132	0
0.404959	0.504132	0
0.413223	0.504132	0
0.421488	0.504132	0
0.429752	0.504132	0
0.438017	0.504132	0
0.446281	0.504132	0
0.454545	0.504132	0
0.46281	0.504132	0
0.471074	0.504132	0
0.479339	0.504132	0
0.487603	0.504132	0
0.495868	0.504132	0
0.504132	0.504132	0
0.512397	0.504132	0
0.520661	0.504132	0
0.528926	0.504132	0
0.53719	0.504132	0
0.545455	0.504132	0
0.553719	0.504132	0
0.561983	0.504132	0
0.570248	0.504132	0
0.578512	0.504132	0
0.586777	0.504132	0
0.595041	0.504132	0
0.603306	0.504132	0
0.61157	0.504132	0
0.619835	0.504132	0
0.628099	0.504132	0
0.636364	0.504132	0
0.644628	0.504132	0
0.652893	0.504132	0
0.661157	0.504132	0
0.669421	0.504132	0
0.677686	0.504132	0
0.68595	0.504132	0
0.694215	0.504132	0
0.702479	0.504132	0
0.710744	0.504132	0
0.719008	0.504132	0
0.727273	0.504132	0
0.735537	0.504132	0
0.743802	0.504132	0
0.752066	0.504132	0
0.760331	0.504132	0
0.768595	0.504132	0
0.77686	0.504132	0
0.785124	0.504132	0
0.793388	0.504132	0
0.801653	0.504132	0
0.809917	0.504132	0
0.818182	0.504132	0
0.826446	0.504132	0
0.834711	0.504132	0
0.842975	0.504132	0
0.85124	0.504132	0
0.859504	0.504132	0
0.867769	0.504132	0
0.876033	0.504132	0
0.884298	0.504132	0
0.892562	0.504132	0
0.900826	0.504132	0
0.909091	0.504132	0
0.917355	0.504132	0
0.92562	0.504132	0
0.933884	0.504132	0
0.942149	0.504132	0
0.950413	0.504132	0
0.958678	0.504132	0
0.966942	0.504132	0
0.975207	0.504132	0
0.983471	0.504132	0
0.991736	0.504132	0
1	0.504132	0
0.00826446	0.512397	0
0.0165289	0.512397	0
0.0247934	0.512397	0
0.0330579	0.512397	0
0.0413223	0.512397	0
0.0495868	0.512397	0
0.0578512	0.512397	0
0.0661157	0.512397	0
0.0743802	0.512397	0
0.0826446	0.512397	0
0.0909091	0.512397	0
0.0991736	0.512397	0
0.107438	0.512397	0
0.115702	0.512397	0
0.123967	0.512397	0
0.132231	0.512397	0
0.140496	0.512397	0
0.14876	0.512397	0
0.157025	0.512397	0
0.165289	0.512397	0
0.173554	0.512397	0
0.181818	0.512397	0
0.190083	0.512397	0
0.198347	0.512397	0
0.206612	0.512397	0
0.214876	0.512397	0
0.22314	0.512397	0
0.231405	0.512397	0
0.239669	0.512397	0
0.247934	0.512397	0
0.256198	0.512397	0
0.264463	0.512397	0
0.272727	0.512397	0
0.280992	0.512397	0
0.289256	0.512397	0
0.297521	0.512397	0
0.305785	0.512397	0
0.31405	0.512397	0
0.322314	0.512397	0
0.330579	0.512397	0
0.338843	0.512397	0
0.347107	0.512397	0
0.355372	0.512397	0
0.363636	0.512397	0
0.371901	0.512397	0
0.380165	0.512397	0
0.38843	0.512397	0
0.396694	0.512397	0
0.404959	0.512397	0
0.413223	0.512397	0
0.421488	0.512397	0
0.429752	0.512397	0
0.438017	0.512397	0
0.446281	0.512397	0
0.454545	0.512397	0
0.46281	0.512397	0
0.471074	0.512397	0
0.479339	0.512397	0
0.487603	0.512397	0
0.495868	0.512397	0
0.504132	0.512397	0
0.512397	0.512397	0
0.520661	0.512397	0
0.528926	0.512397	0
0.53719	0.512397	0
0.545455	0.512397	0
0.553719	0.512397	0
0.561983	0.512397	0
0.570248	0.512397	0
0.578512	0.512397	0
0.586777	0.512397	0
0.595041	0.512397	0
0.603306	0.512397	0
0.61157	0.512397	0
0.619835	0.512397	0
0.628099	0.512397	0
0.636364	0.512397	0
0.644628	0.512397	0
0.652893	0.512397	0
0.661157	0.512397	0
0.669421	0.512397	0
0.677686	0.512397	0
0.68595	0.512397	0
0.694215	0.512397	0
0.702479	0.512397	0
0.710744	0.512397	0
0.719008	0.512397	0
0.727273	0.512397	0
0.735537	0.512397	0
0.743802	0.512397	0
0.752066	0.512397	0
0.760331	0.512397	0
0.768595	0.512397	0
0.77686	0.512397	0
0.785124	0.512397	0
0.793388	0.512397	0
0.801653	0.512397	0
0.809917	0.512397	0
0.818182	0.512397	0
0.826446	0.512397	0
0.834711	0.512397	0
0.842975	0.512397	0
0.85124	0.512397	0
0.859504	0.512397	0
0.867769	0.512397	0
0.876033	0.512397	0
0.884298	0.512397	0
0.892562	0.512397	0
0.900826	0.512397	0
0.909091	0.512397	0
0.917355	0.512397	0
0.92562	0.512397	0
0.933884	0.512397	0
0.942149	0.512397	0
0.950413	0.512397	0
0.958678	0.512397	0
0.966942	0.512397	0
0.975207	0.512397	0
0.983471	0.512397	0
0.991736	0.512397	0
1	0.512397	0
0.00826446	0.520661	0
0.0165289	0.520661	0
0.0247934	0.520661	0
0.0330579	0.520661	0
0.0413223	0.520661	0
0.0495868	0.520661	0
0.0578512	0.520661	0
0.0661157	0.520661	0
0.0743802	0.520661	0
0.0826446	0.520661	0
0.0909091	0.520661	0
0.0991736	0.520661	0
0.107438	0.520661	0
0.115702	0.520661	0
0.123967	0.520661	0
0.132231	0.520661	0
0.140496	0.520661	0
0.14876	0.520661	0
0.157025	0.520661	0
0.165289	0.520661	0
0.173554	0.520661	0
0.181818	0.520661	0
0.190083	0.520661	0
0.198347	0.520661	0
0.206612	0.520661	0
0.214876	0.520661	0
0.22314	0.520661	0
0.231405	0.520661	0
0.239669	0.520661	0
0.247934	0.520661	0
0.256198	0.520661	0
0.264463	0.520661	0
0.272727	0.520661	0
0.280992	0.520661	0
0.289256	0.520661	0
0.297521	0.520661	0
0.305785	0.520661	0
0.31405	0.520661	0
0.322314	0.520661	0
0.330579	0.520661	0
0.338843	0.520661	0
0.347107	0.520661	0
0.355372	0.520661	0
0.363636	0.520661	0
0.371901	0.520661	0
0.380165	0.520661	0
0.38843	0.520661	0
0.396694	0.520661	0
0.404959	0.520661	0
0.413223	0.520661	0
0.421488	0.520661	0
0.429752	0.520661	0
0.438017	0.520661	0
0.446281	0.520661	0
0.454545	0.520661	0
0.46281	0.520661	0
0.471074	0.520661	0
0.479339	0.520661	0
0.487603	0.520661	0
0.495868	0.520661	0
0.504132	0.520661	0
0.512397	0.520661	0
0.520661	0.520661	0
0.528926	0.520661	0
0.53719	0.520661	0
0.545455	0.520661	0
0.553719	0.520661	0
0.561983	0.520661	0
0.570248	0.520661	0
0.578512	0.520661	0
0.586777	0.520661	0
0.595041	0.520661	0
0.603306	0.520661	0
0.61157	0.520661	0
0.619835	0.520661	0
0.628099	0.520661	0
0.636364	0.520661	0
0.644628	0.520661	0
0.652893	0.520661	0
0.661157	0.520661	0
0.669421	0.520661	0
0.677686	0.520661	0
0.68595	0.520661	0
0.694215	0.520661	0
0.702479	0.520661	0
0.710744	0.520661	0
0.719008	0.520661	0
0.727273	0.520661	0
0.735537	0.520661	0
0.743802	0.520661	0
0.752066	0.520661	0
0.760331	0.520661	0
0.768595	0.520661	0
0.77686	0.520661	0
0.785124	0.520661	0
0.793388	0.520661	0
0.801653	0.520661	0
0.809917	0.520661	0
0.818182	0.520661	0
0.826446	0.520661	0
0.834711	0.520661	0
0.842975	0.520661	0
0.85124	0.520661	0
0.859504	0.520661	0
0.867769	0.520661	0
0.876033	0.520661	0
0.884298	0.520661	0
0.892562	0.520661	0
0.900826	0.520661	0
0.909091	0.520661	0
0.917355	0.520661	0
0.92562	0.520661	0
0.933884	0.520661	0
0.942149	0.520661	0
0.950413	0.520661	0
0.958678	0.520661	0
0.966942	0.520661	0
0.975207	0.520661	0
0.983471	0.520661	0
0.991736	0.520661	0
1	0.520661	0
0.00826446	0.528926	0
0.0165289	0.528926	0
0.0247934	0.528926	0
0.0330579	0.528926	0
0.0413223	0.528926	0
0.0495868	0.528926	0
0.0578512	0.528926	0
0.0661157	0.528926	0
0.0743802	0.528926	0
0.0826446	0.528926	0
0.0909091	0.528926	0
0.0991736	0.528926	0
0.107438	0.528926	0
0.115702	0.528926	0
0.123967	0.528926	0
0.132231	0.528926	0
0.140496	0.528926	0
0.14876	0.528926	0
0.157025	0.528926	0
0.165289	0.528926	0
0.173554	0.528926	0
0.181818	0.528926	0
0.190083	0.528926	0
0.198347	0.528926	0
0.206612	0.528926	0
0.214876	0.528926	0
0.22314	0.528926	0
0.231405	0.528926	0
0.239669	0.528926	0
0.247934	0.528926	0
0.256198	0.528926	0
0.264463	0.528926	0
0.272727	0.528926	0
0.280992	0.528926	0
0.289256	0.528926	0
0.297521	0.528926	0
0.305785	0.528926	0
0.31405	0.528926	0
0.322314	0.528926	0
0.330579	0.528926	0
0.338843	0.528926	0
0.347107	0.528926	0
0.355372	0.528926	0
0.363636	0.528926	0
0.371901	0.528926	0
0.380165	0.528926	0
0.38843	0.528926	0
0.396694	0.528926	0
0.404959	0.528926	0
0.413223	0.528926	0
0.421488	0.528926	0
0.429752	0.528926	0
0.438017	0.528926	0
0.446281	0.528926	0
0.454545	0.528926	0
0.46281	0.528926	0
0.471074	0.528926	0
0.479339	0.528926	0
0.487603	0.528926	0
0.495868	0.528926	0
0.504132	0.528926	0
0.512397	0.528926	0
0.520661	0.528926	0
0.528926	0.528926	0
0.53719	0.528926	0
0.545455	0.528926	0
0.553719	0.528926	0
0.561983	0.528926	0
0.570248	0.528926	0
0.578512	0.528926	0
0.586777	0.528926	0
0.595041	0.528926	0
0.603306	0.528926	0
0.61157	0.528926	0
0.619835	0.528926	0
0.628099	0.528926	0
0.636364	0.528926	0
0.644628	0.528926	0
0.652893	0.528926	0
0.661157	0.528926	0
0.669421	0.528926	0
0.677686	0.528926	0
0.68595	0.528926	0
0.694215	0.528926	0
0.702479	0.528926	0
0.710744	0.528926	0
0.719008	0.528926	0
0.727273	0.528926	0
0.735537	0.528926	0
0.743802	0.528926	0
0.752066	0.528926	0
0.760331	0.528926	0
0.768595	0.528926	0
0.77686	0.528926	0
0.785124	0.528926	0
0.793388	0.528926	0
0.801653	0.528926	0
0.809917	0.528926	0
0.818182	0.528926	0
0.826446	0.528926	0
0.834711	0.528926	0
0.842975	0.528926	0
0.85124	0.528926	0
0.859504	0.528926	0
0.867769	0.528926	0
0.876033	0.528926	0
0.884298	0.528926	0
0.892562	0.528926	0
0.900826	0.528926	0
0.909091	0.528926	0
0.917355	0.528926	0
0.92562	0.528926	0
0.933884	0.528926	0
0.942149	0.528926	0
0.950413	0.528926	0
0.958678	0.528926	0
0.966942	0.528926	0
0.975207	0.528926	0
0.983471	0.528926	0
0.991736	0.528926	0
1	0.528926	0
0.00826446	0.53719	0
0.0165289	0.53719	0
0.0247934	0.53719	0
0.0330579	0.53719	0
0.0413223	0.53719	0
0.0495868	0.53719	0
0.0578512	0.53719	0
0.0661157	0.53719	0
0.0743802	0.53719	0
0.0826446	0.53719	0
0.0909091	0.53719	0
0.0991736	0.53719	0
0.107438	0.53719	0
0.115702	0.53719	0
0.123967	0.53719	0
0.132231	0.53719	0
0.140496	0.53719	0
0.14876	0.53719	0
0.157025	0.53719	0
0.165289	0.53719	0
0.173554	0.53719	0
0.181818	0.53719	0
0.190083	0.53719	0
0.198347	0.53719	0
0.206612	0.53719	0
0.214876	0.53719	0
0.22314	0.53719	0
0.231405	0.53719	0
0.239669	0.53719	0
0.247934	0.53719	0
0.256198	0.53719	0
0.264463	0.53719	0
0.272727	0.53719	0
0.280992	0.53719	0
0.289256	0.53719	0
0.297521	0.53719	0
0.305785	0.53719	0
0.31405	0.53719	0
0.322314	0.53719	0
0.330579	0.53719	0
0.338843	0.53719	0
0.347107	0.53719	0
0.355372	0.53719	0
0.363636	0.53719	0
0.371901	0.53719	0
0.380165	0.53719	0
0.38843	0.53719	0
0.396694	0.53719	0
0.404959	0.53719	0
0.413223	0.53719	0
0.421488	0.53719	0
0.429752	0.53719	0
0.438017	0.53719	0
0.446281	0.53719	0
0.454545	0.53719	0
0.46281	0.53719	0
0.471074	0.53719	0
0.479339	0.53719	0
0.487603	0.53719	0
0.495868	0.53719	0
0.504132	0.53719	0
0.512397	0.53719	0
0.520661	0.53719	0
0.528926	0.53719	0
0.53719	0.53719	0
0.545455	0.53719	0
0.553719	0.53719	0
0.561983	0.53719	0
0.570248	0.53719	0
0.578512	0.53719	0
0.586777	0.53719	0
0.595041	0.53719	0
0.603306	0.53719	0
0.61157	0.53719	0
0.619835	0.53719	0
0.628099	0.53719	0
0.636364	0.53719	0
0.644628	0.53719	0
0.652893	0.53719	0
0.661157	0.53719	0
0.669421	0.53719	0
0.677686	0.53719	0
0.68595	0.53719	0
0.694215	0.53719	0
0.702479	0.53719	0
0.710744	0.53719	0
0.719008	0.53719	0
0.727273	0.53719	0
0.735537	0.53719	0
0.743802	0.53719	0
0.752066	0.53719	0
0.760331	0.53719	0
0.768595	0.53719	0
0.77686	0.53719	0
0.785124	0.53719	0
0.793388	0.53719	0
0.801653	0.53719	0
0.809917	0.53719	0
0.818182	0.53719	0
0.826446	0.53719	0
0.834711	0.53719	0
0.842975	0.53719	0
0.85124	0.53719	0
0.859504	0.53719	0
0.867769	0.53719	0
0.876033	0.53719	0
0.884298	0.53719	0
0.892562	0.53719	0
0.900826	0.53719	0
0.909091	0.53719	0
0.917355	0.53719	0
0.92562	0.53719	0
0.933884	0.53719	0
0.942149	0.53719	0
0.950413	0.53719	0
0.958678	0.53719	0
0.966942	0.53719	0
0.975207	0.53719	0
0.983471	0.53719	0
0.991736	0.53719	0
1	0.53719	0
0.00826446	0.545455	0
0.0165289	0.545455	0
0.0247934	0.545455	0
0.0330579	0.545455	0
0.0413223	0.545455	0
0.0495868	0.545455	0
0.0578512	0.545455	0
0.0661157	0.545455	0
0.0743802	0.545455	0
0.0826446	0.545455	0
0.0909091	0.545455	0
0.0991736	0.545455	0
0.107438	0.545455	0
0.115702	0.545455	0
0.123967	0.545455	0
0.132231	0.545455	0
0.140496	0.545455	0
0.14876	0.545455	0
0.157025	0.545455	0
0.165289	0.545455	0
0.173554	0.545455	0
0.181818	0.545455	0
0.190083	0.545455	0
0.198347	0.545455	0
0.206612	0.545455	0
0.214876	0.545455	0
0.22314	0.545455	0
0.231405	0.545455	0
0.239669	0.545455	0
0.247934	0.545455	0
0.256198	0.545455	0
0.264463	0.545455	0
0.272727	0.545455	0
0.280992	0.545455	0
0.289256	0.545455	0
0.297521	0.545455	0
0.305785	0.545455	0
0.31405	0.545455	0
0.322314	0.545455	0
0.330579	0.545455	0
0.338843	0.545455	0
0.347107	0.545455	0
0.355372	0.545455	0
0.363636	0.545455	0
0.371901	0.545455	0
0.380165	0.545455	0
0.38843	0.545455	0
0.396694	0.545455	0
0.404959	0.545455	0
0.413223	0.545455	0
0.421488	0.545455	0
0.429752	0.545455	0
0.438017	0.545455	0
0.446281	0.545455	0
0.454545	0.545455	0
0.46281	0.545455	0
0.471074	0.545455	0
0.479339	0.545455	0
0.487603	0.545455	0
0.495868	0.545455	0
0.504132	0.545455	0
0.512397	0.545455	0
0.520661	0.545455	0
0.528926	0.545455	0
0.53719	0.545455	0
0.545455	0.545455	0
0.553719	0.545455	0
0.561983	0.545455	0
0.570248	0.545455	0
0.578512	0.545455	0
0.586777	0.545455	0
0.595041	0.545455	0
0.603306	0.545455	0
0.61157	0.545455	0
0.619835	0.545455	0
0.628099	0.545455	0
0.636364	0.545455	0
0.644628	0.545455	0
0.652893	0.545455	0
0.661157	0.545455	0
0.669421	0.545455	0
0.677686	0.545455	0
0.68595	0.545455	0
0.694215	0.545455	0
0.702479	0.545455	0
0.710744	0.545455	0
0.719008	0.545455	0
0.727273	0.545455	0
0.735537	0.545455	0
0.743802	0.545455	0
0.752066	0.545455	0
0.760331	0.545455	0
0.768595	0.545455	0
0.77686	0.545455	0
0.785124	0.545455	0
0.793388	0.545455	0
0.801653	0.545455	0
0.809917	0.545455	0
0.818182	0.545455	0
0.826446	0.545455	0
0.834711	0.545455	0
0.842975	0.545455	0
0.85124	0.545455	0
0.859504	0.545455	0
0.867769	0.545455	0
0.876033	0.545455	0
0.884298	0.545455	0
0.892562	0.545455	0
0.900826	0.545455	0
0.909091	0.545455	0
0.917355	0.545455	0
0.92562	0.545455	0
0.933884	0.545455	0
0.942149	0.545455	0
0.950413	0.545455	0
0.958678	0.545455	0
0.966942	0.545455	0
0.975207	0.545455	0
0.983471	0.545455	0
0.991736	0.545455	0
1	0.545455	0
0.00826446	0.553719	0
0.0165289	0.553719	0
0.0247934	0.553719	0
0.0330579	0.553719	0
0.0413223	0.553719	0
0.0495868	0.553719	0
0.0578512	0.553719	0
0.0661157	0.553719	0
0.0743802	0.553719	0
0.0826446	0.553719	0
0.0909091	0.553719	0
0.0991736	0.553719	0
0.107438	0.553719	0
0.115702	0.553719	0
0.123967	0.553719	0
0.132231	0.553719	0
0.140496	0.553719	0
0.14876	0.553719	0
0.157025	0.553719	0
0.165289	0.553719	0
0.173554	0.553719	0
0.181818	0.553719	0
0.190083	0.553719	0
0.198347	0.553719	0
0.206612	0.553719	0
0.214876	0.553719	0
0.22314	0.553719	0
0.231405	0.553719	0
0.239669	0.553719	0
0.247934	0.553719	0
0.256198	0.553719	0
0.264463	0.553719	0
0.272727	0.553719	0
0.280992	0.553719	0
0.289256	0.553719	0
0.297521	0.553719	0
0.305785	0.553719	0
0.31405	0.553719	0
0.322314	0.553719	0
0.330579	0.553719	0
0.338843	0.553719	0
0.347107	0.553719	0
0.355372	0.553719	0
0.363636	0.553719	0
0.371901	0.553719	0
0.380165	0.553719	0
0.38843	0.553719	0
0.396694	0.553719	0
0.404959	0.553719	0
0.413223	0.553719	0
0.421488	0.553719	0
0.429752	0.553719	0
0.438017	0.553719	0
0.446281	0.553719	0
0.454545	0.553719	0
0.46281	0.553719	0
0.471074	0.553719	0
0.479339	0.553719	0
0.487603	0.553719	0
0.495868	0.553719	0
0.504132	0.553719	0
0.512397	0.553719	0
0.520661	0.553719	0
0.528926	0.553719	0
0.53719	0.553719	0
0.545455	0.553719	0
0.553719	0.553719	0
0.561983	0.553719	0
0.570248	0.553719	0
0.578512	0.553719	0
0.586777	0.553719	0
0.595041	0.553719	0
0.603306	0.553719	0
0.61157	0.553719	0
0.619835	0.553719	0
0.628099	0.553719	0
0.636364	0.553719	0
0.644628	0.553719	0
0.652893	0.553719	0
0.661157	0.553719	0
0.669421	0.553719	0
0.677686	0.553719	0
0.68595	0.553719	0
0.694215	0.553719	0
0.702479	0.553719	0
0.710744	0.553719	0
0.719008	0.553719	0
0.727273	0.553719	0
0.735537	0.553719	0
0.743802	0.553719	0
0.752066	0.553719	0
0.760331	0.553719	0
0.768595	0.553719	0
0.77686	0.553719	0
0.785124	0.553719	0
0.793388	0.553719	0
0.801653	0.553719	0
0.809917	0.553719	0
0.818182	0.553719	0
0.826446	0.553719	0
0.834711	0.553719	0
0.842975	0.553719	0
0.85124	0.553719	0
0.859504	0.553719	0
0.867769	0.553719	0
0.876033	0.553719	0
0.884298	0.553719	0
0.892562	0.553719	0
0.900826	0.553719	0
0.909091	0.553719	0
0.917355	0.553719	0
0.92562	0.553719	0
0.933884	0.553719	0
0.942149	0.553719	0
0.950413	0.553719	0
0.958678	0.553719	0
0.966942	0.553719	0
0.975207	0.553719	0
0.983471	0.553719	0
0.991736	0.553719	0
1	0.553719	0
0.00826446	0.561983	0
0.0165289	0.561983	0
0.0247934	0.561983	0
0.0330579	0.561983	0
0.0413223	0.561983	0
0.0495868	0.561983	0
0.0578512	0.561983	0
0.0661157	0.561983	0
0.0743802	0.561983	0
0.0826446	0.561983	0
0.0909091	0.561983	0
0.0991736	0.561983	0
0.107438	0.561983	0
0.115702	0.561983	0
0.123967	0.561983	0
0.132231	0.561983	0
0.140496	0.561983	0
0.14876	0.561983	0
0.157025	0.561983	0
0.165289	0.561983	0
0.173554	0.561983	0
0.181818	0.561983	0
0.190083	0.561983	0
0.198347	0.561983	0
0.206612	0.561983	0
0.214876	0.561983	0
0.22314	0.561983	0
0.231405	0.561983	0
0.239669	0.561983	0
0.247934	0.561983	0
0.256198	0.561983	0
0.264463	0.561983	0
0.272727	0.561983	0
0.280992	0.561983	0
0.289256	0.561983	0
0.297521	0.561983	0
0.305785	0.561983	0
0.31405	0.561983	0
0.322314	0.561983	0
0.330579	0.561983	0
0.338843	0.561983	0
0.347107	0.561983	0
0.355372	0.561983	0
0.363636	0.561983	0
0.371901	0.561983	0
0.380165	0.561983	0
0.38843	0.561983	0
0.396694	0.561983	0
0.404959	0.561983	0
0.413223	0.561983	0
0.421488	0.561983	0
0.429752	0.561983	0
0.438017	0.561983	0
0.446281	0.561983	0
0.454545	0.561983	0
0.46281	0.561983	0
0.471074	0.561983	0
0.479339	0.561983	0
0.487603	0.561983	0
0.495868	0.561983	0
0.504132	0.561983	0
0.512397	0.561983	0
0.520661	0.561983	0
0.528926	0.561983	0
0.53719	0.561983	0
0.545455	0.561983	0
0.553719	0.561983	0
0.561983	0.561983	0
0.570248	0.561983	0
0.578512	0.561983	0
0.586777	0.561983	0
0.595041	0.561983	0
0.603306	0.561983	0
0.61157	0.561983	0
0.619835	0.561983	0
0.628099	0.561983	0
0.636364	0.561983	0
0.644628	0.561983	0
0.652893	0.561983	0
0.661157	0.561983	0
0.669421	0.561983	0
0.677686	0.561983	0
0.68595	0.561983	0
0.694215	0.561983	0
0.702479	0.561983	0
0.710744	0.561983	0
0.719008	0.561983	0
0.727273	0.561983	0
0.735537	0.561983	0
0.743802	0.561983	0
0.752066	0.561983	0
0.760331	0.561983	0
0.768595	0.561983	0
0.77686	0.561983	0
0.785124	0.561983	0
0.793388	0.561983	0
0.801653	0.561983	0
0.809917	0.561983	0
0.818182	0.561983	0
0.826446	0.561983	0
0.834711	0.561983	0
0.842975	0.561983	0
0.85124	0.561983	0
0.859504	0.561983	0
0.867769	0.561983	0
0.876033	0.561983	0
0.884298	0.561983	0
0.892562	0.561983	0
0.900826	0.561983	0
0.909091	0.561983	0
0.917355	0.561983	0
0.92562	0.561983	0
0.933884	0.561983	0
0.942149	0.561983	0
0.950413	0.561983	0
0.958678	0.561983	0
0.966942	0.561983	0
0.975207	0.561983	0
0.983471	0.561983	0
0.991736	0.561983	0
1	0.561983	0
0.00826446	0.570248	0
0.0165289	0.570248	0
0.0247934	0.570248	0
0.0330579	0.570248	0
0.0413223	0.570248	0
0.0495868	0.570248	0
0.0578512	0.570248	0
0.0661157	0.570248	0
0.0743802	0.570248	0
0.0826446	0.570248	0
0.0909091	0.570248	0
0.0991736	0.570248	0
0.107438	0.570248	0
0.115702	0.570248	0
0.123967	0.570248	0
0.132231	0.570248	0
0.140496	0.570248	0
0.14876	0.570248	0
0.157025	0.570248	0
0.165289	0.570248	0
0.173554	0.570248	0
0.181818	0.570248	0
0.190083	0.570248	0
0.198347	0.570248	0
0.206612	0.570248	0
0.214876	0.570248	0
0.22314	0.570248	0
0.231405	0.570248	0
0.239669	0.570248	0
0.247934	0.570248	0
0.256198	0.570248	0
0.264463	0.570248	0
0.272727	0.570248	0
0.280992	0.570248	0
0.289256	0.570248	0
0.297521	0.570248	0
0.305785	0.570248	0
0.31405	0.570248	0
0.322314	0.570248	0
0.330579	0.570248	0
0.338843	0.570248	0
0.347107	0.570248	0
0.355372	0.570248	0
0.363636	0.570248	0
0.371901	0.570248	0
0.380165	0.570248	0
0.38843	0.570248	0
0.396694	0.570248	0
0.404959	0.570248	0
0.413223	0.570248	0
0.421488	0.570248	0
0.429752	0.570248	0
0.438017	0.570248	0
0.446281	0.570248	0
0.454545	0.570248	0
0.46281	0.570248	0
0.471074	0.570248	0
0.479339	0.570248	0
0.487603	0.570248	0
0.495868	0.570248	0
0.504132	0.570248	0
0.512397	0.570248	0
0.520661	0.570248	0
0.528926	0.570248	0
0.53719	0.570248	0
0.545455	0.570248	0
0.553719	0.570248	0
0.561983	0.570248	0
0.570248	0.570248	0
0.578512	0.570248	0
0.586777	0.570248	0
0.595041	0.570248	0
0.603306	0.570248	0
0.61157	0.570248	0
0.619835	0.570248	0
0.628099	0.570248	0
0.636364	0.570248	0
0.644628	0.570248	0
0.652893	0.570248	0
0.661157	0.570248	0
0.669421	0.570248	0
0.677686	0.570248	0
0.68595	0.570248	0
0.694215	0.570248	0
0.702479	0.570248	0
0.710744	0.570248	0
0.719008	0.570248	0
0.727273	0.570248	0
0.735537	0.570248	0
0.743802	0.570248	0
0.752066	0.570248	0
0.760331	0.570248	0
0.768595	0.570248	0
0.77686	0.570248	0
0.785124	0.570248	0
0.793388	0.570248	0
0.801653	0.570248	0
0.809917	0.570248	0
0.818182	0.570248	0
0.826446	0.570248	0
0.834711	0.570248	0
0.842975	0.570248	0
0.85124	0.570248	0
0.859504	0.570248	0
0.867769	0.570248	0
0.876033	0.570248	0
0.884298	0.570248	0
0.892562	0.570248	0
0.900826	0.570248	0
0.909091	0.570248	0
0.917355	0.570248	0
0.92562	0.570248	0
0.933884	0.570248	0
0.942149	0.570248	0
0.950413	0.570248	0
0.958678	0.570248	0
0.966942	0.570248	0
0.975207	0.570248	0
0.983471	0.570248	0
0.991736	0.570248	0
1	0.570248	0
0.00826446	0.578512	0
0.0165289	0.578512	0
0.0247934	0.578512	0
0.0330579	0.578512	0
0.0413223	0.578512	0
0.0495868	0.578512	0
0.0578512	0.578512	0
0.0661157	0.578512	0
0.0743802	0.578512	0
0.0826446	0.578512	0
0.0909091	0.578512	0
0.0991736	0.578512	0
0.107438	0.578512	0
0.115702	0.578512	0
0.123967	0.578512	0
0.132231	0.578512	0
0.140496	0.578512	0
0.14876	0.578512	0
0.157025	0.578512	0
0.165289	0.578512	0
0.173554	0.578512	0
0.181818	0.578512	0
0.190083	0.578512	0
0.198347	0.578512	0
0.206612	0.578512	0
0.214876	0.578512	0
0.22314	0.578512	0
0.231405	0.578512	0
0.239669	0.578512	0
0.247934	0.578512	0
0.256198	0.578512	0
0.264463	0.578512	0
0.272727	0.578512	0
0.280992	0.578512	0
0.289256	0.578512	0
0.297521	0.578512	0
0.305785	0.578512	0
0.31405	0.578512	0
0.322314	0.578512	0
0.330579	0.578512	0
0.338843	0.578512	0
0.347107	0.578512	0
0.355372	0.578512	0
0.363636	0.578512	0
0.371901	0.578512	0
0.380165	0.578512	0
0.38843	0.578512	0
0.396694	0.578512	0
0.404959	0.578512	0
0.413223	0.578512	0
0.421488	0.578512	0
0.429752	0.578512	0
0.438017	0.578512	0
0.446281	0.578512	0
0.454545	0.578512	0
0.46281	0.578512	0
0.471074	0.578512	0
0.479339	0.578512	0
0.487603	0.578512	0
0.495868	0.578512	0
0.504132	0.578512	0
0.512397	0.578512	0
0.520661	0.578512	0
0.528926	0.578512	0
0.53719	0.578512	0
0.545455	0.578512	0
0.553719	0.578512	0
0.561983	0.578512	0
0.570248	0.578512	0
0.578512	0.578512	0
0.586777	0.578512	0
0.595041	0.578512	0
0.603306	0.578512	0
0.61157	0.578512	0
0.619835	0.578512	0
0.628099	0.578512	0
0.636364	0.578512	0
0.644628	0.578512	0
0.652893	0.578512	0
0.661157	0.578512	0
0.669421	0.578512	0
0.677686	0.578512	0
0.68595	0.578512	0
0.694215	0.578512	0
0.702479	0.578512	0
0.710744	0.578512	0
0.719008	0.578512	0
0.727273	0.578512	0
0.735537	0.578512	0
0.743802	0.578512	0
0.752066	0.578512	0
0.760331	0.578512	0
0.768595	0.578512	0
0.77686	0.578512	0
0.785124	0.578512	0
0.793388	0.578512	0
0.801653	0.578512	0
0.809917	0.578512	0
0.818182	0.578512	0
0.826446	0.578512	0
0.834711	0.578512	0
0.842975	0.578512	0
0.85124	0.578512	0
0.859504	0.578512	0
0.867769	0.578512	0
0.876033	0.578512	0
0.884298	0.578512	0
0.892562	0.578512	0
0.900826	0.578512	0
0.909091	0.578512	0
0.917355	0.578512	0
0.92562	0.578512	0
0.933884	0.578512	0
0.942149	0.578512	0
0.950413	0.578512	0
0.958678	0.578512	0
0.966942	0.578512	0
0.975207	0.578512	0
0.983471	0.578512	0
0.991736	0.578512	0
1	0.578512	0
0.00826446	0.586777	0
0.0165289	0.586777	0
0.0247934	0.586777	0
0.0330579	0.586777	0
0.0413223	0.586777	0
0.0495868	0.586777	0
0.0578512	0.586777	0
0.0661157	0.586777	0
0.0743802	0.586777	0
0.0826446	0.586777	0
0.0909091	0.586777	0
0.0991736	0.586777	0
0.107438	0.586777	0
0.115702	0.586777	0
0.123967	0.586777	0
0.132231	0.586777	0
0.140496	0.586777	0
0.14876	0.586777	0
0.157025	0.586777	0
0.165289	0.586777	0
0.173554	0.586777	0
0.181818	0.586777	0
0.190083	0.586777	0
0.198347	0.586777	0
0.206612	0.586777	0
0.214876	0.586777	0
0.22314	0.586777	0
0.231405	0.586777	0
0.239669	0.586777	0
0.247934	0.586777	0
0.256198	0.586777	0
0.264463	0.586777	0
0.272727	0.586777	0
0.280992	0.586777	0
0.289256	0.586777	0
0.297521	0.586777	0
0.305785	0.586777	0
0.31405	0.586777	0
0.322314	0.586777	0
0.330579	0.586777	0
0.338843	0.586777	0
0.347107	0.586777	0
0.355372	0.586777	0
0.363636	0.586777	0
0.371901	0.586777	0
0.380165	0.586777	0
0.38843	0.586777	0
0.396694	0.586777	0
0.404959	0.586777	0
0.413223	0.586777	0
0.421488	0.586777	0
0.429752	0.586777	0
0.438017	0.586777	0
0.446281	0.586777	0
0.454545	0.586777	0
0.46281	0.586777	0
0.471074	0.586777	0
0.479339	0.586777	0
0.487603	0.586777	0
0.495868	0.586777	0
0.504132	0.586777	0
0.512397	0.586777	0
0.520661	0.586777	0
0.528926	0.586777	0
0.53719	0.586777	0
0.545455	0.586777	0
0.553719	0.586777	0
0.561983	0.586777	0
0.570248	0.586777	0
0.578512	0.586777	0
0.586777	0.586777	0
0.595041	0.586777	0
0.603306	0.586777	0
0.61157	0.586777	0
0.619835	0.586777	0
0.628099	0.586777	0
0.636364	0.586777	0
0.644628	0.586777	0
0.652893	0.586777	0
0.661157	0.586777	0
0.669421	0.586777	0
0.677686	0.586777	0
0.68595	0.586777	0
0.694215	0.586777	0
0.702479	0.586777	0
0.710744	0.586777	0
0.719008	0.586777	0
0.727273	0.586777	0
0.735537	0.586777	0
0.743802	0.586777	0
0.752066	0.586777	0
0.760331	0.586777	0
0.768595	0.586777	0
0.77686	0.586777	0
0.785124	0.586777	0
0.793388	0.586777	0
0.801653	0.586777	0
0.809917	0.586777	0
0.818182	0.586777	0
0.826446	0.586777	0
0.834711	0.586777	0
0.842975	0.586777	0
0.85124	0.586777	0
0.859504	0.586777	0
0.867769	0.586777	0
0.876033	0.586777	0
0.884298	0.586777	0
0.892562	0.586777	0
0.900826	0.586777	0
0.909091	0.586777	0
0.917355	0.586777	0
0.92562	0.586777	0
0.933884	0.586777	0
0.942149	0.586777	0
0.950413	0.586777	0
0.958678	0.586777	0
0.966942	0.586777	0
0.975207	0.586777	0
0.983471	0.586777	0
0.991736	0.586777	0
1	0.586777	0
0.00826446	0.595041	0
0.0165289	0.595041	0
0.0247934	0.595041	0
0.0330579	0.595041	0
0.0413223	0.595041	0
0.0495868	0.595041	0
0.0578512	0.595041	0
0.0661157	0.595041	0
0.0743802	0.595041	0
0.0826446	0.595041	0
0.0909091	0.595041	0
0.0991736	0.595041	0
0.107438	0.595041	0
0.115702	0.595041	0
0.123967	0.595041	0
0.132231	0.595041	0
0.140496	0.595041	0
0.14876	0.595041	0
0.157025	0.595041	0
0.165289	0.595041	0
0.173554	0.595041	0
0.181818	0.595041	0
0.190083	0.595041	0
0.198347	0.595041	0
0.206612	0.595041	0
0.214876	0.595041	0
0.22314	0.595041	0
0.231405	0.595041	0
0.239669	0.595041	0
0.247934	0.595041	0
0.256198	0.595041	0
0.264463	0.595041	0
0.272727	0.595041	0
0.280992	0.595041	0
0.289256	0.595041	0
0.297521	0.595041	0
0.305785	0.595041	0
0.31405	0.595041	0
0.322314	0.595041	0
0.330579	0.595041	0
0.338843	0.595041	0
0.347107	0.595041	0
0.355372	0.595041	0
0.363636	0.595041	0
0.371901	0.595041	0
0.380165	0.595041	0
0.38843	0.595041	0
0.396694	0.595041	0
0.404959	0.595041	0
0.413223	0.595041	0
0.421488	0.595041	0
0.429752	0.595041	0
0.438017	0.595041	0
0.446281	0.595041	0
0.454545	0.595041	0
0.46281	0.595041	0
0.471074	0.595041	0
0.479339	0.595041	0
0.487603	0.595041	0
0.495868	0.595041	0
0.504132	0.595041	0
0.512397	0.595041	0
0.520661	0.595041	0
0.528926	0.595041	0
0.53719	0.595041	0
0.545455	0.595041	0
0.553719	0.595041	0
0.561983	0.595041	0
0.570248	0.595041	0
0.578512	0.595041	0
0.586777	0.595041	0
0.595041	0.595041	0
0.603306	0.595041	0
0.61157	0.595041	0
0.619835	0.595041	0
0.628099	0.595041	0
0.636364	0.595041	0
0.644628	0.595041	0
0.652893	0.595041	0
0.661157	0.595041	0
0.669421	0.595041	0
0.677686	0.595041	0
0.68595	0.595041	0
0.694215	0.595041	0
0.702479	0.595041	0
0.710744	0.595041	0
0.719008	0.595041	0
0.727273	0.595041	0
0.735537	0.595041	0
0.743802	0.595041	0
0.752066	0.595041	0
0.760331	0.595041	0
0.768595	0.595041	0
0.77686	0.595041	0
0.785124	0.595041	0
0.793388	0.595041	0
0.801653	0.595041	0
0.809917	0.595041	0
0.818182	0.595041	0
0.826446	0.595041	0
0.834711	0.595041	0
0.842975	0.595041	0
0.85124	0.595041	0
0.859504	0.595041	0
0.867769	0.595041	0
0.876033	0.595041	0
0.884298	0.595041	0
0.892562	0.595041	0
0.900826	0.595041	0
0.909091	0.595041	0
0.917355	0.595041	0
0.92562	0.595041	0
0.933884	0.595041	0
0.942149	0.595041	0
0.950413	0.595041	0
0.958678	0.595041	0
0.966942	0.595041	0
0.975207	0.595041	0
0.983471	0.595041	0
0.991736	0.595041	0
1	0.595041	0
0.00826446	0.603306	0
0.0165289	0.603306	0
0.0247934	0.603306	0
0.0330579	0.603306	0
0.0413223	0.603306	0
0.0495868	0.603306	0
0.0578512	0.603306	0
0.0661157	0.603306	0
0.0743802	0.603306	0
0.0826446	0.603306	0
0.0909091	0.603306	0
0.0991736	0.603306	0
0.107438	0.603306	0
0.115702	0.603306	0
0.123967	0.603306	0
0.132231	0.603306	0
0.140496	0.603306	0
0.14876	0.603306	0
0.157025	0.603306	0
0.165289	0.603306	0
0.173554	0.603306	0
0.181818	0.603306	0
0.190083	0.603306	0
0.198347	0.603306	0
0.206612	0.603306	0
0.214876	0.603306	0
0.22314	0.603306	0
0.231405	0.603306	0
0.239669	0.603306	0
0.247934	0.603306	0
0.256198	0.603306	0
0.264463	0.603306	0
0.272727	0.603306	0
0.280992	0.603306	0
0.289256	0.603306	0
0.297521	0.603306	0
0.305785	0.603306	0
0.31405	0.603306	0
0.322314	0.603306	0
0.330579	0.603306	0
0.338843	0.603306	0
0.347107	0.603306	0
0.355372	0.603306	0
0.363636	0.603306	0
0.371901	0.603306	0
0.380165	0.603306	0
0.38843	0.603306	0
0.396694	0.603306	0
0.404959	0.603306	0
0.413223	0.603306	0
0.421488	0.603306	0
0.429752	0.603306	0
0.438017	0.603306	0
0.446281	0.603306	0
0.454545	0.603306	0
0.46281	0.603306	0
0.471074	0.603306	0
0.479339	0.603306	0
0.487603	0.603306	0
0.495868	0.603306	0
0.504132	0.603306	0
0.512397	0.603306	0
0.520661	0.603306	0
0.528926	0.603306	0
0.53719	0.603306	0
0.545455	0.603306	0
0.553719	0.603306	0
0.561983	0.603306	0
0.570248	0.603306	0
0.578512	0.603306	0
0.586777	0.603306	0
0.595041	0.603306	0
0.603306	0.603306	0
0.61157	0.603306	0
0.619835	0.603306	0
0.628099	0.603306	0
0.636364	0.603306	0
0.644628	0.603306	0
0.652893	0.603306	0
0.661157	0.603306	0
0.669421	0.603306	0
0.677686	0.603306	0
0.68595	0.603306	0
0.694215	0.603306	0
0.702479	0.603306	0
0.710744	0.603306	0
0.719008	0.603306	0
0.727273	0.603306	0
0.735537	0.603306	0
0.743802	0.603306	0
0.752066	0.603306	0
0.760331	0.603306	0
0.768595	0.603306	0
0.77686	0.603306	0
0.785124	0.603306	0
0.793388	0.603306	0
0.801653	0.603306	0
0.809917	0.603306	0
0.818182	0.603306	0
0.826446	0.603306	0
0.834711	0.603306	0
0.842975	0.603306	0
0.85124	0.603306	0
0.859504	0.603306	0
0.867769	0.603306	0
0.876033	0.603306	0
0.884298	0.603306	0
0.892562	0.603306	0
0.900826	0.603306	0
0.909091	0.603306	0
0.917355	0.603306	0
0.92562	0.603306	0
0.933884	0.603306	0
0.942149	0.603306	0
0.950413	0.603306	0
0.958678	0.603306	0
0.966942	0.603306	0
0.975207	0.603306	0
0.983471	0.603306	0
0.991736	0.603306	0
1	0.603306	0
0.00826446	0.61157	0
0.0165289	0.61157	0
0.0247934	0.61157	0
0.0330579	0.61157	0
0.0413223	0.61157	0
0.0495868	0.61157	0
0.0578512	0.61157	0
0.0661157	0.61157	0
0.0743802	0.61157	0
0.0826446	0.61157	0
0.0909091	0.61157	0
0.0991736	0.61157	0
0.107438	0.61157	0
0.115702	0.61157	0
0.123967	0.61157	0
0.132231	0.61157	0
0.140496	0.61157	0
0.14876	0.61157	0
0.157025	0.61157	0
0.165289	0.61157	0
0.173554	0.61157	0
0.181818	0.61157	0
0.190083	0.61157	0
0.198347	0.61157	0
0.206612	0.61157	0
0.214876	0.61157	0
0.22314	0.61157	0
0.231405	0.61157	0
0.239669	0.61157	0
0.247934	0.61157	0
0.256198	0.61157	0
0.264463	0.61157	0
0.272727	0.61157	0
0.280992	0.61157	0
0.289256	0.61157	0
0.297521	0.61157	0
0.305785	0.61157	0
0.31405	0.61157	0
0.322314	0.61157	0
0.330579	0.61157	0
0.338843	0.61157	0
0.347107	0.61157	0
0.355372	0.61157	0
0.363636	0.61157	0
0.371901	0.61157	0
0.380165	0.61157	0
0.38843	0.61157	0
0.396694	0.61157	0
0.404959	0.61157	0
0.413223	0.61157	0
0.421488	0.61157	0
0.429752	0.61157	0
0.438017	0.61157	0
0.446281	0.61157	0
0.454545	0.61157	0
0.46281	0.61157	0
0.471074	0.61157	0
0.479339	0.61157	0
0.487603	0.61157	0
0.495868	0.61157	0
0.504132	0.61157	0
0.512397	0.61157	0
0.520661	0.61157	0
0.528926	0.61157	0
0.53719	0.61157	0
0.545455	0.61157	0
0.553719	0.61157	0
0.561983	0.61157	0
0.570248	0.61157	0
0.578512	0.61157	0
0.586777	0.61157	0
0.595041	0.61157	0
0.603306	0.61157	0
0.61157	0.61157	0
0.619835	0.61157	0
0.628099	0.61157	0
0.636364	0.61157	0
0.644628	0.61157	0
0.652893	0.61157	0
0.661157	0.61157	0
0.669421	0.61157	0
0.677686	0.61157	0
0.68595	0.61157	0
0.694215	0.61157	0
0.702479	0.61157	0
0.710744	0.61157	0
0.719008	0.61157	0
0.727273	0.61157	0
0.735537	0.61157	0
0.743802	0.61157	0
0.752066	0.61157	0
0.760331	0.61157	0
0.768595	0.61157	0
0.77686	0.61157	0
0.785124	0.61157	0
0.793388	0.61157	0
0.801653	0.61157	0
0.809917	0.61157	0
0.818182	0.61157	0
0.826446	0.61157	0
0.834711	0.61157	0
0.842975	0.61157	0
0.85124	0.61157	0
0.859504	0.61157	0
0.867769	0.61157	0
0.876033	0.61157	0
0.884298	0.61157	0
0.892562	0.61157	0
0.900826	0.61157	0
0.909091	0.61157	0
0.917355	0.61157	0
0.92562	0.61157	0
0.933884	0.61157	0
0.942149	0.61157	0
0.950413	0.61157	0
0.958678	0.61157	0
0.966942	0.61157	0
0.975207	0.61157	0
0.983471	0.61157	0
0.991736	0.61157	0
1	0.61157	0
0.00826446	0.619835	0
0.0165289	0.619835	0
0.0247934	0.619835	0
0.0330579	0.619835	0
0.0413223	0.619835	0
0.0495868	0.619835	0
0.0578512	0.619835	0
0.0661157	0.619835	0
0.0743802	0.619835	0
0.0826446	0.619835	0
0.0909091	0.619835	0
0.0991736	0.619835	0
0.107438	0.619835	0
0.115702	0.619835	0
0.123967	0.619835	0
0.132231	0.619835	0
0.140496	0.619835	0
0.14876	0.619835	0
0.157025	0.619835	0
0.165289	0.619835	0
0.173554	0.619835	0
0.181818	0.619835	0
0.190083	0.619835	0
0.198347	0.619835	0
0.206612	0.619835	0
0.214876	0.619835	0
0.22314	0.619835	0
0.231405	0.619835	0
0.239669	0.619835	0
0.247934	0.619835	0
0.256198	0.619835	0
0.264463	0.619835	0
0.272727	0.619835	0
0.280992	0.619835	0
0.289256	0.619835	0
0.297521	0.619835	0
0.305785	0.619835	0
0.31405	0.619835	0
0.322314	0.619835	0
0.330579	0.619835	0
0.338843	0.619835	0
0.347107	0.619835	0
0.355372	0.619835	0
0.363636	0.619835	0
0.371901	0.619835	0
0.380165	0.619835	0
0.38843	0.619835	0
0.396694	0.619835	0
0.404959	0.619835	0
0.413223	0.619835	0
0.421488	0.619835	0
0.429752	0.619835	0
0.438017	0.619835	0
0.446281	0.619835	0
0.454545	0.619835	0
0.46281	0.619835	0
0.471074	0.619835	0
0.479339	0.619835	0
0.487603	0.619835	0
0.495868	0.619835	0
0.504132	0.619835	0
0.512397	0.619835	0
0.520661	0.619835	0
0.528926	0.619835	0
0.53719	0.619835	0
0.545455	0.619835	0
0.553719	0.619835	0
0.561983	0.619835	0
0.570248	0.619835	0
0.578512	0.619835	0
0.586777	0.619835	0
0.595041	0.619835	0
0.603306	0.619835	0
0.61157	0.619835	0
0.619835	0.619835	0
0.628099	0.619835	0
0.636364	0.619835	0
0.644628	0.619835	0
0.652893	0.619835	0
0.661157	0.619835	0
0.669421	0.619835	0
0.677686	0.619835	0
0.68595	0.619835	0
0.694215	0.619835	0
0.702479	0.619835	0
0.710744	0.619835	0
0.719008	0.619835	0
0.727273	0.619835	0
0.735537	0.619835	0
0.743802	0.619835	0
0.752066	0.619835	0
0.760331	0.619835	0
0.768595	0.619835	0
0.77686	0.619835	0
0.785124	0.619835	0
0.793388	0.619835	0
0.801653	0.619835	0
0.809917	0.619835	0
0.818182	0.619835	0
0.826446	0.619835	0
0.834711	0.619835	0
0.842975	0.619835	0
0.85124	0.619835	0
0.859504	0.619835	0
0.867769	0.619835	0
0.876033	0.619835	0
0.884298	0.619835	0
0.892562	0.619835	0
0.900826	0.619835	0
0.909091	0.619835	0
0.917355	0.619835	0
0.92562	0.619835	0
0.933884	0.619835	0
0.942149	0.619835	0
0.950413	0.619835	0
0.958678	0.619835	0
0.966942	0.619835	0
0.975207	0.619835	0
0.983471	0.619835	0
0.991736	0.619835	0
1	0.619835	0
0.00826446	0.628099	0
0.0165289	0.628099	0
0.0247934	0.628099	0
0.0330579	0.628099	0
0.0413223	0.628099	0
0.0495868	0.628099	0
0.0578512	0.628099	0
0.0661157	0.628099	0
0.0743802	0.628099	0
0.0826446	0.628099	0
0.0909091	0.628099	0
0.0991736	0.628099	0
0.107438	0.628099	0
0.115702	0.628099	0
0.123967	0.628099	0
0.132231	0.628099	0
0.140496	0.628099	0
0.14876	0.628099	0
0.157025	0.628099	0
0.165289	0.628099	0
0.173554	0.628099	0
0.181818	0.628099	0
0.190083	0.628099	0
0.198347	0.628099	0
0.206612	0.628099	0
0.214876	0.628099	0
0.22314	0.628099	0
0.231405	0.628099	0
0.239669	0.628099	0
0.247934	0.628099	0
0.256198	0.628099	0
0.264463	0.628099	0
0.272727	0.628099	0
0.280992	0.628099	0
0.289256	0.628099	0
0.297521	0.628099	0
0.305785	0.628099	0
0.31405	0.628099	0
0.322314	0.628099	0
0.330579	0.628099	0
0.338843	0.628099	0
0.347107	0.628099	0
0.355372	0.628099	0
0.363636	0.628099	0
0.371901	0.628099	0
0.380165	0.628099	0
0.38843	0.628099	0
0.396694	0.628099	0
0.404959	0.628099	0
0.413223	0.628099	0
0.421488	0.628099	0
0.429752	0.628099	0
0.438017	0.628099	0
0.446281	0.628099	0
0.454545	0.628099	0
0.46281	0.628099	0
0.471074	0.628099	0
0.479339	0.628099	0
0.487603	0.628099	0
0.495868	0.628099	0
0.504132	0.628099	0
0.512397	0.628099	0
0.520661	0.628099	0
0.528926	0.628099	0
0.53719	0.628099	0
0.545455	0.628099	0
0.553719	0.628099	0
0.561983	0.628099	0
0.570248	0.628099	0
0.578512	0.628099	0
0.586777	0.628099	0
0.595041	0.628099	0
0.603306	0.628099	0
0.61157	0.628099	0
0.619835	0.628099	0
0.628099	0.628099	0
0.636364	0.628099	0
0.644628	0.628099	0
0.652893	0.628099	0
0.661157	0.628099	0
0.669421	0.628099	0
0.677686	0.628099	0
0.68595	0.628099	0
0.694215	0.628099	0
0.702479	0.628099	0
0.710744	0.628099	0
0.719008	0.628099	0
0.727273	0.628099	0
0.735537	0.628099	0
0.743802	0.628099	0
0.752066	0.628099	0
0.760331	0.628099	0
0.768595	0.628099	0
0.77686	0.628099	0
0.785124	0.628099	0
0.793388	0.628099	0
0.801653	0.628099	0
0.809917	0.628099	0
0.818182	0.628099	0
0.826446	0.628099	0
0.834711	0.628099	0
0.842975	0.628099	0
0.85124	0.628099	0
0.859504	0.628099	0
0.867769	0.628099	0
0.876033	0.628099	0
0.884298	0.628099	0
0.892562	0.628099	0
0.900826	0.628099	0
0.909091	0.628099	0
0.917355	0.628099	0
0.92562	0.628099	0
0.933884	0.628099	0
0.942149	0.628099	0
0.950413	0.628099	0
0.958678	0.628099	0
0.966942	0.628099	0
0.975207	0.628099	0
0.983471	0.628099	0
0.991736	0.628099	0
1	0.628099	0
0.00826446	0.636364	0
0.0165289	0.636364	0
0.0247934	0.636364	0
0.0330579	0.636364	0
0.0413223	0.636364	0
0.0495868	0.636364	0
0.0578512	0.636364	0
0.0661157	0.636364	0
0.0743802	0.636364	0
0.0826446	0.636364	0
0.0909091	0.636364	0
0.0991736	0.636364	0
0.107438	0.636364	0
0.115702	0.636364	0
0.123967	0.636364	0
0.132231	0.636364	0
0.140496	0.636364	0
0.14876	0.636364	0
0.157025	0.636364	0
0.165289	0.636364	0
0.173554	0.636364	0
0.181818	0.636364	0
0.190083	0.636364	0
0.198347	0.636364	0
0.206612	0.636364	0
0.214876	0.636364	0
0.22314	0.636364	0
0.231405	0.636364	0
0.239669	0.636364	0
0.247934	0.636364	0
0.256198	0.636364	0
0.264463	0.636364	0
0.272727	0.636364	0
0.280992	0.636364	0
0.289256	0.636364	0
0.297521	0.636364	0
0.305785	0.636364	0
0.31405	0.636364	0
0.322314	0.636364	0
0.330579	0.636364	0
0.338843	0.636364	0
0.347107	0.636364	0
0.355372	0.636364	0
0.363636	0.636364	0
0.371901	0.636364	0
0.380165	0.636364	0
0.38843	0.636364	0
0.396694	0.636364	0
0.404959	0.636364	0
0.413223	0.636364	0
0.421488	0.636364	0
0.429752	0.636364	0
0.438017	0.636364	0
0.446281	0.636364	0
0.454545	0.636364	0
0.46281	0.636364	0
0.471074	0.636364	0
0.479339	0.636364	0
0.487603	0.636364	0
0.495868	0.636364	0
0.504132	0.636364	0
0.512397	0.636364	0
0.520661	0.636364	0
0.528926	0.636364	0
0.53719	0.636364	0
0.545455	0.636364	0
0.553719	0.636364	0
0.561983	0.636364	0
0.570248	0.636364	0
0.578512	0.636364	0
0.586777	0.636364	0
0.595041	0.636364	0
0.603306	0.636364	0
0.61157	0.636364	0
0.619835	0.636364	0
0.628099	0.636364	0
0.636364	0.636364	0
0.644628	0.636364	0
0.652893	0.636364	0
0.661157	0.636364	0
0.669421	0.636364	0
0.677686	0.636364	0
0.68595	0.636364	0
0.694215	0.636364	0
0.702479	0.636364	0
0.710744	0.636364	0
0.719008	0.636364	0
0.727273	0.636364	0
0.735537	0.636364	0
0.743802	0.636364	0
0.752066	0.636364	0
0.760331	0.636364	0
0.768595	0.636364	0
0.77686	0.636364	0
0.785124	0.636364	0
0.793388	0.636364	0
0.801653	0.636364	0
0.809917	0.636364	0
0.818182	0.636364	0
0.826446	0.636364	0
0.834711	0.636364	0
0.842975	0.636364	0
0.85124	0.636364	0
0.859504	0.636364	0
0.867769	0.636364	0
0.876033	0.636364	0
0.884298	0.636364	0
0.892562	0.636364	0
0.900826	0.636364	0
0.909091	0.636364	0
0.917355	0.636364	0
0.92562	0.636364	0
0.933884	0.636364	0
0.942149	0.636364	0
0.950413	0.636364	0
0.958678	0.636364	0
0.966942	0.636364	0
0.975207	0.636364	0
0.983471	0.636364	0
0.991736	0.636364	0
1	0.636364	0
0.00826446	0.644628	0
0.0165289	0.644628	0
0.0247934	0.644628	0
0.0330579	0.644628	0
0.0413223	0.644628	0
0.0495868	0.644628	0
0.0578512	0.644628	0
0.0661157	0.644628	0
0.0743802	0.644628	0
0.0826446	0.644628	0
0.0909091	0.644628	0
0.0991736	0.644628	0
0.107438	0.644628	0
0.115702	0.644628	0
0.123967	0.644628	0
0.132231	0.644628	0
0.140496	0.644628	0
0.14876	0.644628	0
0.157025	0.644628	0
0.165289	0.644628	0
0.173554	0.644628	0
0.181818	0.644628	0
0.190083	0.644628	0
0.198347	0.644628	0
0.206612	0.644628	0
0.214876	0.644628	0
0.22314	0.644628	0
0.231405	0.644628	0
0.239669	0.644628	0
0.247934	0.644628	0
0.256198	0.644628	0
0.264463	0.644628	0
0.272727	0.644628	0
0.280992	0.644628	0
0.289256	0.644628	0
0.297521	0.644628	0
0.305785	0.644628	0
0.31405	0.644628	0
0.322314	0.644628	0
0.330579	0.644628	0
0.338843	0.644628	0
0.347107	0.644628	0
0.355372	0.644628	0
0.363636	0.644628	0
0.371901	0.644628	0
0.380165	0.644628	0
0.38843	0.644628	0
0.396694	0.644628	0
0.404959	0.644628	0
0.413223	0.644628	0
0.421488	0.644628	0
0.429752	0.644628	0
0.438017	0.644628	0
0.446281	0.644628	0
0.454545	0.644628	0
0.46281	0.644628	0
0.471074	0.644628	0
0.479339	0.644628	0
0.487603	0.644628	0
0.495868	0.644628	0
0.504132	0.644628	0
0.512397	0.644628	0
0.520661	0.644628	0
0.528926	0.644628	0
0.53719	0.644628	0
0.545455	0.644628	0
0.553719	0.644628	0
0.561983	0.644628	0
0.570248	0.644628	0
0.578512	0.644628	0
0.586777	0.644628	0
0.595041	0.644628	0
0.603306	0.644628	0
0.61157	0.644628	0
0.619835	0.644628	0
0.628099	0.644628	0
0.636364	0.644628	0
0.644628	0.644628	0
0.652893	0.644628	0
0.661157	0.644628	0
0.669421	0.644628	0
0.677686	0.644628	0
0.68595	0.644628	0
0.694215	0.644628	0
0.702479	0.644628	0
0.710744	0.644628	0
0.719008	0.644628	0
0.727273	0.644628	0
0.735537	0.644628	0
0.743802	0.644628	0
0.752066	0.644628	0
0.760331	0.644628	0
0.768595	0.644628	0
0.77686	0.644628	0
0.785124	0.644628	0
0.793388	0.644628	0
0.801653	0.644628	0
0.809917	0.644628	0
0.818182	0.644628	0
0.826446	0.644628	0
0.834711	0.644628	0
0.842975	0.644628	0
0.85124	0.644628	0
0.859504	0.644628	0
0.867769	0.644628	0
0.876033	0.644628	0
0.884298	0.644628	0
0.892562	0.644628	0
0.900826	0.644628	0
0.909091	0.644628	0
0.917355	0.644628	0
0.92562	0.644628	0
0.933884	0.644628	0
0.942149	0.644628	0
0.950413	0.644628	0
0.958678	0.644628	0
0.966942	0.644628	0
0.975207	0.644628	0
0.983471	0.644628	0
0.991736	0.644628	0
1	0.644628	0
0.00826446	0.652893	0
0.0165289	0.652893	0
0.0247934	0.652893	0
0.0330579	0.652893	0
0.0413223	0.652893	0
0.0495868	0.652893	0
0.0578512	0.652893	0
0.0661157	0.652893	0
0.0743802	0.652893	0
0.0826446	0.652893	0
0.0909091	0.652893	0
0.0991736	0.652893	0
0.107438	0.652893	0
0.115702	0.652893	0
0.123967	0.652893	0
0.132231	0.652893	0
0.140496	0.652893	0
0.14876	0.652893	0
0.157025	0.652893	0
0.165289	0.652893	0
0.173554	0.652893	0
0.181818	0.652893	0
0.190083	0.652893	0
0.198347	0.652893	0
0.206612	0.652893	0
0.214876	0.652893	0
0.22314	0.652893	0
0.231405	0.652893	0
0.239669	0.652893	0
0.247934	0.652893	0
0.256198	0.652893	0
0.264463	0.652893	0
0.272727	0.652893	0
0.280992	0.652893	0
0.289256	0.652893	0
0.297521	0.652893	0
0.305785	0.652893	0
0.31405	0.652893	0
0.322314	0.652893	0
0.330579	0.652893	0
0.338843	0.652893	0
0.347107	0.652893	0
0.355372	0.652893	0
0.363636	0.652893	0
0.371901	0.652893	0
0.380165	0.652893	0
0.38843	0.652893	0
0.396694	0.652893	0
0.404959	0.652893	0
0.413223	0.652893	0
0.421488	0.652893	0
0.429752	0.652893	0
0.438017	0.652893	0
0.446281	0.652893	0
0.454545	0.652893	0
0.46281	0.652893	0
0.471074	0.652893	0
0.479339	0.652893	0
0.487603	0.652893	0
0.495868	0.652893	0
0.504132	0.652893	0
0.512397	0.652893	0
0.520661	0.652893	0
0.528926	0.652893	0
0.53719	0.652893	0
0.545455	0.652893	0
0.553719	0.652893	0
0.561983	0.652893	0
0.570248	0.652893	0
0.578512	0.652893	0
0.586777	0.652893	0
0.595041	0.652893	0
0.603306	0.652893	0
0.61157	0.652893	0
0.619835	0.652893	0
0.628099	0.652893	0
0.636364	0.652893	0
0.644628	0.652893	0
0.652893	0.652893	0
0.661157	0.652893	0
0.669421	0.652893	0
0.677686	0.652893	0
0.68595	0.652893	0
0.694215	0.652893	0
0.702479	0.652893	0
0.710744	0.652893	0
0.719008	0.652893	0
0.727273	0.652893	0
0.735537	0.652893	0
0.743802	0.652893	0
0.752066	0.652893	0
0.760331	0.652893	0
0.768595	0.652893	0
0.77686	0.652893	0
0.785124	0.652893	0
0.793388	0.652893	0
0.801653	0.652893	0
0.809917	0.652893	0
0.818182	0.652893	0
0.826446	0.652893	0
0.834711	0.652893	0
0.842975	0.652893	0
0.85124	0.652893	0
0.859504	0.652893	0
0.867769	0.652893	0
0.876033	0.652893	0
0.884298	0.652893	0
0.892562	0.652893	0
0.900826	0.652893	0
0.909091	0.652893	0
0.917355	0.652893	0
0.92562	0.652893	0
0.933884	0.652893	0
0.942149	0.652893	0
0.950413	0.652893	0
0.958678	0.652893	0
0.966942	0.652893	0
0.975207	0.652893	0
0.983471	0.652893	0
0.991736	0.652893	0
1	0.652893	0
0.00826446	0.661157	0
0.0165289	0.661157	0
0.0247934	0.661157	0
0.0330579	0.661157	0
0.0413223	0.661157	0
0.0495868	0.661157	0
0.0578512	0.661157	0
0.0661157	0.661157	0
0.0743802	0.661157	0
0.0826446	0.661157	0
0.0909091	0.661157	0
0.0991736	0.661157	0
0.107438	0.661157	0
0.115702	0.661157	0
0.123967	0.661157	0
0.132231	0.661157	0
0.140496	0.661157	0
0.14876	0.661157	0
0.157025	0.661157	0
0.165289	0.661157	0
0.173554	0.661157	0
0.181818	0.661157	0
0.190083	0.661157	0
0.198347	0.661157	0
0.206612	0.661157	0
0.214876	0.661157	0
0.22314	0.661157	0
0.231405	0.661157	0
0.239669	0.661157	0
0.247934	0.661157	0
0.256198	0.661157	0
0.264463	0.661157	0
0.272727	0.661157	0
0.280992	0.661157	0
0.289256	0.661157	0
0.297521	0.661157	0
0.305785	0.661157	0
0.31405	0.661157	0
0.322314	0.661157	0
0.330579	0.661157	0
0.338843	0.661157	0
0.347107	0.661157	0
0.355372	0.661157	0
0.363636	0.661157	0
0.371901	0.661157	0
0.380165	0.661157	0
0.38843	0.661157	0
0.396694	0.661157	0
0.404959	0.661157	0
0.413223	0.661157	0
0.421488	0.661157	0
0.429752	0.661157	0
0.438017	0.661157	0
0.446281	0.661157	0
0.454545	0.661157	0
0.46281	0.661157	0
0.471074	0.661157	0
0.479339	0.661157	0
0.487603	0.661157	0
0.495868	0.661157	0
0.504132	0.661157	0
0.512397	0.661157	0
0.520661	0.661157	0
0.528926	0.661157	0
0.53719	0.661157	0
0.545455	0.661157	0
0.553719	0.661157	0
0.561983	0.661157	0
0.570248	0.661157	0
0.578512	0.661157	0
0.586777	0.661157	0
0.595041	0.661157	0
0.603306	0.661157	0
0.61157	0.661157	0
0.619835	0.661157	0
0.628099	0.661157	0
0.636364	0.661157	0
0.644628	0.661157	0
0.652893	0.661157	0
0.661157	0.661157	0
0.669421	0.661157	0
0.677686	0.661157	0
0.68595	0.661157	0
0.694215	0.661157	0
0.702479	0.661157	0
0.710744	0.661157	0
0.719008	0.661157	0
0.727273	0.661157	0
0.735537	0.661157	0
0.743802	0.661157	0
0.752066	0.661157	0
0.760331	0.661157	0
0.768595	0.661157	0
0.77686	0.661157	0
0.785124	0.661157	0
0.793388	0.661157	0
0.801653	0.661157	0
0.809917	0.661157	0
0.818182	0.661157	0
0.826446	0.661157	0
0.834711	0.661157	0
0.842975	0.661157	0
0.85124	0.661157	0
0.859504	0.661157	0
0.867769	0.661157	0
0.876033	0.661157	0
0.884298	0.661157	0
0.892562	0.661157	0
0.900826	0.661157	0
0.909091	0.661157	0
0.917355	0.661157	0
0.92562	0.661157	0
0.933884	0.661157	0
0.942149	0.661157	0
0.950413	0.661157	0
0.958678	0.661157	0
0.966942	0.661157	0
0.975207	0.661157	0
0.983471	0.661157	0
0.991736	0.661157	0
1	0.661157	0
0.00826446	0.669421	0
0.0165289	0.669421	0
0.0247934	0.669421	0
0.0330579	0.669421	0
0.0413223	0.669421	0
0.0495868	0.669421	0
0.0578512	0.669421	0
0.0661157	0.669421	0
0.0743802	0.669421	0
0.0826446	0.669421	0
0.0909091	0.669421	0
0.0991736	0.669421	0
0.107438	0.669421	0
0.115702	0.669421	0
0.123967	0.669421	0
0.132231	0.669421	0
0.140496	0.669421	0
0.14876	0.669421	0
0.157025	0.669421	0
0.165289	0.669421	0
0.173554	0.669421	0
0.181818	0.669421	0
0.190083	0.669421	0
0.198347	0.669421	0
0.206612	0.669421	0
0.214876	0.669421	0
0.22314	0.669421	0
0.231405	0.669421	0
0.239669	0.669421	0
0.247934	0.669421	0
0.256198	0.669421	0
0.264463	0.669421	0
0.272727	0.669421	0
0.280992	0.669421	0
0.289256	0.669421	0
0.297521	0.669421	0
0.305785	0.669421	0
0.31405	0.669421	0
0.322314	0.669421	0
0.330579	0.669421	0
0.338843	0.669421	0
0.347107	0.669421	0
0.355372	0.669421	0
0.363636	0.669421	0
0.371901	0.669421	0
0.380165	0.669421	0
0.38843	0.669421	0
0.396694	0.669421	0
0.404959	0.669421	0
0.413223	0.669421	0
0.421488	0.669421	0
0.429752	0.669421	0
0.438017	0.669421	0
0.446281	0.669421	0
0.454545	0.669421	0
0.46281	0.669421	0
0.471074	0.669421	0
0.479339	0.669421	0
0.487603	0.669421	0
0.495868	0.669421	0
0.504132	0.669421	0
0.512397	0.669421	0
0.520661	0.669421	0
0.528926	0.669421	0
0.53719	0.669421	0
0.545455	0.669421	0
0.553719	0.669421	0
0.561983	0.669421	0
0.570248	0.669421	0
0.578512	0.669421	0
0.586777	0.669421	0
0.595041	0.669421	0
0.603306	0.669421	0
0.61157	0.669421	0
0.619835	0.669421	0
0.628099	0.669421	0
0.636364	0.669421	0
0.644628	0.669421	0
0.652893	0.669421	0
0.661157	0.669421	0
0.669421	0.669421	0
0.677686	0.669421	0
0.68595	0.669421	0
0.694215	0.669421	0
0.702479	0.669421	0
0.710744	0.669421	0
0.719008	0.669421	0
0.727273	0.669421	0
0.735537	0.669421	0
0.743802	0.669421	0
0.752066	0.669421	0
0.760331	0.669421	0
0.768595	0.669421	0
0.77686	0.669421	0
0.785124	0.669421	0
0.793388	0.669421	0
0.801653	0.669421	0
0.809917	0.669421	0
0.818182	0.669421	0
0.826446	0.669421	0
0.834711	0.669421	0
0.842975	0.669421	0
0.85124	0.669421	0
0.859504	0.669421	0
0.867769	0.669421	0
0.876033	0.669421	0
0.884298	0.669421	0
0.892562	0.669421	0
0.900826	0.669421	0
0.909091	0.669421	0
0.917355	0.669421	0
0.92562	0.669421	0
0.933884	0.669421	0
0.942149	0.669421	0
0.950413	0.669421	0
0.958678	0.669421	0
0.966942	0.669421	0
0.975207	0.669421	0
0.983471	0.669421	0
0.991736	0.669421	0
1	0.669421	0
0.00826446	0.677686	0
0.0165289	0.677686	0
0.0247934	0.677686	0
0.0330579	0.677686	0
0.0413223	0.677686	0
0.0495868	0.677686	0
0.0578512	0.677686	0
0.0661157	0.677686	0
0.0743802	0.677686	0
0.0826446	0.677686	0
0.0909091	0.677686	0
0.0991736	0.677686	0
0.107438	0.677686	0
0.115702	0.677686	0
0.123967	0.677686	0
0.132231	0.677686	0
0.140496	0.677686	0
0.14876	0.677686	0
0.157025	0.677686	0
0.165289	0.677686	0
0.173554	0.677686	0
0.181818	0.677686	0
0.190083	0.677686	0
0.198347	0.677686	0
0.206612	0.677686	0
0.214876	0.677686	0
0.22314	0.677686	0
0.231405	0.677686	0
0.239669	0.677686	0
0.247934	0.677686	0
0.256198	0.677686	0
0.264463	0.677686	0
0.272727	0.677686	0
0.280992	0.677686	0
0.289256	0.677686	0
0.297521	0.677686	0
0.305785	0.677686	0
0.31405	0.677686	0
0.322314	0.677686	0
0.330579	0.677686	0
0.338843	0.677686	0
0.347107	0.677686	0
0.355372	0.677686	0
0.363636	0.677686	0
0.371901	0.677686	0
0.380165	0.677686	0
0.38843	0.677686	0
0.396694	0.677686	0
0.404959	0.677686	0
0.413223	0.677686	0
0.421488	0.677686	0
0.429752	0.677686	0
0.438017	0.677686	0
0.446281	0.677686	0
0.454545	0.677686	0
0.46281	0.677686	0
0.471074	0.677686	0
0.479339	0.677686	0
0.487603	0.677686	0
0.495868	0.677686	0
0.504132	0.677686	0
0.512397	0.677686	0
0.520661	0.677686	0
0.528926	0.677686	0
0.53719	0.677686	0
0.545455	0.677686	0
0.553719	0.677686	0
0.561983	0.677686	0
0.570248	0.677686	0
0.578512	0.677686	0
0.586777	0.677686	0
0.595041	0.677686	0
0.603306	0.677686	0
0.61157	0.677686	0
0.619835	0.677686	0
0.628099	0.677686	0
0.636364	0.677686	0
0.644628	0.677686	0
0.652893	0.677686	0
0.661157	0.677686	0
0.669421	0.677686	0
0.677686	0.677686	0
0.68595	0.677686	0
0.694215	0.677686	0
0.702479	0.677686	0
0.710744	0.677686	0
0.719008	0.677686	0
0.727273	0.677686	0
0.735537	0.677686	0
0.743802	0.677686	0
0.752066	0.677686	0
0.760331	0.677686	0
0.768595	0.677686	0
0.77686	0.677686	0
0.785124	0.677686	0
0.793388	0.677686	0
0.801653	0.677686	0
0.809917	0.677686	0
0.818182	0.677686	0
0.826446	0.677686	0
0.834711	0.677686	0
0.842975	0.677686	0
0.85124	0.677686	0
0.859504	0.677686	0
0.867769	0.677686	0
0.876033	0.677686	0
0.884298	0.677686	0
0.892562	0.677686	0
0.900826	0.677686	0
0.909091	0.677686	0
0.917355	0.677686	0
0.92562	0.677686	0
0.933884	0.677686	0
0.942149	0.677686	0
0.950413	0.677686	0
0.958678	0.677686	0
0.966942	0.677686	0
0.975207	0.677686	0
0.983471	0.677686	0
0.991736	0.677686	0
1	0.677686	0
0.00826446	0.68595	0
0.0165289	0.68595	0
0.0247934	0.68595	0
0.0330579	0.68595	0
0.0413223	0.68595	0
0.0495868	0.68595	0
0.0578512	0.68595	0
0.0661157	0.68595	0
0.0743802	0.68595	0
0.0826446	0.68595	0
0.0909091	0.68595	0
0.0991736	0.68595	0
0.107438	0.68595	0
0.115702	0.68595	0
0.123967	0.68595	0
0.132231	0.68595	0
0.140496	0.68595	0
0.14876	0.68595	0
0.157025	0.68595	0
0.165289	0.68595	0
0.173554	0.68595	0
0.181818	0.68595	0
0.190083	0.68595	0
0.198347	0.68595	0
0.206612	0.68595	0
0.214876	0.68595	0
0.22314	0.68595	0
0.231405	0.68595	0
0.239669	0.68595	0
0.247934	0.68595	0
0.256198	0.68595	0
0.264463	0.68595	0
0.272727	0.68595	0
0.280992	0.68595	0
0.289256	0.68595	0
0.297521	0.68595	0
0.305785	0.68595	0
0.31405	0.68595	0
0.322314	0.68595	0
0.330579	0.68595	0
0.338843	0.68595	0
0.347107	0.68595	0
0.355372	0.68595	0
0.363636	0.68595	0
0.371901	0.68595	0
0.380165	0.68595	0
0.38843	0.68595	0
0.396694	0.68595	0
0.404959	0.68595	0
0.413223	0.68595	0
0.421488	0.68595	0
0.429752	0.68595	0
0.438017	0.68595	0
0.446281	0.68595	0
0.454545	0.68595	0
0.46281	0.68595	0
0.471074	0.68595	0
0.479339	0.68595	0
0.487603	0.68595	0
0.495868	0.68595	0
0.504132	0.68595	0
0.512397	0.68595	0
0.520661	0.68595	0
0.528926	0.68595	0
0.53719	0.68595	0
0.545455	0.68595	0
0.553719	0.68595	0
0.561983	0.68595	0
0.570248	0.68595	0
0.578512	0.68595	0
0.586777	0.68595	0
0.595041	0.68595	0
0.603306	0.68595	0
0.61157	0.68595	0
0.619835	0.68595	0
0.628099	0.68595	0
0.636364	0.68595	0
0.644628	0.68595	0
0.652893	0.68595	0
0.661157	0.68595	0
0.669421	0.68595	0
0.677686	0.68595	0
0.68595	0.68595	0
0.694215	0.68595	0
0.702479	0.68595	0
0.710744	0.68595	0
0.719008	0.68595	0
0.727273	0.68595	0
0.735537	0.68595	0
0.743802	0.68595	0
0.752066	0.68595	0
0.760331	0.68595	0
0.768595	0.68595	0
0.77686	0.68595	0
0.785124	0.68595	0
0.793388	0.68595	0
0.801653	0.68595	0
0.809917	0.68595	0
0.818182	0.68595	0
0.826446	0.68595	0
0.834711	0.68595	0
0.842975	0.68595	0
0.85124	0.68595	0
0.859504	0.68595	0
0.867769	0.68595	0
0.876033	0.68595	0
0.884298	0.68595	0
0.892562	0.68595	0
0.900826	0.68595	0
0.909091	0.68595	0
0.917355	0.68595	0
0.92562	0.68595	0
0.933884	0.68595	0
0.942149	0.68595	0
0.950413	0.68595	0
0.958678	0.68595	0
0.966942	0.68595	0
0.975207	0.68595	0
0.983471	0.68595	0
0.991736	0.68595	0
1	0.68595	0
0.00826446	0.694215	0
0.0165289	0.694215	0
0.0247934	0.694215	0
0.0330579	0.694215	0
0.0413223	0.694215	0
0.0495868	0.694215	0
0.0578512	0.694215	0
0.0661157	0.694215	0
0.0743802	0.694215	0
0.0826446	0.694215	0
0.0909091	0.694215	0
0.0991736	0.694215	0
0.107438	0.694215	0
0.115702	0.694215	0
0.123967	0.694215	0
0.132231	0.694215	0
0.140496	0.694215	0
0.14876	0.694215	0
0.157025	0.694215	0
0.165289	0.694215	0
0.173554	0.694215	0
0.181818	0.694215	0
0.190083	0.694215	0
0.198347	0.694215	0
0.206612	0.694215	0
0.214876	0.694215	0
0.22314	0.694215	0
0.231405	0.694215	0
0.239669	0.694215	0
0.247934	0.694215	0
0.256198	0.694215	0
0.264463	0.694215	0
0.272727	0.694215	0
0.280992	0.694215	0
0.289256	0.694215	0
0.297521	0.694215	0
0.305785	0.694215	0
0.31405	0.694215	0
0.322314	0.694215	0
0.330579	0.694215	0
0.338843	0.694215	0
0.347107	0.694215	0
0.355372	0.694215	0
0.363636	0.694215	0
0.371901	0.694215	0
0.380165	0.694215	0
0.38843	0.694215	0
0.396694	0.694215	0
0.404959	0.694215	0
0.413223	0.694215	0
0.421488	0.694215	0
0.429752	0.694215	0
0.438017	0.694215	0
0.446281	0.694215	0
0.454545	0.694215	0
0.46281	0.694215	0
0.471074	0.694215	0
0.479339	0.694215	0
0.487603	0.694215	0
0.495868	0.694215	0
0.504132	0.694215	0
0.512397	0.694215	0
0.520661	0.694215	0
0.528926	0.694215	0
0.53719	0.694215	0
0.545455	0.694215	0
0.553719	0.694215	0
0.561983	0.694215	0
0.570248	0.694215	0
0.578512	0.694215	0
0.586777	0.694215	0
0.595041	0.694215	0
0.603306	0.694215	0
0.61157	0.694215	0
0.619835	0.694215	0
0.628099	0.694215	0
0.636364	0.694215	0
0.644628	0.694215	0
0.652893	0.694215	0
0.661157	0.694215	0
0.669421	0.694215	0
0.677686	0.694215	0
0.68595	0.694215	0
0.694215	0.694215	0
0.702479	0.694215	0
0.710744	0.694215	0
0.719008	0.694215	0
0.727273	0.694215	0
0.735537	0.694215	0
0.743802	0.694215	0
0.752066	0.694215	0
0.760331	0.694215	0
0.768595	0.694215	0
0.77686	0.694215	0
0.785124	0.694215	0
0.793388	0.694215	0
0.801653	0.694215	0
0.809917	0.694215	0
0.818182	0.694215	0
0.826446	0.694215	0
0.834711	0.694215	0
0.842975	0.694215	0
0.85124	0.694215	0
0.859504	0.694215	0
0.867769	0.694215	0
0.876033	0.694215	0
0.884298	0.694215	0
0.892562	0.694215	0
0.900826	0.694215	0
0.909091	0.694215	0
0.917355	0.694215	0
0.92562	0.694215	0
0.933884	0.694215	0
0.942149	0.694215	0
0.950413	0.694215	0
0.958678	0.694215	0
0.966942	0.694215	0
0.975207	0.694215	0
0.983471	0.694215	0
0.991736	0.694215	0
1	0.694215	0
0.00826446	0.702479	0
0.0165289	0.702479	0
0.0247934	0.702479	0
0.0330579	0.702479	0
0.0413223	0.702479	0
0.0495868	0.702479	0
0.0578512	0.702479	0
0.0661157	0.702479	0
0.0743802	0.702479	0
0.0826446	0.702479	0
0.0909091	0.702479	0
0.0991736	0.702479	0
0.107438	0.702479	0
0.115702	0.702479	0
0.123967	0.702479	0
0.132231	0.702479	0
0.140496	0.702479	0
0.14876	0.702479	0
0.157025	0.702479	0
0.165289	0.702479	0
0.173554	0.702479	0
0.181818	0.702479	0
0.190083	0.702479	0
0.198347	0.702479	0
0.206612	0.702479	0
0.214876	0.702479	0
0.22314	0.702479	0
0.231405	0.702479	0
0.239669	0.702479	0
0.247934	0.702479	0
0.256198	0.702479	0
0.264463	0.702479	0
0.272727	0.702479	0
0.280992	0.702479	0
0.289256	0.702479	0
0.297521	0.702479	0
0.305785	0.702479	0
0.31405	0.702479	0
0.322314	0.702479	0
0.330579	0.702479	0
0.338843	0.702479	0
0.347107	0.702479	0
0.355372	0.702479	0
0.363636	0.702479	0
0.371901	0.702479	0
0.380165	0.702479	0
0.38843	0.702479	0
0.396694	0.702479	0
0.404959	0.702479	0
0.413223	0.702479	0
0.421488	0.702479	0
0.429752	0.702479	0
0.438017	0.702479	0
0.446281	0.702479	0
0.454545	0.702479	0
0.46281	0.702479	0
0.471074	0.702479	0
0.479339	0.702479	0
0.487603	0.702479	0
0.495868	0.702479	0
0.504132	0.702479	0
0.512397	0.702479	0
0.520661	0.702479	0
0.528926	0.702479	0
0.53719	0.702479	0
0.545455	0.702479	0
0.553719	0.702479	0
0.561983	0.702479	0
0.570248	0.702479	0
0.578512	0.702479	0
0.586777	0.702479	0
0.595041	0.702479	0
0.603306	0.702479	0
0.61157	0.702479	0
0.619835	0.702479	0
0.628099	0.702479	0
0.636364	0.702479	0
0.644628	0.702479	0
0.652893	0.702479	0
0.661157	0.702479	0
0.669421	0.702479	0
0.677686	0.702479	0
0.68595	0.702479	0
0.694215	0.702479	0
0.702479	0.702479	0
0.710744	0.702479	0
0.719008	0.702479	0
0.727273	0.702479	0
0.735537	0.702479	0
0.743802	0.702479	0
0.752066	0.702479	0
0.760331	0.702479	0
0.768595	0.702479	0
0.77686	0.702479	0
0.785124	0.702479	0
0.793388	0.702479	0
0.801653	0.702479	0
0.809917	0.702479	0
0.818182	0.702479	0
0.826446	0.702479	0
0.834711	0.702479	0
0.842975	0.702479	0
0.85124	0.702479	0
0.859504	0.702479	0
0.867769	0.702479	0
0.876033	0.702479	0
0.884298	0.702479	0
0.892562	0.702479	0
0.900826	0.702479	0
0.909091	0.702479	0
0.917355	0.702479	0
0.92562	0.702479	0
0.933884	0.702479	0
0.942149	0.702479	0
0.950413	0.702479	0
0.958678	0.702479	0
0.966942	0.702479	0
0.975207	0.702479	0
0.983471	0.702479	0
0.991736	0.702479	0
1	0.702479	0
0.00826446	0.710744	0
0.0165289	0.710744	0
0.0247934	0.710744	0
0.0330579	0.710744	0
0.0413223	0.710744	0
0.0495868	0.710744	0
0.0578512	0.710744	0
0.0661157	0.710744	0
0.0743802	0.710744	0
0.0826446	0.710744	0
0.0909091	0.710744	0
0.0991736	0.710744	0
0.107438	0.710744	0
0.115702	0.710744	0
0.123967	0.710744	0
0.132231	0.710744	0
0.140496	0.710744	0
0.14876	0.710744	0
0.157025	0.710744	0
0.165289	0.710744	0
0.173554	0.710744	0
0.181818	0.710744	0
0.190083	0.710744	0
0.198347	0.710744	0
0.206612	0.710744	0
0.214876	0.710744	0
0.22314	0.710744	0
0.231405	0.710744	0
0.239669	0.710744	0
0.247934	0.710744	0
0.256198	0.710744	0
0.264463	0.710744	0
0.272727	0.710744	0
0.280992	0.710744	0
0.289256	0.710744	0
0.297521	0.710744	0
0.305785	0.710744	0
0.31405	0.710744	0
0.322314	0.710744	0
0.330579	0.710744	0
0.338843	0.710744	0
0.347107	0.710744	0
0.355372	0.710744	0
0.363636	0.710744	0
0.371901	0.710744	0
0.380165	0.710744	0
0.38843	0.710744	0
0.396694	0.710744	0
0.404959	0.710744	0
0.413223	0.710744	0
0.421488	0.710744	0
0.429752	0.710744	0
0.438017	0.710744	0
0.446281	0.710744	0
0.454545	0.710744	0
0.46281	0.710744	0
0.471074	0.710744	0
0.479339	0.710744	0
0.487603	0.710744	0
0.495868	0.710744	0
0.504132	0.710744	0
0.512397	0.710744	0
0.520661	0.710744	0
0.528926	0.710744	0
0.53719	0.710744	0
0.545455	0.710744	0
0.553719	0.710744	0
0.561983	0.710744	0
0.570248	0.710744	0
0.578512	0.710744	0
0.586777	0.710744	0
0.595041	0.710744	0
0.603306	0.710744	0
0.61157	0.710744	0
0.619835	0.710744	0
0.628099	0.710744	0
0.636364	0.710744	0
0.644628	0.710744	0
0.652893	0.710744	0
0.661157	0.710744	0
0.669421	0.710744	0
0.677686	0.710744	0
0.68595	0.710744	0
0.694215	0.710744	0
0.702479	0.710744	0
0.710744	0.710744	0
0.719008	0.710744	0
0.727273	0.710744	0
0.735537	0.710744	0
0.743802	0.710744	0
0.752066	0.710744	0
0.760331	0.710744	0
0.768595	0.710744	0
0.77686	0.710744	0
0.785124	0.710744	0
0.793388	0.710744	0
0.801653	0.710744	0
0.809917	0.710744	0
0.818182	0.710744	0
0.826446	0.710744	0
0.834711	0.710744	0
0.842975	0.710744	0
0.85124	0.710744	0
0.859504	0.710744	0
0.867769	0.710744	0
0.876033	0.710744	0
0.884298	0.710744	0
0.892562	0.710744	0
0.900826	0.710744	0
0.909091	0.710744	0
0.917355	0.710744	0
0.92562	0.710744	0
0.933884	0.710744	0
0.942149	0.710744	0
0.950413	0.710744	0
0.958678	0.710744	0
0.966942	0.710744	0
0.975207	0.710744	0
0.983471	0.710744	0
0.991736	0.710744	0
1	0.710744	0
0.00826446	0.719008	0
0.0165289	0.719008	0
0.0247934	0.719008	0
0.0330579	0.719008	0
0.0413223	0.719008	0
0.0495868	0.719008	0
0.0578512	0.719008	0
0.0661157	0.719008	0
0.0743802	0.719008	0
0.0826446	0.719008	0
0.0909091	0.719008	0
0.0991736	0.719008	0
0.107438	0.719008	0
0.115702	0.719008	0
0.123967	0.719008	0
0.132231	0.719008	0
0.140496	0.719008	0
0.14876	0.719008	0
0.157025	0.719008	0
0.165289	0.719008	0
0.173554	0.719008	0
0.181818	0.719008	0
0.190083	0.719008	0
0.198347	0.719008	0
0.206612	0.719008	0
0.214876	0.719008	0
0.22314	0.719008	0
0.231405	0.719008	0
0.239669	0.719008	0
0.247934	0.719008	0
0.256198	0.719008	0
0.264463	0.719008	0
0.272727	0.719008	0
0.280992	0.719008	0
0.289256	0.719008	0
0.297521	0.719008	0
0.305785	0.719008	0
0.31405	0.719008	0
0.322314	0.719008	0
0.330579	0.719008	0
0.338843	0.719008	0
0.347107	0.719008	0
0.355372	0.719008	0
0.363636	0.719008	0
0.371901	0.719008	0
0.380165	0.719008	0
0.38843	0.719008	0
0.396694	0.719008	0
0.404959	0.719008	0
0.413223	0.719008	0
0.421488	0.719008	0
0.429752	0.719008	0
0.438017	0.719008	0
0.446281	0.719008	0
0.454545	0.719008	0
0.46281	0.719008	0
0.471074	0.719008	0
0.479339	0.719008	0
0.487603	0.719008	0
0.495868	0.719008	0
0.504132	0.719008	0
0.512397	0.719008	0
0.520661	0.719008	0
0.528926	0.719008	0
0.53719	0.719008	0
0.545455	0.719008	0
0.553719	0.719008	0
0.561983	0.719008	0
0.570248	0.719008	0
0.578512	0.719008	0
0.586777	0.719008	0
0.595041	0.719008	0
0.603306	0.719008	0
0.61157	0.719008	0
0.619835	0.719008	0
0.628099	0.719008	0
0.636364	0.719008	0
0.644628	0.719008	0
0.652893	0.719008	0
0.661157	0.719008	0
0.669421	0.719008	0
0.677686	0.719008	0
0.68595	0.719008	0
0.694215	0.719008	0
0.702479	0.719008	0
0.710744	0.719008	0
0.719008	0.719008	0
0.727273	0.719008	0
0.735537	0.719008	0
0.743802	0.719008	0
0.752066	0.719008	0
0.760331	0.719008	0
0.768595	0.719008	0
0.77686	0.719008	0
0.785124	0.719008	0
0.793388	0.719008	0
0.801653	0.719008	0
0.809917	0.719008	0
0.818182	0.719008	0
0.826446	0.719008	0
0.834711	0.719008	0
0.842975	0.719008	0
0.85124	0.719008	0
0.859504	0.719008	0
0.867769	0.719008	0
0.876033	0.719008	0
0.884298	0.719008	0
0.892562	0.719008	0
0.900826	0.719008	0
0.909091	0.719008	0
0.917355	0.719008	0
0.92562	0.719008	0
0.933884	0.719008	0
0.942149	0.719008	0
0.950413	0.719008	0
0.958678	0.719008	0
0.966942	0.719008	0
0.975207	0.719008	0
0.983471	0.719008	0
0.991736	0.719008	0
1	0.719008	0
0.00826446	0.727273	0
0.0165289	0.727273	0
0.0247934	0.727273	0
0.0330579	0.727273	0
0.0413223	0.727273	0
0.0495868	0.727273	0
0.0578512	0.727273	0
0.0661157	0.727273	0
0.0743802	0.727273	0
0.0826446	0.727273	0
0.0909091	0.727273	0
0.0991736	0.727273	0
0.107438	0.727273	0
0.115702	0.727273	0
0.123967	0.727273	0
0.132231	0.727273	0
0.140496	0.727273	0
0.14876	0.727273	0
0.157025	0.727273	0
0.165289	0.727273	0
0.173554	0.727273	0
0.181818	0.727273	0
0.190083	0.727273	0
0.198347	0.727273	0
0.206612	0.727273	0
0.214876	0.727273	0
0.22314	0.727273	0
0.231405	0.727273	0
0.239669	0.727273	0
0.247934	0.727273	0
0.256198	0.727273	0
0.264463	0.727273	0
0.272727	0.727273	0
0.280992	0.727273	0
0.289256	0.727273	0
0.297521	0.727273	0
0.305785	0.727273	0
0.31405	0.727273	0
0.322314	0.727273	0
0.330579	0.727273	0
0.338843	0.727273	0
0.347107	0.727273	0
0.355372	0.727273	0
0.363636	0.727273	0
0.371901	0.727273	0
0.380165	0.727273	0
0.38843	0.727273	0
0.396694	0.727273	0
0.404959	0.727273	0
0.413223	0.727273	0
0.421488	0.727273	0
0.429752	0.727273	0
0.438017	0.727273	0
0.446281	0.727273	0
0.454545	0.727273	0
0.46281	0.727273	0
0.471074	0.727273	0
0.479339	0.727273	0
0.487603	0.727273	0
0.495868	0.727273	0
0.504132	0.727273	0
0.512397	0.727273	0
0.520661	0.727273	0
0.528926	0.727273	0
0.53719	0.727273	0
0.545455	0.727273	0
0.553719	0.727273	0
0.561983	0.727273	0
0.570248	0.727273	0
0.578512	0.727273	0
0.586777	0.727273	0
0.595041	0.727273	0
0.603306	0.727273	0
0.61157	0.727273	0
0.619835	0.727273	0
0.628099	0.727273	0
0.636364	0.727273	0
0.644628	0.727273	0
0.652893	0.727273	0
0.661157	0.727273	0
0.669421	0.727273	0
0.677686	0.727273	0
0.68595	0.727273	0
0.694215	0.727273	0
0.702479	0.727273	0
0.710744	0.727273	0
0.719008	0.727273	0
0.727273	0.727273	0
0.735537	0.727273	0
0.743802	0.727273	0
0.752066	0.727273	0
0.760331	0.727273	0
0.768595	0.727273	0
0.77686	0.727273	0
0.785124	0.727273	0
0.793388	0.727273	0
0.801653	0.727273	0
0.809917	0.727273	0
0.818182	0.727273	0
0.826446	0.727273	0
0.834711	0.727273	0
0.842975	0.727273	0
0.85124	0.727273	0
0.859504	0.727273	0
0.867769	0.727273	0
0.876033	0.727273	0
0.884298	0.727273	0
0.892562	0.727273	0
0.900826	0.727273	0
0.909091	0.727273	0
0.917355	0.727273	0
0.92562	0.727273	0
0.933884	0.727273	0
0.942149	0.727273	0
0.950413	0.727273	0
0.958678	0.727273	0
0.966942	0.727273	0
0.975207	0.727273	0
0.983471	0.727273	0
0.991736	0.727273	0
1	0.727273	0
0.00826446	0.735537	0
0.0165289	0.735537	0
0.0247934	0.735537	0
0.0330579	0.735537	0
0.0413223	0.735537	0
0.0495868	0.735537	0
0.0578512	0.735537	0
0.0661157	0.735537	0
0.0743802	0.735537	0
0.0826446	0.735537	0
0.0909091	0.735537	0
0.0991736	0.735537	0
0.107438	0.735537	0
0.115702	0.735537	0
0.123967	0.735537	0
0.132231	0.735537	0
0.140496	0.735537	0
0.14876	0.735537	0
0.157025	0.735537	0
0.165289	0.735537	0
0.173554	0.735537	0
0.181818	0.735537	0
0.190083	0.735537	0
0.198347	0.735537	0
0.206612	0.735537	0
0.214876	0.735537	0
0.22314	0.735537	0
0.231405	0.735537	0
0.239669	0.735537	0
0.247934	0.735537	0
0.256198	0.735537	0
0.264463	0.735537	0
0.272727	0.735537	0
0.280992	0.735537	0
0.289256	0.735537	0
0.297521	0.735537	0
0.305785	0.735537	0
0.31405	0.735537	0
0.322314	0.735537	0
0.330579	0.735537	0
0.338843	0.735537	0
0.347107	0.735537	0
0.355372	0.735537	0
0.363636	0.735537	0
0.371901	0.735537	0
0.380165	0.735537	0
0.38843	0.735537	0
0.396694	0.735537	0
0.404959	0.735537	0
0.413223	0.735537	0
0.421488	0.735537	0
0.429752	0.735537	0
0.438017	0.735537	0
0.446281	0.735537	0
0.454545	0.735537	0
0.46281	0.735537	0
0.471074	0.735537	0
0.479339	0.735537	0
0.487603	0.735537	0
0.495868	0.735537	0
0.504132	0.735537	0
0.512397	0.735537	0
0.520661	0.735537	0
0.528926	0.735537	0
0.53719	0.735537	0
0.545455	0.735537	0
0.553719	0.735537	0
0.561983	0.735537	0
0.570248	0.735537	0
0.578512	0.735537	0
0.586777	0.735537	0
0.595041	0.735537	0
0.603306	0.735537	0
0.61157	0.735537	0
0.619835	0.735537	0
0.628099	0.735537	0
0.636364	0.735537	0
0.644628	0.735537	0
0.652893	0.735537	0
0.661157	0.735537	0
0.669421	0.735537	0
0.677686	0.735537	0
0.68595	0.735537	0
0.694215	0.735537	0
0.702479	0.735537	0
0.710744	0.735537	0
0.719008	0.735537	0
0.727273	0.735537	0
0.735537	0.735537	0
0.743802	0.735537	0
0.752066	0.735537	0
0.760331	0.735537	0
0.768595	0.735537	0
0.77686	0.735537	0
0.785124	0.735537	0
0.793388	0.735537	0
0.801653	0.735537	0
0.809917	0.735537	0
0.818182	0.735537	0
0.826446	0.735537	0
0.834711	0.735537	0
0.842975	0.735537	0
0.85124	0.735537	0
0.859504	0.735537	0
0.867769	0.735537	0
0.876033	0.735537	0
0.884298	0.735537	0
0.892562	0.735537	0
0.900826	0.735537	0
0.909091	0.735537	0
0.917355	0.735537	0
0.92562	0.735537	0
0.933884	0.735537	0
0.942149	0.735537	0
0.950413	0.735537	0
0.958678	0.735537	0
0.966942	0.735537	0
0.975207	0.735537	0
0.983471	0.735537	0
0.991736	0.735537	0
1	0.735537	0
0.00826446	0.743802	0
0.0165289	0.743802	0
0.0247934	0.743802	0
0.0330579	0.743802	0
0.0413223	0.743802	0
0.0495868	0.743802	0
0.0578512	0.743802	0
0.0661157	0.743802	0
0.0743802	0.743802	0
0.0826446	0.743802	0
0.0909091	0.743802	0
0.0991736	0.743802	0
0.107438	0.743802	0
0.115702	0.743802	0
0.123967	0.743802	0
0.132231	0.743802	0
0.140496	0.743802	0
0.14876	0.743802	0
0.157025	0.743802	0
0.165289	0.743802	0
0.173554	0.743802	0
0.181818	0.743802	0
0.190083	0.743802	0
0.198347	0.743802	0
0.206612	0.743802	0
0.214876	0.743802	0
0.22314	0.743802	0
0.231405	0.743802	0
0.239669	0.743802	0
0.247934	0.743802	0
0.256198	0.743802	0
0.264463	0.743802	0
0.272727	0.743802	0
0.280992	0.743802	0
0.289256	0.743802	0
0.297521	0.743802	0
0.305785	0.743802	0
0.31405	0.743802	0
0.322314	0.743802	0
0.330579	0.743802	0
0.338843	0.743802	0
0.347107	0.743802	0
0.355372	0.743802	0
0.363636	0.743802	0
0.371901	0.743802	0
0.380165	0.743802	0
0.38843	0.743802	0
0.396694	0.743802	0
0.404959	0.743802	0
0.413223	0.743802	0
0.421488	0.743802	0
0.429752	0.743802	0
0.438017	0.743802	0
0.446281	0.743802	0
0.454545	0.743802	0
0.46281	0.743802	0
0.471074	0.743802	0
0.479339	0.743802	0
0.487603	0.743802	0
0.495868	0.743802	0
0.504132	0.743802	0
0.512397	0.743802	0
0.520661	0.743802	0
0.528926	0.743802	0
0.53719	0.743802	0
0.545455	0.743802	0
0.553719	0.743802	0
0.561983	0.743802	0
0.570248	0.743802	0
0.578512	0.743802	0
0.586777	0.743802	0
0.595041	0.743802	0
0.603306	0.743802	0
0.61157	0.743802	0
0.619835	0.743802	0
0.628099	0.743802	0
0.636364	0.743802	0
0.644628	0.743802	0
0.652893	0.743802	0
0.661157	0.743802	0
0.669421	0.743802	0
0.677686	0.743802	0
0.68595	0.743802	0
0.694215	0.743802	0
0.702479	0.743802	0
0.710744	0.743802	0
0.719008	0.743802	0
0.727273	0.743802	0
0.735537	0.743802	0
0.743802	0.743802	0
0.752066	0.743802	0
0.760331	0.743802	0
0.768595	0.743802	0
0.77686	0.743802	0
0.785124	0.743802	0
0.793388	0.743802	0
0.801653	0.743802	0
0.809917	0.743802	0
0.818182	0.743802	0
0.826446	0.743802	0
0.834711	0.743802	0
0.842975	0.743802	0
0.85124	0.743802	0
0.859504	0.743802	0
0.867769	0.743802	0
0.876033	0.743802	0
0.884298	0.743802	0
0.892562	0.743802	0
0.900826	0.743802	0
0.909091	0.743802	0
0.917355	0.743802	0
0.92562	0.743802	0
0.933884	0.743802	0
0.942149	0.743802	0
0.950413	0.743802	0
0.958678	0.743802	0
0.966942	0.743802	0
0.975207	0.743802	0
0.983471	0.743802	0
0.991736	0.743802	0
1	0.743802	0
0.00826446	0.752066	0
0.0165289	0.752066	0
0.0247934	0.752066	0
0.0330579	0.752066	0
0.0413223	0.752066	0
0.0495868	0.752066	0
0.0578512	0.752066	0
0.0661157	0.752066	0
0.0743802	0.752066	0
0.0826446	0.752066	0
0.0909091	0.752066	0
0.0991736	0.752066	0
0.107438	0.752066	0
0.115702	0.752066	0
0.123967	0.752066	0
0.132231	0.752066	0
0.140496	0.752066	0
0.14876	0.752066	0
0.157025	0.752066	0
0.165289	0.752066	0
0.173554	0.752066	0
0.181818	0.752066	0
0.190083	0.752066	0
0.198347	0.752066	0
0.206612	0.752066	0
0.214876	0.752066	0
0.22314	0.752066	0
0.231405	0.752066	0
0.239669	0.752066	0
0.247934	0.752066	0
0.256198	0.752066	0
0.264463	0.752066	0
0.272727	0.752066	0
0.280992	0.752066	0
0.289256	0.752066	0
0.297521	0.752066	0
0.305785	0.752066	0
0.31405	0.752066	0
0.322314	0.752066	0
0.330579	0.752066	0
0.338843	0.752066	0
0.347107	0.752066	0
0.355372	0.752066	0
0.363636	0.752066	0
0.371901	0.752066	0
0.380165	0.752066	0
0.38843	0.752066	0
0.396694	0.752066	0
0.404959	0.752066	0
0.413223	0.752066	0
0.421488	0.752066	0
0.429752	0.752066	0
0.438017	0.752066	0
0.446281	0.752066	0
0.454545	0.752066	0
0.46281	0.752066	0
0.471074	0.752066	0
0.479339	0.752066	0
0.487603	0.752066	0
0.495868	0.752066	0
0.504132	0.752066	0
0.512397	0.752066	0
0.520661	0.752066	0
0.528926	0.752066	0
0.53719	0.752066	0
0.545455	0.752066	0
0.553719	0.752066	0
0.561983	0.752066	0
0.570248	0.752066	0
0.578512	0.752066	0
0.586777	0.752066	0
0.595041	0.752066	0
0.603306	0.752066	0
0.61157	0.752066	0
0.619835	0.752066	0
0.628099	0.752066	0
0.636364	0.752066	0
0.644628	0.752066	0
0.652893	0.752066	0
0.661157	0.752066	0
0.669421	0.752066	0
0.677686	0.752066	0
0.68595	0.752066	0
0.694215	0.752066	0
0.702479	0.752066	0
0.710744	0.752066	0
0.719008	0.752066	0
0.727273	0.752066	0
0.735537	0.752066	0
0.743802	0.752066	0
0.752066	0.752066	0
0.760331	0.752066	0
0.768595	0.752066	0
0.77686	0.752066	0
0.785124	0.752066	0
0.793388	0.752066	0
0.801653	0.752066	0
0.809917	0.752066	0
0.818182	0.752066	0
0.826446	0.752066	0
0.834711	0.752066	0
0.842975	0.752066	0
0.85124	0.752066	0
0.859504	0.752066	0
0.867769	0.752066	0
0.876033	0.752066	0
0.884298	0.752066	0
0.892562	0.752066	0
0.900826	0.752066	0
0.909091	0.752066	0
0.917355	0.752066	0
0.92562	0.752066	0
0.933884	0.752066	0
0.942149	0.752066	0
0.950413	0.752066	0
0.958678	0.752066	0
0.966942	0.752066	0
0.975207	0.752066	0
0.983471	0.752066	0
0.991736	0.752066	0
1	0.752066	0
0.00826446	0.760331	0
0.0165289	0.760331	0
0.0247934	0.760331	0
0.0330579	0.760331	0
0.0413223	0.760331	0
0.0495868	0.760331	0
0.0578512	0.760331	0
0.0661157	0.760331	0
0.0743802	0.760331	0
0.0826446	0.760331	0
0.0909091	0.760331	0
0.0991736	0.760331	0
0.107438	0.760331	0
0.115702	0.760331	0
0.123967	0.760331	0
0.132231	0.760331	0
0.140496	0.760331	0
0.14876	0.760331	0
0.157025	0.760331	0
0.165289	0.760331	0
0.173554	0.760331	0
0.181818	0.760331	0
0.190083	0.760331	0
0.198347	0.760331	0
0.206612	0.760331	0
0.214876	0.760331	0
0.22314	0.760331	0
0.231405	0.760331	0
0.239669	0.760331	0
0.247934	0.760331	0
0.256198	0.760331	0
0.264463	0.760331	0
0.272727	0.760331	0
0.280992	0.760331	0
0.289256	0.760331	0
0.297521	0.760331	0
0.305785	0.760331	0
0.31405	0.760331	0
0.322314	0.760331	0
0.330579	0.760331	0
0.338843	0.760331	0
0.347107	0.760331	0
0.355372	0.760331	0
0.363636	0.760331	0
0.371901	0.760331	0
0.380165	0.760331	0
0.38843	0.760331	0
0.396694	0.760331	0
0.404959	0.760331	0
0.413223	0.760331	0
0.421488	0.760331	0
0.429752	0.760331	0
0.438017	0.760331	0
0.446281	0.760331	0
0.454545	0.760331	0
0.46281	0.760331	0
0.471074	0.760331	0
0.479339	0.760331	0
0.487603	0.760331	0
0.495868	0.760331	0
0.504132	0.760331	0
0.512397	0.760331	0
0.520661	0.760331	0
0.528926	0.760331	0
0.53719	0.760331	0
0.545455	0.760331	0
0.553719	0.760331	0
0.561983	0.760331	0
0.570248	0.760331	0
0.578512	0.760331	0
0.586777	0.760331	0
0.595041	0.760331	0
0.603306	0.760331	0
0.61157	0.760331	0
0.619835	0.760331	0
0.628099	0.760331	0
0.636364	0.760331	0
0.644628	0.760331	0
0.652893	0.760331	0
0.661157	0.760331	0
0.669421	0.760331	0
0.677686	0.760331	0
0.68595	0.760331	0
0.694215	0.760331	0
0.702479	0.760331	0
0.710744	0.760331	0
0.719008	0.760331	0
0.727273	0.760331	0
0.735537	0.760331	0
0.743802	0.760331	0
0.752066	0.760331	0
0.760331	0.760331	0
0.768595	0.760331	0
0.77686	0.760331	0
0.785124	0.760331	0
0.793388	0.760331	0
0.801653	0.760331	0
0.809917	0.760331	0
0.818182	0.760331	0
0.826446	0.760331	0
0.834711	0.760331	0
0.842975	0.760331	0
0.85124	0.760331	0
0.859504	0.760331	0
0.867769	0.760331	0
0.876033	0.760331	0
0.884298	0.760331	0
0.892562	0.760331	0
0.900826	0.760331	0
0.909091	0.760331	0
0.917355	0.760331	0
0.92562	0.760331	0
0.933884	0.760331	0
0.942149	0.760331	0
0.950413	0.760331	0
0.958678	0.760331	0
0.966942	0.760331	0
0.975207	0.760331	0
0.983471	0.760331	0
0.991736	0.760331	0
1	0.760331	0
0.00826446	0.768595	0
0.0165289	0.768595	0
0.0247934	0.768595	0
0.0330579	0.768595	0
0.0413223	0.768595	0
0.0495868	0.768595	0
0.0578512	0.768595	0
0.0661157	0.768595	0
0.0743802	0.768595	0
0.0826446	0.768595	0
0.0909091	0.768595	0
0.0991736	0.768595	0
0.107438	0.768595	0
0.115702	0.768595	0
0.123967	0.768595	0
0.132231	0.768595	0
0.140496	0.768595	0
0.14876	0.768595	0
0.157025	0.768595	0
0.165289	0.768595	0
0.173554	0.768595	0
0.181818	0.768595	0
0.190083	0.768595	0
0.198347	0.768595	0
0.206612	0.768595	0
0.214876	0.768595	0
0.22314	0.768595	0
0.231405	0.768595	0
0.239669	0.768595	0
0.247934	0.768595	0
0.256198	0.768595	0
0.264463	0.768595	0
0.272727	0.768595	0
0.280992	0.768595	0
0.289256	0.768595	0
0.297521	0.768595	0
0.305785	0.768595	0
0.31405	0.768595	0
0.322314	0.768595	0
0.330579	0.768595	0
0.338843	0.768595	0
0.347107	0.768595	0
0.355372	0.768595	0
0.363636	0.768595	0
0.371901	0.768595	0
0.380165	0.768595	0
0.38843	0.768595	0
0.396694	0.768595	0
0.404959	0.768595	0
0.413223	0.768595	0
0.421488	0.768595	0
0.429752	0.768595	0
0.438017	0.768595	0
0.446281	0.768595	0
0.454545	0.768595	0
0.46281	0.768595	0
0.471074	0.768595	0
0.479339	0.768595	0
0.487603	0.768595	0
0.495868	0.768595	0
0.504132	0.768595	0
0.512397	0.768595	0
0.520661	0.768595	0
0.528926	0.768595	0
0.53719	0.768595	0
0.545455	0.768595	0
0.553719	0.768595	0
0.561983	0.768595	0
0.570248	0.768595	0
0.578512	0.768595	0
0.586777	0.768595	0
0.595041	0.768595	0
0.603306	0.768595	0
0.61157	0.768595	0
0.619835	0.768595	0
0.628099	0.768595	0
0.636364	0.768595	0
0.644628	0.768595	0
0.652893	0.768595	0
0.661157	0.768595	0
0.669421	0.768595	0
0.677686	0.768595	0
0.68595	0.768595	0
0.694215	0.768595	0
0.702479	0.768595	0
0.710744	0.768595	0
0.719008	0.768595	0
0.727273	0.768595	0
0.735537	0.768595	0
0.743802	0.768595	0
0.752066	0.768595	0
0.760331	0.768595	0
0.768595	0.768595	0
0.77686	0.768595	0
0.785124	0.768595	0
0.793388	0.768595	0
0.801653	0.768595	0
0.809917	0.768595	0
0.818182	0.768595	0
0.826446	0.768595	0
0.834711	0.768595	0
0.842975	0.768595	0
0.85124	0.768595	0
0.859504	0.768595	0
0.867769	0.768595	0
0.876033	0.768595	0
0.884298	0.768595	0
0.892562	0.768595	0
0.900826	0.768595	0
0.909091	0.768595	0
0.917355	0.768595	0
0.92562	0.768595	0
0.933884	0.768595	0
0.942149	0.768595	0
0.950413	0.768595	0
0.958678	0.768595	0
0.966942	0.768595	0
0.975207	0.768595	0
0.983471	0.768595	0
0.991736	0.768595	0
1	0.768595	0
0.00826446	0.77686	0
0.0165289	0.77686	0
0.0247934	0.77686	0
0.0330579	0.77686	0
0.0413223	0.77686	0
0.0495868	0.77686	0
0.0578512	0.77686	0
0.0661157	0.77686	0
0.0743802	0.77686	0
0.0826446	0.77686	0
0.0909091	0.77686	0
0.0991736	0.77686	0
0.107438	0.77686	0
0.115702	0.77686	0
0.123967	0.77686	0
0.132231	0.77686	0
0.140496	0.77686	0
0.14876	0.77686	0
0.157025	0.77686	0
0.165289	0.77686	0
0.173554	0.77686	0
0.181818	0.77686	0
0.190083	0.77686	0
0.198347	0.77686	0
0.206612	0.77686	0
0.214876	0.77686	0
0.22314	0.77686	0
0.231405	0.77686	0
0.239669	0.77686	0
0.247934	0.77686	0
0.256198	0.77686	0
0.264463	0.77686	0
0.272727	0.77686	0
0.280992	0.77686	0
0.289256	0.77686	0
0.297521	0.77686	0
0.305785	0.77686	0
0.31405	0.77686	0
0.322314	0.77686	0
0.330579	0.77686	0
0.338843	0.77686	0
0.347107	0.77686	0
0.355372	0.77686	0
0.363636	0.77686	0
0.371901	0.77686	0
0.380165	0.77686	0
0.38843	0.77686	0
0.396694	0.77686	0
0.404959	0.77686	0
0.413223	0.77686	0
0.421488	0.77686	0
0.429752	0.77686	0
0.438017	0.77686	0
0.446281	0.77686	0
0.454545	0.77686	0
0.46281	0.77686	0
0.471074	0.77686	0
0.479339	0.77686	0
0.487603	0.77686	0
0.495868	0.77686	0
0.504132	0.77686	0
0.512397	0.77686	0
0.520661	0.77686	0
0.528926	0.77686	0
0.53719	0.77686	0
0.545455	0.77686	0
0.553719	0.77686	0
0.561983	0.77686	0
0.570248	0.77686	0
0.578512	0.77686	0
0.586777	0.77686	0
0.595041	0.77686	0
0.603306	0.77686	0
0.61157	0.77686	0
0.619835	0.77686	0
0.628099	0.77686	0
0.636364	0.77686	0
0.644628	0.77686	0
0.652893	0.77686	0
0.661157	0.77686	0
0.669421	0.77686	0
0.677686	0.77686	0
0.68595	0.77686	0
0.694215	0.77686	0
0.702479	0.77686	0
0.710744	0.77686	0
0.719008	0.77686	0
0.727273	0.77686	0
0.735537	0.77686	0
0.743802	0.77686	0
0.752066	0.77686	0
0.760331	0.77686	0
0.768595	0.77686	0
0.77686	0.77686	0
0.785124	0.77686	0
0.793388	0.77686	0
0.801653	0.77686	0
0.809917	0.77686	0
0.818182	0.77686	0
0.826446	0.77686	0
0.834711	0.77686	0
0.842975	0.77686	0
0.85124	0.77686	0
0.859504	0.77686	0
0.867769	0.77686	0
0.876033	0.77686	0
0.884298	0.77686	0
0.892562	0.77686	0
0.900826	0.77686	0
0.909091	0.77686	0
0.917355	0.77686	0
0.92562	0.77686	0
0.933884	0.77686	0
0.942149	0.77686	0
0.950413	0.77686	0
0.958678	0.77686	0
0.966942	0.77686	0
0.975207	0.77686	0
0.983471	0.77686	0
0.991736	0.77686	0
1	0.77686	0
0.00826446	0.785124	0
0.0165289	0.785124	0
0.0247934	0.785124	0
0.0330579	0.785124	0
0.0413223	0.785124	0
0.0495868	0.785124	0
0.0578512	0.785124	0
0.0661157	0.785124	0
0.0743802	0.785124	0
0.0826446	0.785124	0
0.0909091	0.785124	0
0.0991736	0.785124	0
0.107438	0.785124	0
0.115702	0.785124	0
0.123967	0.785124	0
0.132231	0.785124	0
0.140496	0.785124	0
0.14876	0.785124	0
0.157025	0.785124	0
0.165289	0.785124	0
0.173554	0.785124	0
0.181818	0.785124	0
0.190083	0.785124	0
0.198347	0.785124	0
0.206612	0.785124	0
0.214876	0.785124	0
0.22314	0.785124	0
0.231405	0.785124	0
0.239669	0.785124	0
0.247934	0.785124	0
0.256198	0.785124	0
0.264463	0.785124	0
0.272727	0.785124	0
0.280992	0.785124	0
0.289256	0.785124	0
0.297521	0.785124	0
0.305785	0.785124	0
0.31405	0.785124	0
0.322314	0.785124	0
0.330579	0.785124	0
0.338843	0.785124	0
0.347107	0.785124	0
0.355372	0.785124	0
0.363636	0.785124	0
0.371901	0.785124	0
0.380165	0.785124	0
0.38843	0.785124	0
0.396694	0.785124	0
0.404959	0.785124	0
0.413223	0.785124	0
0.421488	0.785124	0
0.429752	0.785124	0
0.438017	0.785124	0
0.446281	0.785124	0
0.454545	0.785124	0
0.46281	0.785124	0
0.471074	0.785124	0
0.479339	0.785124	0
0.487603	0.785124	0
0.495868	0.785124	0
0.504132	0.785124	0
0.512397	0.785124	0
0.520661	0.785124	0
0.528926	0.785124	0
0.53719	0.785124	0
0.545455	0.785124	0
0.553719	0.785124	0
0.561983	0.785124	0
0.570248	0.785124	0
0.578512	0.785124	0
0.586777	0.785124	0
0.595041	0.785124	0
0.603306	0.785124	0
0.61157	0.785124	0
0.619835	0.785124	0
0.628099	0.785124	0
0.636364	0.785124	0
0.644628	0.785124	0
0.652893	0.785124	0
0.661157	0.785124	0
0.669421	0.785124	0
0.677686	0.785124	0
0.68595	0.785124	0
0.694215	0.785124	0
0.702479	0.785124	0
0.710744	0.785124	0
0.719008	0.785124	0
0.727273	0.785124	0
0.735537	0.785124	0
0.743802	0.785124	0
0.752066	0.785124	0
0.760331	0.785124	0
0.768595	0.785124	0
0.77686	0.785124	0
0.785124	0.785124	0
0.793388	0.785124	0
0.801653	0.785124	0
0.809917	0.785124	0
0.818182	0.785124	0
0.826446	0.785124	0
0.834711	0.785124	0
0.842975	0.785124	0
0.85124	0.785124	0
0.859504	0.785124	0
0.867769	0.785124	0
0.876033	0.785124	0
0.884298	0.785124	0
0.892562	0.785124	0
0.900826	0.785124	0
0.909091	0.785124	0
0.917355	0.785124	0
0.92562	0.785124	0
0.933884	0.785124	0
0.942149	0.785124	0
0.950413	0.785124	0
0.958678	0.785124	0
0.966942	0.785124	0
0.975207	0.785124	0
0.983471	0.785124	0
0.991736	0.785124	0
1	0.785124	0
0.00826446	0.793388	0
0.0165289	0.793388	0
0.0247934	0.793388	0
0.0330579	0.793388	0
0.0413223	0.793388	0
0.0495868	0.793388	0
0.0578512	0.793388	0
0.0661157	0.793388	0
0.0743802	0.793388	0
0.0826446	0.793388	0
0.0909091	0.793388	0
0.0991736	0.793388	0
0.107438	0.793388	0
0.115702	0.793388	0
0.123967	0.793388	0
0.132231	0.793388	0
0.140496	0.793388	0
0.14876	0.793388	0
0.157025	0.793388	0
0.165289	0.793388	0
0.173554	0.793388	0
0.181818	0.793388	0
0.190083	0.793388	0
0.198347	0.793388	0
0.206612	0.793388	0
0.214876	0.793388	0
0.22314	0.793388	0
0.231405	0.793388	0
0.239669	0.793388	0
0.247934	0.793388	0
0.256198	0.793388	0
0.264463	0.793388	0
0.272727	0.793388	0
0.280992	0.793388	0
0.289256	0.793388	0
0.297521	0.793388	0
0.305785	0.793388	0
0.31405	0.793388	0
0.322314	0.793388	0
0.330579	0.793388	0
0.338843	0.793388	0
0.347107	0.793388	0
0.355372	0.793388	0
0.363636	0.793388	0
0.371901	0.793388	0
0.380165	0.793388	0
0.38843	0.793388	0
0.396694	0.793388	0
0.404959	0.793388	0
0.413223	0.793388	0
0.421488	0.793388	0
0.429752	0.793388	0
0.438017	0.793388	0
0.446281	0.793388	0
0.454545	0.793388	0
0.46281	0.793388	0
0.471074	0.793388	0
0.479339	0.793388	0
0.487603	0.793388	0
0.495868	0.793388	0
0.504132	0.793388	0
0.512397	0.793388	0
0.520661	0.793388	0
0.528926	0.793388	0
0.53719	0.793388	0
0.545455	0.793388	0
0.553719	0.793388	0
0.561983	0.793388	0
0.570248	0.793388	0
0.578512	0.793388	0
0.586777	0.793388	0
0.595041	0.793388	0
0.603306	0.793388	0
0.61157	0.793388	0
0.619835	0.793388	0
0.628099	0.793388	0
0.636364	0.793388	0
0.644628	0.793388	0
0.652893	0.793388	0
0.661157	0.793388	0
0.669421	0.793388	0
0.677686	0.793388	0
0.68595	0.793388	0
0.694215	0.793388	0
0.702479	0.793388	0
0.710744	0.793388	0
0.719008	0.793388	0
0.727273	0.793388	0
0.735537	0.793388	0
0.743802	0.793388	0
0.752066	0.793388	0
0.760331	0.793388	0
0.768595	0.793388	0
0.77686	0.793388	0
0.785124	0.793388	0
0.793388	0.793388	0
0.801653	0.793388	0
0.809917	0.793388	0
0.818182	0.793388	0
0.826446	0.793388	0
0.834711	0.793388	0
0.842975	0.793388	0
0.85124	0.793388	0
0.859504	0.793388	0
0.867769	0.793388	0
0.876033	0.793388	0
0.884298	0.793388	0
0.892562	0.793388	0
0.900826	0.793388	0
0.909091	0.793388	0
0.917355	0.793388	0
0.92562	0.793388	0
0.933884	0.793388	0
0.942149	0.793388	0
0.950413	0.793388	0
0.958678	0.793388	0
0.966942	0.793388	0
0.975207	0.793388	0
0.983471	0.793388	0
0.991736	0.793388	0
1	0.793388	0
0.00826446	0.801653	0
0.0165289	0.801653	0
0.0247934	0.801653	0
0.0330579	0.801653	0
0.0413223	0.801653	0
0.0495868	0.801653	0
0.0578512	0.801653	0
0.0661157	0.801653	0
0.0743802	0.801653	0
0.0826446	0.801653	0
0.0909091	0.801653	0
0.0991736	0.801653	0
0.107438	0.801653	0
0.115702	0.801653	0
0.123967	0.801653	0
0.132231	0.801653	0
0.140496	0.801653	0
0.14876	0.801653	0
0.157025	0.801653	0
0.165289	0.801653	0
0.173554	0.801653	0
0.181818	0.801653	0
0.190083	0.801653	0
0.198347	0.801653	0
0.206612	0.801653	0
0.214876	0.801653	0
0.22314	0.801653	0
0.231405	0.801653	0
0.239669	0.801653	0
0.247934	0.801653	0
0.256198	0.801653	0
0.264463	0.801653	0
0.272727	0.801653	0
0.280992	0.801653	0
0.289256	0.801653	0
0.297521	0.801653	0
0.305785	0.801653	0
0.31405	0.801653	0
0.322314	0.801653	0
0.330579	0.801653	0
0.338843	0.801653	0
0.347107	0.801653	0
0.355372	0.801653	0
0.363636	0.801653	0
0.371901	0.801653	0
0.380165	0.801653	0
0.38843	0.801653	0
0.396694	0.801653	0
0.404959	0.801653	0
0.413223	0.801653	0
0.421488	0.801653	0
0.429752	0.801653	0
0.438017	0.801653	0
0.446281	0.801653	0
0.454545	0.801653	0
0.46281	0.801653	0
0.471074	0.801653	0
0.479339	0.801653	0
0.487603	0.801653	0
0.495868	0.801653	0
0.504132	0.801653	0
0.512397	0.801653	0
0.520661	0.801653	0
0.528926	0.801653	0
0.53719	0.801653	0
0.545455	0.801653	0
0.553719	0.801653	0
0.561983	0.801653	0
0.570248	0.801653	0
0.578512	0.801653	0
0.586777	0.801653	0
0.595041	0.801653	0
0.603306	0.801653	0
0.61157	0.801653	0
0.619835	0.801653	0
0.628099	0.801653	0
0.636364	0.801653	0
0.644628	0.801653	0
0.652893	0.801653	0
0.661157	0.801653	0
0.669421	0.801653	0
0.677686	0.801653	0
0.68595	0.801653	0
0.694215	0.801653	0
0.702479	0.801653	0
0.710744	0.801653	0
0.719008	0.801653	0
0.727273	0.801653	0
0.735537	0.801653	0
0.743802	0.801653	0
0.752066	0.801653	0
0.760331	0.801653	0
0.768595	0.801653	0
0.77686	0.801653	0
0.785124	0.801653	0
0.793388	0.801653	0
0.801653	0.801653	0
0.809917	0.801653	0
0.818182	0.801653	0
0.826446	0.801653	0
0.834711	0.801653	0
0.842975	0.801653	0
0.85124	0.801653	0
0.859504	0.801653	0
0.867769	0.801653	0
0.876033	0.801653	0
0.884298	0.801653	0
0.892562	0.801653	0
0.900826	0.801653	0
0.909091	0.801653	0
0.917355	0.801653	0
0.92562	0.801653	0
0.933884	0.801653	0
0.942149	0.801653	0
0.950413	0.801653	0
0.958678	0.801653	0
0.966942	0.801653	0
0.975207	0.801653	0
0.983471	0.801653	0
0.991736	0.801653	0
1	0.801653	0
0.00826446	0.809917	0
0.0165289	0.809917	0
0.0247934	0.809917	0
0.0330579	0.809917	0
0.0413223	0.809917	0
0.0495868	0.809917	0
0.0578512	0.809917	0
0.0661157	0.809917	0
0.0743802	0.809917	0
0.0826446	0.809917	0
0.0909091	0.809917	0
0.0991736	0.809917	0
0.107438	0.809917	0
0.115702	0.809917	0
0.123967	0.809917	0
0.132231	0.809917	0
0.140496	0.809917	0
0.14876	0.809917	0
0.157025	0.809917	0
0.165289	0.809917	0
0.173554	0.809917	0
0.181818	0.809917	0
0.190083	0.809917	0
0.198347	0.809917	0
0.206612	0.809917	0
0.214876	0.809917	0
0.22314	0.809917	0
0.231405	0.809917	0
0.239669	0.809917	0
0.247934	0.809917	0
0.256198	0.809917	0
0.264463	0.809917	0
0.272727	0.809917	0
0.280992	0.809917	0
0.289256	0.809917	0
0.297521	0.809917	0
0.305785	0.809917	0
0.31405	0.809917	0
0.322314	0.809917	0
0.330579	0.809917	0
0.338843	0.809917	0
0.347107	0.809917	0
0.355372	0.809917	0
0.363636	0.809917	0
0.371901	0.809917	0
0.380165	0.809917	0
0.38843	0.809917	0
0.396694	0.809917	0
0.404959	0.809917	0
0.413223	0.809917	0
0.421488	0.809917	0
0.429752	0.809917	0
0.438017	0.809917	0
0.446281	0.809917	0
0.454545	0.809917	0
0.46281	0.809917	0
0.471074	0.809917	0
0.479339	0.809917	0
0.487603	0.809917	0
0.495868	0.809917	0
0.504132	0.809917	0
0.512397	0.809917	0
0.520661	0.809917	0
0.528926	0.809917	0
0.53719	0.809917	0
0.545455	0.809917	0
0.553719	0.809917	0
0.561983	0.809917	0
0.570248	0.809917	0
0.578512	0.809917	0
0.586777	0.809917	0
0.595041	0.809917	0
0.603306	0.809917	0
0.61157	0.809917	0
0.619835	0.809917	0
0.628099	0.809917	0
0.636364	0.809917	0
0.644628	0.809917	0
0.652893	0.809917	0
0.661157	0.809917	0
0.669421	0.809917	0
0.677686	0.809917	0
0.68595	0.809917	0
0.694215	0.809917	0
0.702479	0.809917	0
0.710744	0.809917	0
0.719008	0.809917	0
0.727273	0.809917	0
0.735537	0.809917	0
0.743802	0.809917	0
0.752066	0.809917	0
0.760331	0.809917	0
0.768595	0.809917	0
0.77686	0.809917	0
0.785124	0.809917	0
0.793388	0.809917	0
0.801653	0.809917	0
0.809917	0.809917	0
0.818182	0.809917	0
0.826446	0.809917	0
0.834711	0.809917	0
0.842975	0.809917	0
0.85124	0.809917	0
0.859504	0.809917	0
0.867769	0.809917	0
0.876033	0.809917	0
0.884298	0.809917	0
0.892562	0.809917	0
0.900826	0.809917	0
0.909091	0.809917	0
0.917355	0.809917	0
0.92562	0.809917	0
0.933884	0.809917	0
0.942149	0.809917	0
0.950413	0.809917	0
0.958678	0.809917	0
0.966942	0.809917	0
0.975207	0.809917	0
0.983471	0.809917	0
0.991736	0.809917	0
1	0.809917	0
0.00826446	0.818182	0
0.0165289	0.818182	0
0.0247934	0.818182	0
0.0330579	0.818182	0
0.0413223	0.818182	0
0.0495868	0.818182	0
0.0578512	0.818182	0
0.0661157	0.818182	0
0.0743802	0.818182	0
0.0826446	0.818182	0
0.0909091	0.818182	0
0.0991736	0.818182	0
0.107438	0.818182	0
0.115702	0.818182	0
0.123967	0.818182	0
0.132231	0.818182	0
0.140496	0.818182	0
0.14876	0.818182	0
0.157025	0.818182	0
0.165289	0.818182	0
0.173554	0.818182	0
0.181818	0.818182	0
0.190083	0.818182	0
0.198347	0.818182	0
0.206612	0.818182	0
0.214876	0.818182	0
0.22314	0.818182	0
0.231405	0.818182	0
0.239669	0.818182	0
0.247934	0.818182	0
0.256198	0.818182	0
0.264463	0.818182	0
0.272727	0.818182	0
0.280992	0.818182	0
0.289256	0.818182	0
0.297521	0.818182	0
0.305785	0.818182	0
0.31405	0.818182	0
0.322314	0.818182	0
0.330579	0.818182	0
0.338843	0.818182	0
0.347107	0.818182	0
0.355372	0.818182	0
0.363636	0.818182	0
0.371901	0.818182	0
0.380165	0.818182	0
0.38843	0.818182	0
0.396694	0.818182	0
0.404959	0.818182	0
0.413223	0.818182	0
0.421488	0.818182	0
0.429752	0.818182	0
0.438017	0.818182	0
0.446281	0.818182	0
0.454545	0.818182	0
0.46281	0.818182	0
0.471074	0.818182	0
0.479339	0.818182	0
0.487603	0.818182	0
0.495868	0.818182	0
0.504132	0.818182	0
0.512397	0.818182	0
0.520661	0.818182	0
0.528926	0.818182	0
0.53719	0.818182	0
0.545455	0.818182	0
0.553719	0.818182	0
0.561983	0.818182	0
0.570248	0.818182	0
0.578512	0.818182	0
0.586777	0.818182	0
0.595041	0.818182	0
0.603306	0.818182	0
0.61157	0.818182	0
0.619835	0.818182	0
0.628099	0.818182	0
0.636364	0.818182	0
0.644628	0.818182	0
0.652893	0.818182	0
0.661157	0.818182	0
0.669421	0.818182	0
0.677686	0.818182	0
0.68595	0.818182	0
0.694215	0.818182	0
0.702479	0.818182	0
0.710744	0.818182	0
0.719008	0.818182	0
0.727273	0.818182	0
0.735537	0.818182	0
0.743802	0.818182	0
0.752066	0.818182	0
0.760331	0.818182	0
0.768595	0.818182	0
0.77686	0.818182	0
0.785124	0.818182	0
0.793388	0.818182	0
0.801653	0.818182	0
0.809917	0.818182	0
0.818182	0.818182	0
0.826446	0.818182	0
0.834711	0.818182	0
0.842975	0.818182	0
0.85124	0.818182	0
0.859504	0.818182	0
0.867769	0.818182	0
0.876033	0.818182	0
0.884298	0.818182	0
0.892562	0.818182	0
0.900826	0.818182	0
0.909091	0.818182	0
0.917355	0.818182	0
0.92562	0.818182	0
0.933884	0.818182	0
0.942149	0.818182	0
0.950413	0.818182	0
0.958678	0.818182	0
0.966942	0.818182	0
0.975207	0.818182	0
0.983471	0.818182	0
0.991736	0.818182	0
1	0.818182	0
0.00826446	0.826446	0
0.0165289	0.826446	0
0.0247934	0.826446	0
0.0330579	0.826446	0
0.0413223	0.826446	0
0.0495868	0.826446	0
0.0578512	0.826446	0
0.0661157	0.826446	0
0.0743802	0.826446	0
0.0826446	0.826446	0
0.0909091	0.826446	0
0.0991736	0.826446	0
0.107438	0.826446	0
0.115702	0.826446	0
0.123967	0.826446	0
0.132231	0.826446	0
0.140496	0.826446	0
0.14876	0.826446	0
0.157025	0.826446	0
0.165289	0.826446	0
0.173554	0.826446	0
0.181818	0.826446	0
0.190083	0.826446	0
0.198347	0.826446	0
0.206612	0.826446	0
0.214876	0.826446	0
0.22314	0.826446	0
0.231405	0.826446	0
0.239669	0.826446	0
0.247934	0.826446	0
0.256198	0.826446	0
0.264463	0.826446	0
0.272727	0.826446	0
0.280992	0.826446	0
0.289256	0.826446	0
0.297521	0.826446	0
0.305785	0.826446	0
0.31405	0.826446	0
0.322314	0.826446	0
0.330579	0.826446	0
0.338843	0.826446	0
0.347107	0.826446	0
0.355372	0.826446	0
0.363636	0.826446	0
0.371901	0.826446	0
0.380165	0.826446	0
0.38843	0.826446	0
0.396694	0.826446	0
0.404959	0.826446	0
0.413223	0.826446	0
0.421488	0.826446	0
0.429752	0.826446	0
0.438017	0.826446	0
0.446281	0.826446	0
0.454545	0.826446	0
0.46281	0.826446	0
0.471074	0.826446	0
0.479339	0.826446	0
0.487603	0.826446	0
0.495868	0.826446	0
0.504132	0.826446	0
0.512397	0.826446	0
0.520661	0.826446	0
0.528926	0.826446	0
0.53719	0.826446	0
0.545455	0.826446	0
0.553719	0.826446	0
0.561983	0.826446	0
0.570248	0.826446	0
0.578512	0.826446	0
0.586777	0.826446	0
0.595041	0.826446	0
0.603306	0.826446	0
0.61157	0.826446	0
0.619835	0.826446	0
0.628099	0.826446	0
0.636364	0.826446	0
0.644628	0.826446	0
0.652893	0.826446	0
0.661157	0.826446	0
0.669421	0.826446	0
0.677686	0.826446	0
0.68595	0.826446	0
0.694215	0.826446	0
0.702479	0.826446	0
0.710744	0.826446	0
0.719008	0.826446	0
0.727273	0.826446	0
0.735537	0.826446	0
0.743802	0.826446	0
0.752066	0.826446	0
0.760331	0.826446	0
0.768595	0.826446	0
0.77686	0.826446	0
0.785124	0.826446	0
0.793388	0.826446	0
0.801653	0.826446	0
0.809917	0.826446	0
0.818182	0.826446	0
0.826446	0.826446	0
0.834711	0.826446	0
0.842975	0.826446	0
0.85124	0.826446	0
0.859504	0.826446	0
0.867769	0.826446	0
0.876033	0.826446	0
0.884298	0.826446	0
0.892562	0.826446	0
0.900826	0.826446	0
0.909091	0.826446	0
0.917355	0.826446	0
0.92562	0.826446	0
0.933884	0.826446	0
0.942149	0.826446	0
0.950413	0.826446	0
0.958678	0.826446	0
0.966942	0.826446	0
0.975207	0.826446	0
0.983471	0.826446	0
0.991736	0.826446	0
1	0.826446	0
0.00826446	0.834711	0
0.0165289	0.834711	0
0.0247934	0.834711	0
0.0330579	0.834711	0
0.0413223	0.834711	0
0.0495868	0.834711	0
0.0578512	0.834711	0
0.0661157	0.834711	0
0.0743802	0.834711	0
0.0826446	0.834711	0
0.0909091	0.834711	0
0.0991736	0.834711	0
0.107438	0.834711	0
0.115702	0.834711	0
0.123967	0.834711	0
0.132231	0.834711	0
0.140496	0.834711	0
0.14876	0.834711	0
0.157025	0.834711	0
0.165289	0.834711	0
0.173554	0.834711	0
0.181818	0.834711	0
0.190083	0.834711	0
0.198347	0.834711	0
0.206612	0.834711	0
0.214876	0.834711	0
0.22314	0.834711	0
0.231405	0.834711	0
0.239669	0.834711	0
0.247934	0.834711	0
0.256198	0.834711	0
0.264463	0.834711	0
0.272727	0.834711	0
0.280992	0.834711	0
0.289256	0.834711	0
0.297521	0.834711	0
0.305785	0.834711	0
0.31405	0.834711	0
0.322314	0.834711	0
0.330579	0.834711	0
0.338843	0.834711	0
0.347107	0.834711	0
0.355372	0.834711	0
0.363636	0.834711	0
0.371901	0.834711	0
0.380165	0.834711	0
0.38843	0.834711	0
0.396694	0.834711	0
0.404959	0.834711	0
0.413223	0.834711	0
0.421488	0.834711	0
0.429752	0.834711	0
0.438017	0.834711	0
0.446281	0.834711	0
0.454545	0.834711	0
0.46281	0.834711	0
0.471074	0.834711	0
0.479339	0.834711	0
0.487603	0.834711	0
0.495868	0.834711	0
0.504132	0.834711	0
0.512397	0.834711	0
0.520661	0.834711	0
0.528926	0.834711	0
0.53719	0.834711	0
0.545455	0.834711	0
0.553719	0.834711	0
0.561983	0.834711	0
0.570248	0.834711	0
0.578512	0.834711	0
0.586777	0.834711	0
0.595041	0.834711	0
0.603306	0.834711	0
0.61157	0.834711	0
0.619835	0.834711	0
0.628099	0.834711	0
0.636364	0.834711	0
0.644628	0.834711	0
0.652893	0.834711	0
0.661157	0.834711	0
0.669421	0.834711	0
0.677686	0.834711	0
0.68595	0.834711	0
0.694215	0.834711	0
0.702479	0.834711	0
0.710744	0.834711	0
0.719008	0.834711	0
0.727273	0.834711	0
0.735537	0.834711	0
0.743802	0.834711	0
0.752066	0.834711	0
0.760331	0.834711	0
0.768595	0.834711	0
0.77686	0.834711	0
0.785124	0.834711	0
0.793388	0.834711	0
0.801653	0.834711	0
0.809917	0.834711	0
0.818182	0.834711	0
0.826446	0.834711	0
0.834711	0.834711	0
0.842975	0.834711	0
0.85124	0.834711	0
0.859504	0.834711	0
0.867769	0.834711	0
0.876033	0.834711	0
0.884298	0.834711	0
0.892562	0.834711	0
0.900826	0.834711	0
0.909091	0.834711	0
0.917355	0.834711	0
0.92562	0.834711	0
0.933884	0.834711	0
0.942149	0.834711	0
0.950413	0.834711	0
0.958678	0.834711	0
0.966942	0.834711	0
0.975207	0.834711	0
0.983471	0.834711	0
0.991736	0.834711	0
1	0.834711	0
0.00826446	0.842975	0
0.0165289	0.842975	0
0.0247934	0.842975	0
0.0330579	0.842975	0
0.0413223	0.842975	0
0.0495868	0.842975	0
0.0578512	0.842975	0
0.0661157	0.842975	0
0.0743802	0.842975	0
0.0826446	0.842975	0
0.0909091	0.842975	0
0.0991736	0.842975	0
0.107438	0.842975	0
0.115702	0.842975	0
0.123967	0.842975	0
0.132231	0.842975	0
0.140496	0.842975	0
0.14876	0.842975	0
0.157025	0.842975	0
0.165289	0.842975	0
0.173554	0.842975	0
0.181818	0.842975	0
0.190083	0.842975	0
0.198347	0.842975	0
0.206612	0.842975	0
0.214876	0.842975	0
0.22314	0.842975	0
0.231405	0.842975	0
0.239669	0.842975	0
0.247934	0.842975	0
0.256198	0.842975	0
0.264463	0.842975	0
0.272727	0.842975	0
0.280992	0.842975	0
0.289256	0.842975	0
0.297521	0.842975	0
0.305785	0.842975	0
0.31405	0.842975	0
0.322314	0.842975	0
0.330579	0.842975	0
0.338843	0.842975	0
0.347107	0.842975	0
0.355372	0.842975	0
0.363636	0.842975	0
0.371901	0.842975	0
0.380165	0.842975	0
0.38843	0.842975	0
0.396694	0.842975	0
0.404959	0.842975	0
0.413223	0.842975	0
0.421488	0.842975	0
0.429752	0.842975	0
0.438017	0.842975	0
0.446281	0.842975	0
0.454545	0.842975	0
0.46281	0.842975	0
0.471074	0.842975	0
0.479339	0.842975	0
0.487603	0.842975	0
0.495868	0.842975	0
0.504132	0.842975	0
0.512397	0.842975	0
0.520661	0.842975	0
0.528926	0.842975	0
0.53719	0.842975	0
0.545455	0.842975	0
0.553719	0.842975	0
0.561983	0.842975	0
0.570248	0.842975	0
0.578512	0.842975	0
0.586777	0.842975	0
0.595041	0.842975	0
0.603306	0.842975	0
0.61157	0.842975	0
0.619835	0.842975	0
0.628099	0.842975	0
0.636364	0.842975	0
0.644628	0.842975	0
0.652893	0.842975	0
0.661157	0.842975	0
0.669421	0.842975	0
0.677686	0.842975	0
0.68595	0.842975	0
0.694215	0.842975	0
0.702479	0.842975	0
0.710744	0.842975	0
0.719008	0.842975	0
0.727273	0.842975	0
0.735537	0.842975	0
0.743802	0.842975	0
0.752066	0.842975	0
0.760331	0.842975	0
0.768595	0.842975	0
0.77686	0.842975	0
0.785124	0.842975	0
0.793388	0.842975	0
0.801653	0.842975	0
0.809917	0.842975	0
0.818182	0.842975	0
0.826446	0.842975	0
0.834711	0.842975	0
0.842975	0.842975	0
0.85124	0.842975	0
0.859504	0.842975	0
0.867769	0.842975	0
0.876033	0.842975	0
0.884298	0.842975	0
0.892562	0.842975	0
0.900826	0.842975	0
0.909091	0.842975	0
0.917355	0.842975	0
0.92562	0.842975	0
0.933884	0.842975	0
0.942149	0.842975	0
0.950413	0.842975	0
0.958678	0.842975	0
0.966942	0.842975	0
0.975207	0.842975	0
0.983471	0.842975	0
0.991736	0.842975	0
1	0.842975	0
0.00826446	0.85124	0
0.0165289	0.85124	0
0.0247934	0.85124	0
0.0330579	0.85124	0
0.0413223	0.85124	0
0.0495868	0.85124	0
0.0578512	0.85124	0
0.0661157	0.85124	0
0.0743802	0.85124	0
0.0826446	0.85124	0
0.0909091	0.85124	0
0.0991736	0.85124	0
0.107438	0.85124	0
0.115702	0.85124	0
0.123967	0.85124	0
0.132231	0.85124	0
0.140496	0.85124	0
0.14876	0.85124	0
0.157025	0.85124	0
0.165289	0.85124	0
0.173554	0.85124	0
0.181818	0.85124	0
0.190083	0.85124	0
0.198347	0.85124	0
0.206612	0.85124	0
0.214876	0.85124	0
0.22314	0.85124	0
0.231405	0.85124	0
0.239669	0.85124	0
0.247934	0.85124	0
0.256198	0.85124	0
0.264463	0.85124	0
0.272727	0.85124	0
0.280992	0.85124	0
0.289256	0.85124	0
0.297521	0.85124	0
0.305785	0.85124	0
0.31405	0.85124	0
0.322314	0.85124	0
0.330579	0.85124	0
0.338843	0.85124	0
0.347107	0.85124	0
0.355372	0.85124	0
0.363636	0.85124	0
0.371901	0.85124	0
0.380165	0.85124	0
0.38843	0.85124	0
0.396694	0.85124	0
0.404959	0.85124	0
0.413223	0.85124	0
0.421488	0.85124	0
0.429752	0.85124	0
0.438017	0.85124	0
0.446281	0.85124	0
0.454545	0.85124	0
0.46281	0.85124	0
0.471074	0.85124	0
0.479339	0.85124	0
0.487603	0.85124	0
0.495868	0.85124	0
0.504132	0.85124	0
0.512397	0.85124	0
0.520661	0.85124	0
0.528926	0.85124	0
0.53719	0.85124	0
0.545455	0.85124	0
0.553719	0.85124	0
0.561983	0.85124	0
0.570248	0.85124	0
0.578512	0.85124	0
0.586777	0.85124	0
0.595041	0.85124	0
0.603306	0.85124	0
0.61157	0.85124	0
0.619835	0.85124	0
0.628099	0.85124	0
0.636364	0.85124	0
0.644628	0.85124	0
0.652893	0.85124	0
0.661157	0.85124	0
0.669421	0.85124	0
0.677686	0.85124	0
0.68595	0.85124	0
0.694215	0.85124	0
0.702479	0.85124	0
0.710744	0.85124	0
0.719008	0.85124	0
0.727273	0.85124	0
0.735537	0.85124	0
0.743802	0.85124	0
0.752066	0.85124	0
0.760331	0.85124	0
0.768595	0.85124	0
0.77686	0.85124	0
0.785124	0.85124	0
0.793388	0.85124	0
0.801653	0.85124	0
0.809917	0.85124	0
0.818182	0.85124	0
0.826446	0.85124	0
0.834711	0.85124	0
0.842975	0.85124	0
0.85124	0.85124	0
0.859504	0.85124	0
0.867769	0.85124	0
0.876033	0.85124	0
0.884298	0.85124	0
0.892562	0.85124	0
0.900826	0.85124	0
0.909091	0.85124	0
0.917355	0.85124	0
0.92562	0.85124	0
0.933884	0.85124	0
0.942149	0.85124	0
0.950413	0.85124	0
0.958678	0.85124	0
0.966942	0.85124	0
0.975207	0.85124	0
0.983471	0.85124	0
0.991736	0.85124	0
1	0.85124	0
0.00826446	0.859504	0
0.0165289	0.859504	0
0.0247934	0.859504	0
0.0330579	0.859504	0
0.0413223	0.859504	0
0.0495868	0.859504	0
0.0578512	0.859504	0
0.0661157	0.859504	0
0.0743802	0.859504	0
0.0826446	0.859504	0
0.0909091	0.859504	0
0.0991736	0.859504	0
0.107438	0.859504	0
0.115702	0.859504	0
0.123967	0.859504	0
0.132231	0.859504	0
0.140496	0.859504	0
0.14876	0.859504	0
0.157025	0.859504	0
0.165289	0.859504	0
0.173554	0.859504	0
0.181818	0.859504	0
0.190083	0.859504	0
0.198347	0.859504	0
0.206612	0.859504	0
0.214876	0.859504	0
0.22314	0.859504	0
0.231405	0.859504	0
0.239669	0.859504	0
0.247934	0.859504	0
0.256198	0.859504	0
0.264463	0.859504	0
0.272727	0.859504	0
0.280992	0.859504	0
0.289256	0.859504	0
0.297521	0.859504	0
0.305785	0.859504	0
0.31405	0.859504	0
0.322314	0.859504	0
0.330579	0.859504	0
0.338843	0.859504	0
0.347107	0.859504	0
0.355372	0.859504	0
0.363636	0.859504	0
0.371901	0.859504	0
0.380165	0.859504	0
0.38843	0.859504	0
0.396694	0.859504	0
0.404959	0.859504	0
0.413223	0.859504	0
0.421488	0.859504	0
0.429752	0.859504	0
0.438017	0.859504	0
0.446281	0.859504	0
0.454545	0.859504	0
0.46281	0.859504	0
0.471074	0.859504	0
0.479339	0.859504	0
0.487603	0.859504	0
0.495868	0.859504	0
0.504132	0.859504	0
0.512397	0.859504	0
0.520661	0.859504	0
0.528926	0.859504	0
0.53719	0.859504	0
0.545455	0.859504	0
0.553719	0.859504	0
0.561983	0.859504	0
0.570248	0.859504	0
0.578512	0.859504	0
0.586777	0.859504	0
0.595041	0.859504	0
0.603306	0.859504	0
0.61157	0.859504	0
0.619835	0.859504	0
0.628099	0.859504	0
0.636364	0.859504	0
0.644628	0.859504	0
0.652893	0.859504	0
0.661157	0.859504	0
0.669421	0.859504	0
0.677686	0.859504	0
0.68595	0.859504	0
0.694215	0.859504	0
0.702479	0.859504	0
0.710744	0.859504	0
0.719008	0.859504	0
0.727273	0.859504	0
0.735537	0.859504	0
0.743802	0.859504	0
0.752066	0.859504	0
0.760331	0.859504	0
0.768595	0.859504	0
0.77686	0.859504	0
0.785124	0.859504	0
0.793388	0.859504	0
0.801653	0.859504	0
0.809917	0.859504	0
0.818182	0.859504	0
0.826446	0.859504	0
0.834711	0.859504	0
0.842975	0.859504	0
0.85124	0.859504	0
0.859504	0.859504	0
0.867769	0.859504	0
0.876033	0.859504	0
0.884298	0.859504	0
0.892562	0.859504	0
0.900826	0.859504	0
0.909091	0.859504	0
0.917355	0.859504	0
0.92562	0.859504	0
0.933884	0.859504	0
0.942149	0.859504	0
0.950413	0.859504	0
0.958678	0.859504	0
0.966942	0.859504	0
0.975207	0.859504	0
0.983471	0.859504	0
0.991736	0.859504	0
1	0.859504	0
0.00826446	0.867769	0
0.0165289	0.867769	0
0.0247934	0.867769	0
0.0330579	0.867769	0
0.0413223	0.867769	0
0.0495868	0.867769	0
0.0578512	0.867769	0
0.0661157	0.867769	0
0.0743802	0.867769	0
0.0826446	0.867769	0
0.0909091	0.867769	0
0.0991736	0.867769	0
0.107438	0.867769	0
0.115702	0.867769	0
0.123967	0.867769	0
0.132231	0.867769	0
0.140496	0.867769	0
0.14876	0.867769	0
0.157025	0.867769	0
0.165289	0.867769	0
0.173554	0.867769	0
0.181818	0.867769	0
0.190083	0.867769	0
0.198347	0.867769	0
0.206612	0.867769	0
0.214876	0.867769	0
0.22314	0.867769	0
0.231405	0.867769	0
0.239669	0.867769	0
0.247934	0.867769	0
0.256198	0.867769	0
0.264463	0.867769	0
0.272727	0.867769	0
0.280992	0.867769	0
0.289256	0.867769	0
0.297521	0.867769	0
0.305785	0.867769	0
0.31405	0.867769	0
0.322314	0.867769	0
0.330579	0.867769	0
0.338843	0.867769	0
0.347107	0.867769	0
0.355372	0.867769	0
0.363636	0.867769	0
0.371901	0.867769	0
0.380165	0.867769	0
0.38843	0.867769	0
0.396694	0.867769	0
0.404959	0.867769	0
0.413223	0.867769	0
0.421488	0.867769	0
0.429752	0.867769	0
0.438017	0.867769	0
0.446281	0.867769	0
0.454545	0.867769	0
0.46281	0.867769	0
0.471074	0.867769	0
0.479339	0.867769	0
0.487603	0.867769	0
0.495868	0.867769	0
0.504132	0.867769	0
0.512397	0.867769	0
0.520661	0.867769	0
0.528926	0.867769	0
0.53719	0.867769	0
0.545455	0.867769	0
0.553719	0.867769	0
0.561983	0.867769	0
0.570248	0.867769	0
0.578512	0.867769	0
0.586777	0.867769	0
0.595041	0.867769	0
0.603306	0.867769	0
0.61157	0.867769	0
0.619835	0.867769	0
0.628099	0.867769	0
0.636364	0.867769	0
0.644628	0.867769	0
0.652893	0.867769	0
0.661157	0.867769	0
0.669421	0.867769	0
0.677686	0.867769	0
0.68595	0.867769	0
0.694215	0.867769	0
0.702479	0.867769	0
0.710744	0.867769	0
0.719008	0.867769	0
0.727273	0.867769	0
0.735537	0.867769	0
0.743802	0.867769	0
0.752066	0.867769	0
0.760331	0.867769	0
0.768595	0.867769	0
0.77686	0.867769	0
0.785124	0.867769	0
0.793388	0.867769	0
0.801653	0.867769	0
0.809917	0.867769	0
0.818182	0.867769	0
0.826446	0.867769	0
0.834711	0.867769	0
0.842975	0.867769	0
0.85124	0.867769	0
0.859504	0.867769	0
0.867769	0.867769	0
0.876033	0.867769	0
0.884298	0.867769	0
0.892562	0.867769	0
0.900826	0.867769	0
0.909091	0.867769	0
0.917355	0.867769	0
0.92562	0.867769	0
0.933884	0.867769	0
0.942149	0.867769	0
0.950413	0.867769	0
0.958678	0.867769	0
0.966942	0.867769	0
0.975207	0.867769	0
0.983471	0.867769	0
0.991736	0.867769	0
1	0.867769	0
0.00826446	0.876033	0
0.0165289	0.876033	0
0.0247934	0.876033	0
0.0330579	0.876033	0
0.0413223	0.876033	0
0.0495868	0.876033	0
0.0578512	0.876033	0
0.0661157	0.876033	0
0.0743802	0.876033	0
0.0826446	0.876033	0
0.0909091	0.876033	0
0.0991736	0.876033	0
0.107438	0.876033	0
0.115702	0.876033	0
0.123967	0.876033	0
0.132231	0.876033	0
0.140496	0.876033	0
0.14876	0.876033	0
0.157025	0.876033	0
0.165289	0.876033	0
0.173554	0.876033	0
0.181818	0.876033	0
0.190083	0.876033	0
0.198347	0.876033	0
0.206612	0.876033	0
0.214876	0.876033	0
0.22314	0.876033	0
0.231405	0.876033	0
0.239669	0.876033	0
0.247934	0.876033	0
0.256198	0.876033	0
0.264463	0.876033	0
0.272727	0.876033	0
0.280992	0.876033	0
0.289256	0.876033	0
0.297521	0.876033	0
0.305785	0.876033	0
0.31405	0.876033	0
0.322314	0.876033	0
0.330579	0.876033	0
0.338843	0.876033	0
0.347107	0.876033	0
0.355372	0.876033	0
0.363636	0.876033	0
0.371901	0.876033	0
0.380165	0.876033	0
0.38843	0.876033	0
0.396694	0.876033	0
0.404959	0.876033	0
0.413223	0.876033	0
0.421488	0.876033	0
0.429752	0.876033	0
0.438017	0.876033	0
0.446281	0.876033	0
0.454545	0.876033	0
0.46281	0.876033	0
0.471074	0.876033	0
0.479339	0.876033	0
0.487603	0.876033	0
0.495868	0.876033	0
0.504132	0.876033	0
0.512397	0.876033	0
0.520661	0.876033	0
0.528926	0.876033	0
0.53719	0.876033	0
0.545455	0.876033	0
0.553719	0.876033	0
0.561983	0.876033	0
0.570248	0.876033	0
0.578512	0.876033	0
0.586777	0.876033	0
0.595041	0.876033	0
0.603306	0.876033	0
0.61157	0.876033	0
0.619835	0.876033	0
0.628099	0.876033	0
0.636364	0.876033	0
0.644628	0.876033	0
0.652893	0.876033	0
0.661157	0.876033	0
0.669421	0.876033	0
0.677686	0.876033	0
0.68595	0.876033	0
0.694215	0.876033	0
0.702479	0.876033	0
0.710744	0.876033	0
0.719008	0.876033	0
0.727273	0.876033	0
0.735537	0.876033	0
0.743802	0.876033	0
0.752066	0.876033	0
0.760331	0.876033	0
0.768595	0.876033	0
0.77686	0.876033	0
0.785124	0.876033	0
0.793388	0.876033	0
0.801653	0.876033	0
0.809917	0.876033	0
0.818182	0.876033	0
0.826446	0.876033	0
0.834711	0.876033	0
0.842975	0.876033	0
0.85124	0.876033	0
0.859504	0.876033	0
0.867769	0.876033	0
0.876033	0.876033	0
0.884298	0.876033	0
0.892562	0.876033	0
0.900826	0.876033	0
0.909091	0.876033	0
0.917355	0.876033	0
0.92562	0.876033	0
0.933884	0.876033	0
0.942149	0.876033	0
0.950413	0.876033	0
0.958678	0.876033	0
0.966942	0.876033	0
0.975207	0.876033	0
0.983471	0.876033	0
0.991736	0.876033	0
1	0.876033	0
0.00826446	0.884298	0
0.0165289	0.884298	0
0.0247934	0.884298	0
0.0330579	0.884298	0
0.0413223	0.884298	0
0.0495868	0.884298	0
0.0578512	0.884298	0
0.0661157	0.884298	0
0.0743802	0.884298	0
0.0826446	0.884298	0
0.0909091	0.884298	0
0.0991736	0.884298	0
0.107438	0.884298	0
0.115702	0.884298	0
0.123967	0.884298	0
0.132231	0.884298	0
0.140496	0.884298	0
0.14876	0.884298	0
0.157025	0.884298	0
0.165289	0.884298	0
0.173554	0.884298	0
0.181818	0.884298	0
0.190083	0.884298	0
0.198347	0.884298	0
0.206612	0.884298	0
0.214876	0.884298	0
0.22314	0.884298	0
0.231405	0.884298	0
0.239669	0.884298	0
0.247934	0.884298	0
0.256198	0.884298	0
0.264463	0.884298	0
0.272727	0.884298	0
0.280992	0.884298	0
0.289256	0.884298	0
0.297521	0.884298	0
0.305785	0.884298	0
0.31405	0.884298	0
0.322314	0.884298	0
0.330579	0.884298	0
0.338843	0.884298	0
0.347107	0.884298	0
0.355372	0.884298	0
0.363636	0.884298	0
0.371901	0.884298	0
0.380165	0.884298	0
0.38843	0.884298	0
0.396694	0.884298	0
0.404959	0.884298	0
0.413223	0.884298	0
0.421488	0.884298	0
0.429752	0.884298	0
0.438017	0.884298	0
0.446281	0.884298	0
0.454545	0.884298	0
0.46281	0.884298	0
0.471074	0.884298	0
0.479339	0.884298	0
0.487603	0.884298	0
0.495868	0.884298	0
0.504132	0.884298	0
0.512397	0.884298	0
0.520661	0.884298	0
0.528926	0.884298	0
0.53719	0.884298	0
0.545455	0.884298	0
0.553719	0.884298	0
0.561983	0.884298	0
0.570248	0.884298	0
0.578512	0.884298	0
0.586777	0.884298	0
0.595041	0.884298	0
0.603306	0.884298	0
0.61157	0.884298	0
0.619835	0.884298	0
0.628099	0.884298	0
0.636364	0.884298	0
0.644628	0.884298	0
0.652893	0.884298	0
0.661157	0.884298	0
0.669421	0.884298	0
0.677686	0.884298	0
0.68595	0.884298	0
0.694215	0.884298	0
0.702479	0.884298	0
0.710744	0.884298	0
0.719008	0.884298	0
0.727273	0.884298	0
0.735537	0.884298	0
0.743802	0.884298	0
0.752066	0.884298	0
0.760331	0.884298	0
0.768595	0.884298	0
0.77686	0.884298	0
0.785124	0.884298	0
0.793388	0.884298	0
0.801653	0.884298	0
0.809917	0.884298	0
0.818182	0.884298	0
0.826446	0.884298	0
0.834711	0.884298	0
0.842975	0.884298	0
0.85124	0.884298	0
0.859504	0.884298	0
0.867769	0.884298	0
0.876033	0.884298	0
0.884298	0.884298	0
0.892562	0.884298	0
0.900826	0.884298	0
0.909091	0.884298	0
0.917355	0.884298	0
0.92562	0.884298	0
0.933884	0.884298	0
0.942149	0.884298	0
0.950413	0.884298	0
0.958678	0.884298	0
0.966942	0.884298	0
0.975207	0.884298	0
0.983471	0.884298	0
0.991736	0.884298	0
1	0.884298	0
0.00826446	0.892562	0
0.0165289	0.892562	0
0.0247934	0.892562	0
0.0330579	0.892562	0
0.0413223	0.892562	0
0.0495868	0.892562	0
0.0578512	0.892562	0
0.0661157	0.892562	0
0.0743802	0.892562	0
0.0826446	0.892562	0
0.0909091	0.892562	0
0.0991736	0.892562	0
0.107438	0.892562	0
0.115702	0.892562	0
0.123967	0.892562	0
0.132231	0.892562	0
0.140496	0.892562	0
0.14876	0.892562	0
0.157025	0.892562	0
0.165289	0.892562	0
0.173554	0.892562	0
0.181818	0.892562	0
0.190083	0.892562	0
0.198347	0.892562	0
0.206612	0.892562	0
0.214876	0.892562	0
0.22314	0.892562	0
0.231405	0.892562	0
0.239669	0.892562	0
0.247934	0.892562	0
0.256198	0.892562	0
0.264463	0.892562	0
0.272727	0.892562	0
0.280992	0.892562	0
0.289256	0.892562	0
0.297521	0.892562	0
0.305785	0.892562	0
0.31405	0.892562	0
0.322314	0.892562	0
0.330579	0.892562	0
0.338843	0.892562	0
0.347107	0.892562	0
0.355372	0.892562	0
0.363636	0.892562	0
0.371901	0.892562	0
0.380165	0.892562	0
0.38843	0.892562	0
0.396694	0.892562	0
0.404959	0.892562	0
0.413223	0.892562	0
0.421488	0.892562	0
0.429752	0.892562	0
0.438017	0.892562	0
0.446281	0.892562	0
0.454545	0.892562	0
0.46281	0.892562	0
0.471074	0.892562	0
0.479339	0.892562	0
0.487603	0.892562	0
0.495868	0.892562	0
0.504132	0.892562	0
0.512397	0.892562	0
0.520661	0.892562	0
0.528926	0.892562	0
0.53719	0.892562	0
0.545455	0.892562	0
0.553719	0.892562	0
0.561983	0.892562	0
0.570248	0.892562	0
0.578512	0.892562	0
0.586777	0.892562	0
0.595041	0.892562	0
0.603306	0.892562	0
0.61157	0.892562	0
0.619835	0.892562	0
0.628099	0.892562	0
0.636364	0.892562	0
0.644628	0.892562	0
0.652893	0.892562	0
0.661157	0.892562	0
0.669421	0.892562	0
0.677686	0.892562	0
0.68595	0.892562	0
0.694215	0.892562	0
0.702479	0.892562	0
0.710744	0.892562	0
0.719008	0.892562	0
0.727273	0.892562	0
0.735537	0.892562	0
0.743802	0.892562	0
0.752066	0.892562	0
0.760331	0.892562	0
0.768595	0.892562	0
0.77686	0.892562	0
0.785124	0.892562	0
0.793388	0.892562	0
0.801653	0.892562	0
0.809917	0.892562	0
0.818182	0.892562	0
0.826446	0.892562	0
0.834711	0.892562	0
0.842975	0.892562	0
0.85124	0.892562	0
0.859504	0.892562	0
0.867769	0.892562	0
0.876033	0.892562	0
0.884298	0.892562	0
0.892562	0.892562	0
0.900826	0.892562	0
0.909091	0.892562	0
0.917355	0.892562	0
0.92562	0.892562	0
0.933884	0.892562	0
0.942149	0.892562	0
0.950413	0.892562	0
0.958678	0.892562	0
0.966942	0.892562	0
0.975207	0.892562	0
0.983471	0.892562	0
0.991736	0.892562	0
1	0.892562	0
0.00826446	0.900826	0
0.0165289	0.900826	0
0.0247934	0.900826	0
0.0330579	0.900826	0
0.0413223	0.900826	0
0.0495868	0.900826	0
0.0578512	0.900826	0
0.0661157	0.900826	0
0.0743802	0.900826	0
0.0826446	0.900826	0
0.0909091	0.900826	0
0.0991736	0.900826	0
0.107438	0.900826	0
0.115702	0.900826	0
0.123967	0.900826	0
0.132231	0.900826	0
0.140496	0.900826	0
0.14876	0.900826	0
0.157025	0.900826	0
0.165289	0.900826	0
0.173554	0.900826	0
0.181818	0.900826	0
0.190083	0.900826	0
0.198347	0.900826	0
0.206612	0.900826	0
0.214876	0.900826	0
0.22314	0.900826	0
0.231405	0.900826	0
0.239669	0.900826	0
0.247934	0.900826	0
0.256198	0.900826	0
0.264463	0.900826	0
0.272727	0.900826	0
0.280992	0.900826	0
0.289256	0.900826	0
0.297521	0.900826	0
0.305785	0.900826	0
0.31405	0.900826	0
0.322314	0.900826	0
0.330579	0.900826	0
0.338843	0.900826	0
0.347107	0.900826	0
0.355372	0.900826	0
0.363636	0.900826	0
0.371901	0.900826	0
0.380165	0.900826	0
0.38843	0.900826	0
0.396694	0.900826	0
0.404959	0.900826	0
0.413223	0.900826	0
0.421488	0.900826	0
0.429752	0.900826	0
0.438017	0.900826	0
0.446281	0.900826	0
0.454545	0.900826	0
0.46281	0.900826	0
0.471074	0.900826	0
0.479339	0.900826	0
0.487603	0.900826	0
0.495868	0.900826	0
0.504132	0.900826	0
0.512397	0.900826	0
0.520661	0.900826	0
0.528926	0.900826	0
0.53719	0.900826	0
0.545455	0.900826	0
0.553719	0.900826	0
0.561983	0.900826	0
0.570248	0.900826	0
0.578512	0.900826	0
0.586777	0.900826	0
0.595041	0.900826	0
0.603306	0.900826	0
0.61157	0.900826	0
0.619835	0.900826	0
0.628099	0.900826	0
0.636364	0.900826	0
0.644628	0.900826	0
0.652893	0.900826	0
0.661157	0.900826	0
0.669421	0.900826	0
0.677686	0.900826	0
0.68595	0.900826	0
0.694215	0.900826	0
0.702479	0.900826	0
0.710744	0.900826	0
0.719008	0.900826	0
0.727273	0.900826	0
0.735537	0.900826	0
0.743802	0.900826	0
0.752066	0.900826	0
0.760331	0.900826	0
0.768595	0.900826	0
0.77686	0.900826	0
0.785124	0.900826	0
0.793388	0.900826	0
0.801653	0.900826	0
0.809917	0.900826	0
0.818182	0.900826	0
0.826446	0.900826	0
0.834711	0.900826	0
0.842975	0.900826	0
0.85124	0.900826	0
0.859504	0.900826	0
0.867769	0.900826	0
0.876033	0.900826	0
0.884298	0.900826	0
0.892562	0.900826	0
0.900826	0.900826	0
0.909091	0.900826	0
0.917355	0.900826	0
0.92562	0.900826	0
0.933884	0.900826	0
0.942149	0.900826	0
0.950413	0.900826	0
0.958678	0.900826	0
0.966942	0.900826	0
0.975207	0.900826	0
0.983471	0.900826	0
0.991736	0.900826	0
1	0.900826	0
0.00826446	0.909091	0
0.0165289	0.909091	0
0.0247934	0.909091	0
0.0330579	0.909091	0
0.0413223	0.909091	0
0.0495868	0.909091	0
0.0578512	0.909091	0
0.0661157	0.909091	0
0.0743802	0.909091	0
0.0826446	0.909091	0
0.0909091	0.909091	0
0.0991736	0.909091	0
0.107438	0.909091	0
0.115702	0.909091	0
0.123967	0.909091	0
0.132231	0.909091	0
0.140496	0.909091	0
0.14876	0.909091	0
0.157025	0.909091	0
0.165289	0.909091	0
0.173554	0.909091	0
0.181818	0.909091	0
0.190083	0.909091	0
0.198347	0.909091	0
0.206612	0.909091	0
0.214876	0.909091	0
0.22314	0.909091	0
0.231405	0.909091	0
0.239669	0.909091	0
0.247934	0.909091	0
0.256198	0.909091	0
0.264463	0.909091	0
0.272727	0.909091	0
0.280992	0.909091	0
0.289256	0.909091	0
0.297521	0.909091	0
0.305785	0.909091	0
0.31405	0.909091	0
0.322314	0.909091	0
0.330579	0.909091	0
0.338843	0.909091	0
0.347107	0.909091	0
0.355372	0.909091	0
0.363636	0.909091	0
0.371901	0.909091	0
0.380165	0.909091	0
0.38843	0.909091	0
0.396694	0.909091	0
0.404959	0.909091	0
0.413223	0.909091	0
0.421488	0.909091	0
0.429752	0.909091	0
0.438017	0.909091	0
0.446281	0.909091	0
0.454545	0.909091	0
0.46281	0.909091	0
0.471074	0.909091	0
0.479339	0.909091	0
0.487603	0.909091	0
0.495868	0.909091	0
0.504132	0.909091	0
0.512397	0.909091	0
0.520661	0.909091	0
0.528926	0.909091	0
0.53719	0.909091	0
0.545455	0.909091	0
0.553719	0.909091	0
0.561983	0.909091	0
0.570248	0.909091	0
0.578512	0.909091	0
0.586777	0.909091	0
0.595041	0.909091	0
0.603306	0.909091	0
0.61157	0.909091	0
0.619835	0.909091	0
0.628099	0.909091	0
0.636364	0.909091	0
0.644628	0.909091	0
0.652893	0.909091	0
0.661157	0.909091	0
0.669421	0.909091	0
0.677686	0.909091	0
0.68595	0.909091	0
0.694215	0.909091	0
0.702479	0.909091	0
0.710744	0.909091	0
0.719008	0.909091	0
0.727273	0.909091	0
0.735537	0.909091	0
0.743802	0.909091	0
0.752066	0.909091	0
0.760331	0.909091	0
0.768595	0.909091	0
0.77686	0.909091	0
0.785124	0.909091	0
0.793388	0.909091	0
0.801653	0.909091	0
0.809917	0.909091	0
0.818182	0.909091	0
0.826446	0.909091	0
0.834711	0.909091	0
0.842975	0.909091	0
0.85124	0.909091	0
0.859504	0.909091	0
0.867769	0.909091	0
0.876033	0.909091	0
0.884298	0.909091	0
0.892562	0.909091	0
0.900826	0.909091	0
0.909091	0.909091	0
0.917355	0.909091	0
0.92562	0.909091	0
0.933884	0.909091	0
0.942149	0.909091	0
0.950413	0.909091	0
0.958678	0.909091	0
0.966942	0.909091	0
0.975207	0.909091	0
0.983471	0.909091	0
0.991736	0.909091	0
1	0.909091	0
0.00826446	0.917355	0
0.0165289	0.917355	0
0.0247934	0.917355	0
0.0330579	0.917355	0
0.0413223	0.917355	0
0.0495868	0.917355	0
0.0578512	0.917355	0
0.0661157	0.917355	0
0.0743802	0.917355	0
0.0826446	0.917355	0
0.0909091	0.917355	0
0.0991736	0.917355	0
0.107438	0.917355	0
0.115702	0.917355	0
0.123967	0.917355	0
0.132231	0.917355	0
0.140496	0.917355	0
0.14876	0.917355	0
0.157025	0.917355	0
0.165289	0.917355	0
0.173554	0.917355	0
0.181818	0.917355	0
0.190083	0.917355	0
0.198347	0.917355	0
0.206612	0.917355	0
0.214876	0.917355	0
0.22314	0.917355	0
0.231405	0.917355	0
0.239669	0.917355	0
0.247934	0.917355	0
0.256198	0.917355	0
0.264463	0.917355	0
0.272727	0.917355	0
0.280992	0.917355	0
0.289256	0.917355	0
0.297521	0.917355	0
0.305785	0.917355	0
0.31405	0.917355	0
0.322314	0.917355	0
0.330579	0.917355	0
0.338843	0.917355	0
0.347107	0.917355	0
0.355372	0.917355	0
0.363636	0.917355	0
0.371901	0.917355	0
0.380165	0.917355	0
0.38843	0.917355	0
0.396694	0.917355	0
0.404959	0.917355	0
0.413223	0.917355	0
0.421488	0.917355	0
0.429752	0.917355	0
0.438017	0.917355	0
0.446281	0.917355	0
0.454545	0.917355	0
0.46281	0.917355	0
0.471074	0.917355	0
0.479339	0.917355	0
0.487603	0.917355	0
0.495868	0.917355	0
0.504132	0.917355	0
0.512397	0.917355	0
0.520661	0.917355	0
0.528926	0.917355	0
0.53719	0.917355	0
0.545455	0.917355	0
0.553719	0.917355	0
0.561983	0.917355	0
0.570248	0.917355	0
0.578512	0.917355	0
0.586777	0.917355	0
0.595041	0.917355	0
0.603306	0.917355	0
0.61157	0.917355	0
0.619835	0.917355	0
0.628099	0.917355	0
0.636364	0.917355	0
0.644628	0.917355	0
0.652893	0.917355	0
0.661157	0.917355	0
0.669421	0.917355	0
0.677686	0.917355	0
0.68595	0.917355	0
0.694215	0.917355	0
0.702479	0.917355	0
0.710744	0.917355	0
0.719008	0.917355	0
0.727273	0.917355	0
0.735537	0.917355	0
0.743802	0.917355	0
0.752066	0.917355	0
0.760331	0.917355	0
0.768595	0.917355	0
0.77686	0.917355	0
0.785124	0.917355	0
0.793388	0.917355	0
0.801653	0.917355	0
0.809917	0.917355	0
0.818182	0.917355	0
0.826446	0.917355	0
0.834711	0.917355	0
0.842975	0.917355	0
0.85124	0.917355	0
0.859504	0.917355	0
0.867769	0.917355	0
0.876033	0.917355	0
0.884298	0.917355	0
0.892562	0.917355	0
0.900826	0.917355	0
0.909091	0.917355	0
0.917355	0.917355	0
0.92562	0.917355	0
0.933884	0.917355	0
0.942149	0.917355	0
0.950413	0.917355	0
0.958678	0.917355	0
0.966942	0.917355	0
0.975207	0.917355	0
0.983471	0.917355	0
0.991736	0.917355	0
1	0.917355	0
0.00826446	0.92562	0
0.0165289	0.92562	0
0.0247934	0.92562	0
0.0330579	0.92562	0
0.0413223	0.92562	0
0.0495868	0.92562	0
0.0578512	0.92562	0
0.0661157	0.92562	0
0.0743802	0.92562	0
0.0826446	0.92562	0
0.0909091	0.92562	0
0.0991736	0.92562	0
0.107438	0.92562	0
0.115702	0.92562	0
0.123967	0.92562	0
0.132231	0.92562	0
0.140496	0.92562	0
0.14876	0.92562	0
0.157025	0.92562	0
0.165289	0.92562	0
0.173554	0.92562	0
0.181818	0.92562	0
0.190083	0.92562	0
0.198347	0.92562	0
0.206612	0.92562	0
0.214876	0.92562	0
0.22314	0.92562	0
0.231405	0.92562	0
0.239669	0.92562	0
0.247934	0.92562	0
0.256198	0.92562	0
0.264463	0.92562	0
0.272727	0.92562	0
0.280992	0.92562	0
0.289256	0.92562	0
0.297521	0.92562	0
0.305785	0.92562	0
0.31405	0.92562	0
0.322314	0.92562	0
0.330579	0.92562	0
0.338843	0.92562	0
0.347107	0.92562	0
0.355372	0.92562	0
0.363636	0.92562	0
0.371901	0.92562	0
0.380165	0.92562	0
0.38843	0.92562	0
0.396694	0.92562	0
0.404959	0.92562	0
0.413223	0.92562	0
0.421488	0.92562	0
0.429752	0.92562	0
0.438017	0.92562	0
0.446281	0.92562	0
0.454545	0.92562	0
0.46281	0.92562	0
0.471074	0.92562	0
0.479339	0.92562	0
0.487603	0.92562	0
0.495868	0.92562	0
0.504132	0.92562	0
0.512397	0.92562	0
0.520661	0.92562	0
0.528926	0.92562	0
0.53719	0.92562	0
0.545455	0.92562	0
0.553719	0.92562	0
0.561983	0.92562	0
0.570248	0.92562	0
0.578512	0.92562	0
0.586777	0.92562	0
0.595041	0.92562	0
0.603306	0.92562	0
0.61157	0.92562	0
0.619835	0.92562	0
0.628099	0.92562	0
0.636364	0.92562	0
0.644628	0.92562	0
0.652893	0.92562	0
0.661157	0.92562	0
0.669421	0.92562	0
0.677686	0.92562	0
0.68595	0.92562	0
0.694215	0.92562	0
0.702479	0.92562	0
0.710744	0.92562	0
0.719008	0.92562	0
0.727273	0.92562	0
0.735537	0.92562	0
0.743802	0.92562	0
0.752066	0.92562	0
0.760331	0.92562	0
0.768595	0.92562	0
0.77686	0.92562	0
0.785124	0.92562	0
0.793388	0.92562	0
0.801653	0.92562	0
0.809917	0.92562	0
0.818182	0.92562	0
0.826446	0.92562	0
0.834711	0.92562	0
0.842975	0.92562	0
0.85124	0.92562	0
0.859504	0.92562	0
0.867769	0.92562	0
0.876033	0.92562	0
0.884298	0.92562	0
0.892562	0.92562	0
0.900826	0.92562	0
0.909091	0.92562	0
0.917355	0.92562	0
0.92562	0.92562	0
0.933884	0.92562	0
0.942149	0.92562	0
0.950413	0.92562	0
0.958678	0.92562	0
0.966942	0.92562	0
0.975207	0.92562	0
0.983471	0.92562	0
0.991736	0.92562	0
1	0.92562	0
0.00826446	0.933884	0
0.0165289	0.933884	0
0.0247934	0.933884	0
0.0330579	0.933884	0
0.0413223	0.933884	0
0.0495868	0.933884	0
0.0578512	0.933884	0
0.0661157	0.933884	0
0.0743802	0.933884	0
0.0826446	0.933884	0
0.0909091	0.933884	0
0.0991736	0.933884	0
0.107438	0.933884	0
0.115702	0.933884	0
0.123967	0.933884	0
0.132231	0.933884	0
0.140496	0.933884	0
0.14876	0.933884	0
0.157025	0.933884	0
0.165289	0.933884	0
0.173554	0.933884	0
0.181818	0.933884	0
0.190083	0.933884	0
0.198347	0.933884	0
0.206612	0.933884	0
0.214876	0.933884	0
0.22314	0.933884	0
0.231405	0.933884	0
0.239669	0.933884	0
0.247934	0.933884	0
0.256198	0.933884	0
0.264463	0.933884	0
0.272727	0.933884	0
0.280992	0.933884	0
0.289256	0.933884	0
0.297521	0.933884	0
0.305785	0.933884	0
0.31405	0.933884	0
0.322314	0.933884	0
0.330579	0.933884	0
0.338843	0.933884	0
0.347107	0.933884	0
0.355372	0.933884	0
0.363636	0.933884	0
0.371901	0.933884	0
0.380165	0.933884	0
0.38843	0.933884	0
0.396694	0.933884	0
0.404959	0.933884	0
0.413223	0.933884	0
0.421488	0.933884	0
0.429752	0.933884	0
0.438017	0.933884	0
0.446281	0.933884	0
0.454545	0.933884	0
0.46281	0.933884	0
0.471074	0.933884	0
0.479339	0.933884	0
0.487603	0.933884	0
0.495868	0.933884	0
0.504132	0.933884	0
0.512397	0.933884	0
0.520661	0.933884	0
0.528926	0.933884	0
0.53719	0.933884	0
0.545455	0.933884	0
0.553719	0.933884	0
0.561983	0.933884	0
0.570248	0.933884	0
0.578512	0.933884	0
0.586777	0.933884	0
0.595041	0.933884	0
0.603306	0.933884	0
0.61157	0.933884	0
0.619835	0.933884	0
0.628099	0.933884	0
0.636364	0.933884	0
0.644628	0.933884	0
0.652893	0.933884	0
0.661157	0.933884	0
0.669421	0.933884	0
0.677686	0.933884	0
0.68595	0.933884	0
0.694215	0.933884	0
0.702479	0.933884	0
0.710744	0.933884	0
0.719008	0.933884	0
0.727273	0.933884	0
0.735537	0.933884	0
0.743802	0.933884	0
0.752066	0.933884	0
0.760331	0.933884	0
0.768595	0.933884	0
0.77686	0.933884	0
0.785124	0.933884	0
0.793388	0.933884	0
0.801653	0.933884	0
0.809917	0.933884	0
0.818182	0.933884	0
0.826446	0.933884	0
0.834711	0.933884	0
0.842975	0.933884	0
0.85124	0.933884	0
0.859504	0.933884	0
0.867769	0.933884	0
0.876033	0.933884	0
0.884298	0.933884	0
0.892562	0.933884	0
0.900826	0.933884	0
0.909091	0.933884	0
0.917355	0.933884	0
0.92562	0.933884	0
0.933884	0.933884	0
0.942149	0.933884	0
0.950413	0.933884	0
0.958678	0.933884	0
0.966942	0.933884	0
0.975207	0.933884	0
0.983471	0.933884	0
0.991736	0.933884	0
1	0.933884	0
0.00826446	0.942149	0
0.0165289	0.942149	0
0.0247934	0.942149	0
0.0330579	0.942149	0
0.0413223	0.942149	0
0.0495868	0.942149	0
0.0578512	0.942149	0
0.0661157	0.942149	0
0.0743802	0.942149	0
0.0826446	0.942149	0
0.0909091	0.942149	0
0.0991736	0.942149	0
0.107438	0.942149	0
0.115702	0.942149	0
0.123967	0.942149	0
0.132231	0.942149	0
0.140496	0.942149	0
0.14876	0.942149	0
0.157025	0.942149	0
0.165289	0.942149	0
0.173554	0.942149	0
0.181818	0.942149	0
0.190083	0.942149	0
0.198347	0.942149	0
0.206612	0.942149	0
0.214876	0.942149	0
0.22314	0.942149	0
0.231405	0.942149	0
0.239669	0.942149	0
0.247934	0.942149	0
0.256198	0.942149	0
0.264463	0.942149	0
0.272727	0.942149	0
0.280992	0.942149	0
0.289256	0.942149	0
0.297521	0.942149	0
0.305785	0.942149	0
0.31405	0.942149	0
0.322314	0.942149	0
0.330579	0.942149	0
0.338843	0.942149	0
0.347107	0.942149	0
0.355372	0.942149	0
0.363636	0.942149	0
0.371901	0.942149	0
0.380165	0.942149	0
0.38843	0.942149	0
0.396694	0.942149	0
0.404959	0.942149	0
0.413223	0.942149	0
0.421488	0.942149	0
0.429752	0.942149	0
0.438017	0.942149	0
0.446281	0.942149	0
0.454545	0.942149	0
0.46281	0.942149	0
0.471074	0.942149	0
0.479339	0.942149	0
0.487603	0.942149	0
0.495868	0.942149	0
0.504132	0.942149	0
0.512397	0.942149	0
0.520661	0.942149	0
0.528926	0.942149	0
0.53719	0.942149	0
0.545455	0.942149	0
0.553719	0.942149	0
0.561983	0.942149	0
0.570248	0.942149	0
0.578512	0.942149	0
0.586777	0.942149	0
0.595041	0.942149	0
0.603306	0.942149	0
0.61157	0.942149	0
0.619835	0.942149	0
0.628099	0.942149	0
0.636364	0.942149	0
0.644628	0.942149	0
0.652893	0.942149	0
0.661157	0.942149	0
0.669421	0.942149	0
0.677686	0.942149	0
0.68595	0.942149	0
0.694215	0.942149	0
0.702479	0.942149	0
0.710744	0.942149	0
0.719008	0.942149	0
0.727273	0.942149	0
0.735537	0.942149	0
0.743802	0.942149	0
0.752066	0.942149	0
0.760331	0.942149	0
0.768595	0.942149	0
0.77686	0.942149	0
0.785124	0.942149	0
0.793388	0.942149	0
0.801653	0.942149	0
0.809917	0.942149	0
0.818182	0.942149	0
0.826446	0.942149	0
0.834711	0.942149	0
0.842975	0.942149	0
0.85124	0.942149	0
0.859504	0.942149	0
0.867769	0.942149	0
0.876033	0.942149	0
0.884298	0.942149	0
0.892562	0.942149	0
0.900826	0.942149	0
0.909091	0.942149	0
0.917355	0.942149	0
0.92562	0.942149	0
0.933884	0.942149	0
0.942149	0.942149	0
0.950413	0.942149	0
0.958678	0.942149	0
0.966942	0.942149	0
0.975207	0.942149	0
0.983471	0.942149	0
0.991736	0.942149	0
1	0.942149	0
0.00826446	0.950413	0
0.0165289	0.950413	0
0.0247934	0.950413	0
0.0330579	0.950413	0
0.0413223	0.950413	0
0.0495868	0.950413	0
0.0578512	0.950413	0
0.0661157	0.950413	0
0.0743802	0.950413	0
0.0826446	0.950413	0
0.0909091	0.950413	0
0.0991736	0.950413	0
0.107438	0.950413	0
0.115702	0.950413	0
0.123967	0.950413	0
0.132231	0.950413	0
0.140496	0.950413	0
0.14876	0.950413	0
0.157025	0.950413	0
0.165289	0.950413	0
0.173554	0.950413	0
0.181818	0.950413	0
0.190083	0.950413	0
0.198347	0.950413	0
0.206612	0.950413	0
0.214876	0.950413	0
0.22314	0.950413	0
0.231405	0.950413	0
0.239669	0.950413	0
0.247934	0.950413	0
0.256198	0.950413	0
0.264463	0.950413	0
0.272727	0.950413	0
0.280992	0.950413	0
0.289256	0.950413	0
0.297521	0.950413	0
0.305785	0.950413	0
0.31405	0.950413	0
0.322314	0.950413	0
0.330579	0.950413	0
0.338843	0.950413	0
0.347107	0.950413	0
0.355372	0.950413	0
0.363636	0.950413	0
0.371901	0.950413	0
0.380165	0.950413	0
0.38843	0.950413	0
0.396694	0.950413	0
0.404959	0.950413	0
0.413223	0.950413	0
0.421488	0.950413	0
0.429752	0.950413	0
0.438017	0.950413	0
0.446281	0.950413	0
0.454545	0.950413	0
0.46281	0.950413	0
0.471074	0.950413	0
0.479339	0.950413	0
0.487603	0.950413	0
0.495868	0.950413	0
0.504132	0.950413	0
0.512397	0.950413	0
0.520661	0.950413	0
0.528926	0.950413	0
0.53719	0.950413	0
0.545455	0.950413	0
0.553719	0.950413	0
0.561983	0.950413	0
0.570248	0.950413	0
0.578512	0.950413	0
0.586777	0.950413	0
0.595041	0.950413	0
0.603306	0.950413	0
0.61157	0.950413	0
0.619835	0.950413	0
0.628099	0.950413	0
0.636364	0.950413	0
0.644628	0.950413	0
0.652893	0.950413	0
0.661157	0.950413	0
0.669421	0.950413	0
0.677686	0.950413	0
0.68595	0.950413	0
0.694215	0.950413	0
0.702479	0.950413	0
0.710744	0.950413	0
0.719008	0.950413	0
0.727273	0.950413	0
0.735537	0.950413	0
0.743802	0.950413	0
0.752066	0.950413	0
0.760331	0.950413	0
0.768595	0.950413	0
0.77686	0.950413	0
0.785124	0.950413	0
0.793388	0.950413	0
0.801653	0.950413	0
0.809917	0.950413	0
0.818182	0.950413	0
0.826446	0.950413	0
0.834711	0.950413	0
0.842975	0.950413	0
0.85124	0.950413	0
0.859504	0.950413	0
0.867769	0.950413	0
0.876033	0.950413	0
0.884298	0.950413	0
0.892562	0.950413	0
0.900826	0.950413	0
0.909091	0.950413	0
0.917355	0.950413	0
0.92562	0.950413	0
0.933884	0.950413	0
0.942149	0.950413	0
0.950413	0.950413	0
0.958678	0.950413	0
0.966942	0.950413	0
0.975207	0.950413	0
0.983471	0.950413	0
0.991736	0.950413	0
1	0.950413	0
0.00826446	0.958678	0
0.0165289	0.958678	0
0.0247934	0.958678	0
0.0330579	0.958678	0
0.0413223	0.958678	0
0.0495868	0.958678	0
0.0578512	0.958678	0
0.0661157	0.958678	0
0.0743802	0.958678	0
0.0826446	0.958678	0
0.0909091	0.958678	0
0.0991736	0.958678	0
0.107438	0.958678	0
0.115702	0.958678	0
0.123967	0.958678	0
0.132231	0.958678	0
0.140496	0.958678	0
0.14876	0.958678	0
0.157025	0.958678	0
0.165289	0.958678	0
0.173554	0.958678	0
0.181818	0.958678	0
0.190083	0.958678	0
0.198347	0.958678	0
0.206612	0.958678	0
0.214876	0.958678	0
0.22314	0.958678	0
0.231405	0.958678	0
0.239669	0.958678	0
0.247934	0.958678	0
0.256198	0.958678	0
0.264463	0.958678	0
0.272727	0.958678	0
0.280992	0.958678	0
0.289256	0.958678	0
0.297521	0.958678	0
0.305785	0.958678	0
0.31405	0.958678	0
0.322314	0.958678	0
0.330579	0.958678	0
0.338843	0.958678	0
0.347107	0.958678	0
0.355372	0.958678	0
0.363636	0.958678	0
0.371901	0.958678	0
0.380165	0.958678	0
0.38843	0.958678	0
0.396694	0.958678	0
0.404959	0.958678	0
0.413223	0.958678	0
0.421488	0.958678	0
0.429752	0.958678	0
0.438017	0.958678	0
0.446281	0.958678	0
0.454545	0.958678	0
0.46281	0.958678	0
0.471074	0.958678	0
0.479339	0.958678	0
0.487603	0.958678	0
0.495868	0.958678	0
0.504132	0.958678	0
0.512397	0.958678	0
0.520661	0.958678	0
0.528926	0.958678	0
0.53719	0.958678	0
0.545455	0.958678	0
0.553719	0.958678	0
0.561983	0.958678	0
0.570248	0.958678	0
0.578512	0.958678	0
0.586777	0.958678	0
0.595041	0.958678	0
0.603306	0.958678	0
0.61157	0.958678	0
0.619835	0.958678	0
0.628099	0.958678	0
0.636364	0.958678	0
0.644628	0.958678	0
0.652893	0.958678	0
0.661157	0.958678	0
0.669421	0.958678	0
0.677686	0.958678	0
0.68595	0.958678	0
0.694215	0.958678	0
0.702479	0.958678	0
0.710744	0.958678	0
0.719008	0.958678	0
0.727273	0.958678	0
0.735537	0.958678	0
0.743802	0.958678	0
0.752066	0.958678	0
0.760331	0.958678	0
0.768595	0.958678	0
0.77686	0.958678	0
0.785124	0.958678	0
0.793388	0.958678	0
0.801653	0.958678	0
0.809917	0.958678	0
0.818182	0.958678	0
0.826446	0.958678	0
0.834711	0.958678	0
0.842975	0.958678	0
0.85124	0.958678	0
0.859504	0.958678	0
0.867769	0.958678	0
0.876033	0.958678	0
0.884298	0.958678	0
0.892562	0.958678	0
0.900826	0.958678	0
0.909091	0.958678	0
0.917355	0.958678	0
0.92562	0.958678	0
0.933884	0.958678	0
0.942149	0.958678	0
0.950413	0.958678	0
0.958678	0.958678	0
0.966942	0.958678	0
0.975207	0.958678	0
0.983471	0.958678	0
0.991736	0.958678	0
1	0.958678	0
0.00826446	0.966942	0
0.0165289	0.966942	0
0.0247934	0.966942	0
0.0330579	0.966942	0
0.0413223	0.966942	0
0.0495868	0.966942	0
0.0578512	0.966942	0
0.0661157	0.966942	0
0.0743802	0.966942	0
0.0826446	0.966942	0
0.0909091	0.966942	0
0.0991736	0.966942	0
0.107438	0.966942	0
0.115702	0.966942	0
0.123967	0.966942	0
0.132231	0.966942	0
0.140496	0.966942	0
0.14876	0.966942	0
0.157025	0.966942	0
0.165289	0.966942	0
0.173554	0.966942	0
0.181818	0.966942	0
0.190083	0.966942	0
0.198347	0.966942	0
0.206612	0.966942	0
0.214876	0.966942	0
0.22314	0.966942	0
0.231405	0.966942	0
0.239669	0.966942	0
0.247934	0.966942	0
0.256198	0.966942	0
0.264463	0.966942	0
0.272727	0.966942	0
0.280992	0.966942	0
0.289256	0.966942	0
0.297521	0.966942	0
0.305785	0.966942	0
0.31405	0.966942	0
0.322314	0.966942	0
0.330579	0.966942	0
0.338843	0.966942	0
0.347107	0.966942	0
0.355372	0.966942	0
0.363636	0.966942	0
0.371901	0.966942	0
0.380165	0.966942	0
0.38843	0.966942	0
0.396694	0.966942	0
0.404959	0.966942	0
0.413223	0.966942	0
0.421488	0.966942	0
0.429752	0.966942	0
0.438017	0.966942	0
0.446281	0.966942	0
0.454545	0.966942	0
0.46281	0.966942	0
0.471074	0.966942	0
0.479339	0.966942	0
0.487603	0.966942	0
0.495868	0.966942	0
0.504132	0.966942	0
0.512397	0.966942	0
0.520661	0.966942	0
0.528926	0.966942	0
0.53719	0.966942	0
0.545455	0.966942	0
0.553719	0.966942	0
0.561983	0.966942	0
0.570248	0.966942	0
0.578512	0.966942	0
0.586777	0.966942	0
0.595041	0.966942	0
0.603306	0.966942	0
0.61157	0.966942	0
0.619835	0.966942	0
0.628099	0.966942	0
0.636364	0.966942	0
0.644628	0.966942	0
0.652893	0.966942	0
0.661157	0.966942	0
0.669421	0.966942	0
0.677686	0.966942	0
0.68595	0.966942	0
0.694215	0.966942	0
0.702479	0.966942	0
0.710744	0.966942	0
0.719008	0.966942	0
0.727273	0.966942	0
0.735537	0.966942	0
0.743802	0.966942	0
0.752066	0.966942	0
0.760331	0.966942	0
0.768595	0.966942	0
0.77686	0.966942	0
0.785124	0.966942	0
0.793388	0.966942	0
0.801653	0.966942	0
0.809917	0.966942	0
0.818182	0.966942	0
0.826446	0.966942	0
0.834711	0.966942	0
0.842975	0.966942	0
0.85124	0.966942	0
0.859504	0.966942	0
0.867769	0.966942	0
0.876033	0.966942	0
0.884298	0.966942	0
0.892562	0.966942	0
0.900826	0.966942	0
0.909091	0.966942	0
0.917355	0.966942	0
0.92562	0.966942	0
0.933884	0.966942	0
0.942149	0.966942	0
0.950413	0.966942	0
0.958678	0.966942	0
0.966942	0.966942	0
0.975207	0.966942	0
0.983471	0.966942	0
0.991736	0.966942	0
1	0.966942	0
0.00826446	0.975207	0
0.0165289	0.975207	0
0.0247934	0.975207	0
0.0330579	0.975207	0
0.0413223	0.975207	0
0.0495868	0.975207	0
0.0578512	0.975207	0
0.0661157	0.975207	0
0.0743802	0.975207	0
0.0826446	0.975207	0
0.0909091	0.975207	0
0.0991736	0.975207	0
0.107438	0.975207	0
0.115702	0.975207	0
0.123967	0.975207	0
0.132231	0.975207	0
0.140496	0.975207	0
0.14876	0.975207	0
0.157025	0.975207	0
0.165289	0.975207	0
0.173554	0.975207	0
0.181818	0.975207	0
0.190083	0.975207	0
0.198347	0.975207	0
0.206612	0.975207	0
0.214876	0.975207	0
0.22314	0.975207	0
0.231405	0.975207	0
0.239669	0.975207	0
0.247934	0.975207	0
0.256198	0.975207	0
0.264463	0.975207	0
0.272727	0.975207	0
0.280992	0.975207	0
0.289256	0.975207	0
0.297521	0.975207	0
0.305785	0.975207	0
0.31405	0.975207	0
0.322314	0.975207	0
0.330579	0.975207	0
0.338843	0.975207	0
0.347107	0.975207	0
0.355372	0.975207	0
0.363636	0.975207	0
0.371901	0.975207	0
0.380165	0.975207	0
0.38843	0.975207	0
0.396694	0.975207	0
0.404959	0.975207	0
0.413223	0.975207	0
0.421488	0.975207	0
0.429752	0.975207	0
0.438017	0.975207	0
0.446281	0.975207	0
0.454545	0.975207	0
0.46281	0.975207	0
0.471074	0.975207	0
0.479339	0.975207	0
0.487603	0.975207	0
0.495868	0.975207	0
0.504132	0.975207	0
0.512397	0.975207	0
0.520661	0.975207	0
0.528926	0.975207	0
0.53719	0.975207	0
0.545455	0.975207	0
0.553719	0.975207	0
0.561983	0.975207	0
0.570248	0.975207	0
0.578512	0.975207	0
0.586777	0.975207	0
0.595041	0.975207	0
0.603306	0.975207	0
0.61157	0.975207	0
0.619835	0.975207	0
0.628099	0.975207	0
0.636364	0.975207	0
0.644628	0.975207	0
0.652893	0.975207	0
0.661157	0.975207	0
0.669421	0.975207	0
0.677686	0.975207	0
0.68595	0.975207	0
0.694215	0.975207	0
0.702479	0.975207	0
0.710744	0.975207	0
0.719008	0.975207	0
0.727273	0.975207	0
0.735537	0.975207	0
0.743802	0.975207	0
0.752066	0.975207	0
0.760331	0.975207	0
0.768595	0.975207	0
0.77686	0.975207	0
0.785124	0.975207	0
0.793388	0.975207	0
0.801653	0.975207	0
0.809917	0.975207	0
0.818182	0.975207	0
0.826446	0.975207	0
0.834711	0.975207	0
0.842975	0.975207	0
0.85124	0.975207	0
0.859504	0.975207	0
0.867769	0.975207	0
0.876033	0.975207	0
0.884298	0.975207	0
0.892562	0.975207	0
0.900826	0.975207	0
0.909091	0.975207	0
0.917355	0.975207	0
0.92562	0.975207	0
0.933884	0.975207	0
0.942149	0.975207	0
0.950413	0.975207	0
0.958678	0.975207	0
0.966942	0.975207	0
0.975207	0.975207	0
0.983471	0.975207	0
0.991736	0.975207	0
1	0.975207	0
0.00826446	0.983471	0
0.0165289	0.983471	0
0.0247934	0.983471	0
0.0330579	0.983471	0
0.0413223	0.983471	0
0.0495868	0.983471	0
0.0578512	0.983471	0
0.0661157	0.983471	0
0.0743802	0.983471	0
0.0826446	0.983471	0
0.0909091	0.983471	0
0.0991736	0.983471	0
0.107438	0.983471	0
0.115702	0.983471	0
0.123967	0.983471	0
0.132231	0.983471	0
0.140496	0.983471	0
0.14876	0.983471	0
0.157025	0.983471	0
0.165289	0.983471	0
0.173554	0.983471	0
0.181818	0.983471	0
0.190083	0.983471	0
0.198347	0.983471	0
0.206612	0.983471	0
0.214876	0.983471	0
0.22314	0.983471	0
0.231405	0.983471	0
0.239669	0.983471	0
0.247934	0.983471	0
0.256198	0.983471	0
0.264463	0.983471	0
0.272727	0.983471	0
0.280992	0.983471	0
0.289256	0.983471	0
0.297521	0.983471	0
0.305785	0.983471	0
0.31405	0.983471	0
0.322314	0.983471	0
0.330579	0.983471	0
0.338843	0.983471	0
0.347107	0.983471	0
0.355372	0.983471	0
0.363636	0.983471	0
0.371901	0.983471	0
0.380165	0.983471	0
0.38843	0.983471	0
0.396694	0.983471	0
0.404959	0.983471	0
0.413223	0.983471	0
0.421488	0.983471	0
0.429752	0.983471	0
0.438017	0.983471	0
0.446281	0.983471	0
0.454545	0.983471	0
0.46281	0.983471	0
0.471074	0.983471	0
0.479339	0.983471	0
0.487603	0.983471	0
0.495868	0.983471	0
0.504132	0.983471	0
0.512397	0.983471	0
0.520661	0.983471	0
0.528926	0.983471	0
0.53719	0.983471	0
0.545455	0.983471	0
0.553719	0.983471	0
0.561983	0.983471	0
0.570248	0.983471	0
0.578512	0.983471	0
0.586777	0.983471	0
0.595041	0.983471	0
0.603306	0.983471	0
0.61157	0.983471	0
0.619835	0.983471	0
0.628099	0.983471	0
0.636364	0.983471	0
0.644628	0.983471	0
0.652893	0.983471	0
0.661157	0.983471	0
0.669421	0.983471	0
0.677686	0.983471	0
0.68595	0.983471	0
0.694215	0.983471	0
0.702479	0.983471	0
0.710744	0.983471	0
0.719008	0.983471	0
0.727273	0.983471	0
0.735537	0.983471	0
0.743802	0.983471	0
0.752066	0.983471	0
0.760331	0.983471	0
0.768595	0.983471	0
0.77686	0.983471	0
0.785124	0.983471	0
0.793388	0.983471	0
0.801653	0.983471	0
0.809917	0.983471	0
0.818182	0.983471	0
0.826446	0.983471	0
0.834711	0.983471	0
0.842975	0.983471	0
0.85124	0.983471	0
0.859504	0.983471	0
0.867769	0.983471	0
0.876033	0.983471	0
0.884298	0.983471	0
0.892562	0.983471	0
0.900826	0.983471	0
0.909091	0.983471	0
0.917355	0.983471	0
0.92562	0.983471	0
0.933884	0.983471	0
0.942149	0.983471	0
0.950413	0.983471	0
0.958678	0.983471	0
0.966942	0.983471	0
0.975207	0.983471	0
0.983471	0.983471	0
0.991736	0.983471	0
1	0.983471	0
0.00826446	0.991736	0
0.0165289	0.991736	0
0.0247934	0.991736	0
0.0330579	0.991736	0
0.0413223	0.991736	0
0.0495868	0.991736	0
0.0578512	0.991736	0
0.0661157	0.991736	0
0.0743802	0.991736	0
0.0826446	0.991736	0
0.0909091	0.991736	0
0.0991736	0.991736	0
0.107438	0.991736	0
0.115702	0.991736	0
0.123967	0.991736	0
0.132231	0.991736	0
0.140496	0.991736	0
0.14876	0.991736	0
0.157025	0.991736	0
0.165289	0.991736	0
0.173554	0.991736	0
0.181818	0.991736	0
0.190083	0.991736	0
0.198347	0.991736	0
0.206612	0.991736	0
0.214876	0.991736	0
0.22314	0.991736	0
0.231405	0.991736	0
0.239669	0.991736	0
0.247934	0.991736	0
0.256198	0.991736	0
0.264463	0.991736	0
0.272727	0.991736	0
0.280992	0.991736	0
0.289256	0.991736	0
0.297521	0.991736	0
0.305785	0.991736	0
0.31405	0.991736	0
0.322314	0.991736	0
0.330579	0.991736	0
0.338843	0.991736	0
0.347107	0.991736	0
0.355372	0.991736	0
0.363636	0.991736	0
0.371901	0.991736	0
0.380165	0.991736	0
0.38843	0.991736	0
0.396694	0.991736	0
0.404959	0.991736	0
0.413223	0.991736	0
0.421488	0.991736	0
0.429752	0.991736	0
0.438017	0.991736	0
0.446281	0.991736	0
0.454545	0.991736	0
0.46281	0.991736	0
0.471074	0.991736	0
0.479339	0.991736	0
0.487603	0.991736	0
0.495868	0.991736	0
0.504132	0.991736	0
0.512397	0.991736	0
0.520661	0.991736	0
0.528926	0.991736	0
0.53719	0.991736	0
0.545455	0.991736	0
0.553719	0.991736	0
0.561983	0.991736	0
0.570248	0.991736	0
0.578512	0.991736	0
0.586777	0.991736	0
0.595041	0.991736	0
0.603306	0.991736	0
0.61157	0.991736	0
0.619835	0.991736	0
0.628099	0.991736	0
0.636364	0.991736	0
0.644628	0.991736	0
0.652893	0.991736	0
0.661157	0.991736	0
0.669421	0.991736	0
0.677686	0.991736	0
0.68595	0.991736	0
0.694215	0.991736	0
0.702479	0.991736	0
0.710744	0.991736	0
0.719008	0.991736	0
0.727273	0.991736	0
0.735537	0.991736	0
0.743802	0.991736	0
0.752066	0.991736	0
0.760331	0.991736	0
0.768595	0.991736	0
0.77686	0.991736	0
0.785124	0.991736	0
0.793388	0.991736	0
0.801653	0.991736	0
0.809917	0.991736	0
0.818182	0.991736	0
0.826446	0.991736	0
0.834711	0.991736	0
0.842975	0.991736	0
0.85124	0.991736	0
0.859504	0.991736	0
0.867769	0.991736	0
0.876033	0.991736	0
0.884298	0.991736	0
0.892562	0.991736	0
0.900826	0.991736	0
0.909091	0.991736	0
0.917355	0.991736	0
0.92562	0.991736	0
0.933884	0.991736	0
0.942149	0.991736	0
0.950413	0.991736	0
0.958678	0.991736	0
0.966942	0.991736	0
0.975207	0.991736	0
0.983471	0.991736	0
0.991736	0.991736	0
1	0.991736	0
0.00826446	1	0
0.0165289	1	0
0.0247934	1	0
0.0330579	1	0
0.0413223	1	0
0.0495868	1	0
0.0578512	1	0
0.0661157	1	0
0.0743802	1	0
0.0826446	1	0
0.0909091	1	0
0.0991736	1	0
0.107438	1	0
0.115702	1	0
0.123967	1	0
0.132231	1	0
0.140496	1	0
0.14876	1	0
0.157025	1	0
0.165289	1	0
0.173554	1	0
0.181818	1	0
0.190083	1	0
0.198347	1	0
0.206612	1	0
0.214876	1	0
0.22314	1	0
0.231405	1	0
0.239669	1	0
0.247934	1	0
0.256198	1	0
0.264463	1	0
0.272727	1	0
0.280992	1	0
0.289256	1	0
0.297521	1	0
0.305785	1	0
0.31405	1	0
0.322314	1	0
0.330579	1	0
0.338843	1	0
0.347107	1	0
0.355372	1	0
0.363636	1	0
0.371901	1	0
0.380165	1	0
0.38843	1	0
0.396694	1	0
0.404959	1	0
0.413223	1	0
0.421488	1	0
0.429752	1	0
0.438017	1	0
0.446281	1	0
0.454545	1	0
0.46281	1	0
0.471074	1	0
0.479339	1	0
0.487603	1	0
0.495868	1	0
0.504132	1	0
0.512397	1	0
0.520661	1	0
0.528926	1	0
0.53719	1	0
0.545455	1	0
0.553719	1	0
0.561983	1	0
0.570248	1	0
0.578512	1	0
0.586777	1	0
0.595041	1	0
0.603306	1	0
0.61157	1	0
0.619835	1	0
0.628099	1	0
0.636364	1	0
0.644628	1	0
0.652893	1	0
0.661157	1	0
0.669421	1	0
0.677686	1	0
0.68595	1	0
0.694215	1	0
0.702479	1	0
0.710744	1	0
0.719008	1	0
0.727273	1	0
0.735537	1	0
0.743802	1	0
0.752066	1	0
0.760331	1	0
0.768595	1	0
0.77686	1	0
0.785124	1	0
0.793388	1	0
0.801653	1	0
0.809917	1	0
0.818182	1	0
0.826446	1	0
0.834711	1	0
0.842975	1	0
0.85124	1	0
0.859504	1	0
0.867769	1	0
0.876033	1	0
0.884298	1	0
0.892562	1	0
0.900826	1	0
0.909091	1	0
0.917355	1	0
0.92562	1	0
0.933884	1	0
0.942149	1	0
0.950413	1	0
0.958678	1	0
0.966942	1	0
0.975207	1	0
0.983471	1	0
0.991736	1	0
1	1	0
1
1
1
1
1
1
1
1
1
1
1
1
1
1
1
1
1
1
1
1
1
1
1
1
1
1
1
1
1
1
1
1
1
1
1
1
1
1
1
1
1
1
1
1
1
1
1
1
1
1
1
1
1
1
1
1
1
1
1
1
1
1
1
1
1
1
1
1
1
1
1
1
1
1
1
1
1
1
1
1
1
1
1
1
1
1
1
1
1
1
1
1
1
1
1
1
1
1
1
1
1
1
1
1
1
1
1
1
1
1
1
1
1
1
1
1
1
1
1
1
1
1
0.999999
0.999998
0.999997
0.999995
0.999994
0.999993
0.999992
0.999991
0.99999
0.999989
0.999988
0.999987
0.999986
0.999985
0.999984
0.999983
0.999982
0.999981
0.99998
0.999979
0.999978
0.999977
0.999977
0.999976
0.999975
0.999974
0.999973
0.999973
0.999972
0.999971
0.999971
0.99997
0.99997
0.999969
0.999968
0.999968
0.999967
0.999967
0.999966
0.999966
0.999966
0.999965
0.999965
0.999965
0.999964
0.999964
0.999964
0.999964
0.999963
0.999963
0.999963
0.999963
0.999963
0.999963
0.999963
0.999963
0.999963
0.999963
0.999963
0.999963
0.999963
0.999963
0.999964
0.999964
0.999964
0.999964
0.999965
0.999965
0.999965
0.999966
0.999966
0.999966
0.999967
0.999967
0.999968
0.999968
0.999968
0.999969
0.99997
0.99997
0.999971
0.999971
0.999972
0.999972
0.999973
0.999974
0.999974
0.999975
0.999976
0.999976
0.999977
0.999978
0.999978
0.999979
0.99998
0.999981
0.999981
0.999982
0.999983
0.999984
0.999985
0.999985
0.999986
0.999987
0.999988
0.999989
0.999989
0.99999
0.999991
0.999992
0.999993
0.999993
0.999994
0.999995
0.999996
0.999997
0.999998
0.999998
0.999999
1
1
0.999998
0.999995
0.999993
0.999991
0.999989
0.999986
0.999984
0.999982
0.99998
0.999978
0.999976
0.999974
0.999972
0.99997
0.999968
0.999966
0.999964
0.999962
0.99996
0.999958
0.999957
0.999955
0.999953
0.999952
0.99995
0.999949
0.999947
0.999946
0.999944
0.999943
0.999942
0.99994
0.999939
0.999938
0.999937
0.999936
0.999935
0.999934
0.999933
0.999932
0.999932
0.999931
0.99993
0.99993
0.999929
0.999928
0.999928
0.999928
0.999927
0.999927
0.999927
0.999926
0.999926
0.999926
0.999926
0.999926
0.999926
0.999926
0.999926
0.999927
0.999927
0.999927
0.999928
0.999928
0.999928
0.999929
0.999929
0.99993
0.999931
0.999931
0.999932
0.999933
0.999934
0.999934
0.999935
0.999936
0.999937
0.999938
0.999939
0.99994
0.999941
0.999943
0.999944
0.999945
0.999946
0.999947
0.999949
0.99995
0.999951
0.999953
0.999954
0.999956
0.999957
0.999958
0.99996
0.999961
0.999963
0.999965
0.999966
0.999968
0.999969
0.999971
0.999972
0.999974
0.999976
0.999977
0.999979
0.99998
0.999982
0.999984
0.999985
0.999987
0.999989
0.99999
0.999992
0.999994
0.999995
0.999997
0.999998
1
1
0.999997
0.999993
0.99999
0.999986
0.999983
0.99998
0.999976
0.999973
0.99997
0.999967
0.999964
0.999961
0.999958
0.999955
0.999952
0.999949
0.999946
0.999943
0.999941
0.999938
0.999935
0.999933
0.99993
0.999928
0.999926
0.999923
0.999921
0.999919
0.999917
0.999915
0.999913
0.999911
0.999909
0.999908
0.999906
0.999904
0.999903
0.999901
0.9999
0.999899
0.999898
0.999897
0.999896
0.999895
0.999894
0.999893
0.999892
0.999892
0.999891
0.999891
0.99989
0.99989
0.99989
0.99989
0.99989
0.99989
0.99989
0.99989
0.99989
0.99989
0.999891
0.999891
0.999892
0.999892
0.999893
0.999894
0.999894
0.999895
0.999896
0.999897
0.999898
0.9999
0.999901
0.999902
0.999903
0.999905
0.999906
0.999908
0.999909
0.999911
0.999912
0.999914
0.999916
0.999918
0.99992
0.999921
0.999923
0.999925
0.999927
0.999929
0.999931
0.999934
0.999936
0.999938
0.99994
0.999942
0.999945
0.999947
0.999949
0.999952
0.999954
0.999956
0.999959
0.999961
0.999964
0.999966
0.999968
0.999971
0.999973
0.999976
0.999978
0.999981
0.999983
0.999986
0.999988
0.99999
0.999993
0.999995
0.999998
1
1
0.999995
0.999991
0.999986
0.999982
0.999977
0.999973
0.999969
0.999964
0.99996
0.999956
0.999952
0.999948
0.999944
0.99994
0.999936
0.999932
0.999928
0.999925
0.999921
0.999917
0.999914
0.999911
0.999907
0.999904
0.999901
0.999898
0.999895
0.999892
0.99989
0.999887
0.999884
0.999882
0.999879
0.999877
0.999875
0.999873
0.999871
0.999869
0.999867
0.999866
0.999864
0.999863
0.999861
0.99986
0.999859
0.999858
0.999857
0.999856
0.999855
0.999855
0.999854
0.999854
0.999854
0.999853
0.999853
0.999853
0.999853
0.999854
0.999854
0.999854
0.999855
0.999855
0.999856
0.999857
0.999858
0.999859
0.99986
0.999861
0.999862
0.999864
0.999865
0.999867
0.999868
0.99987
0.999872
0.999873
0.999875
0.999877
0.999879
0.999882
0.999884
0.999886
0.999888
0.999891
0.999893
0.999896
0.999898
0.999901
0.999904
0.999906
0.999909
0.999912
0.999915
0.999918
0.999921
0.999924
0.999927
0.99993
0.999933
0.999936
0.999939
0.999942
0.999945
0.999948
0.999952
0.999955
0.999958
0.999961
0.999965
0.999968
0.999971
0.999974
0.999978
0.999981
0.999984
0.999987
0.99999
0.999994
0.999997
1
1
0.999994
0.999989
0.999983
0.999977
0.999972
0.999966
0.999961
0.999956
0.99995
0.999945
0.99994
0.999935
0.99993
0.999925
0.99992
0.999915
0.999911
0.999906
0.999902
0.999897
0.999893
0.999889
0.999885
0.999881
0.999877
0.999873
0.999869
0.999866
0.999862
0.999859
0.999856
0.999853
0.99985
0.999847
0.999844
0.999842
0.999839
0.999837
0.999835
0.999833
0.999831
0.999829
0.999827
0.999826
0.999824
0.999823
0.999822
0.999821
0.99982
0.999819
0.999819
0.999818
0.999818
0.999818
0.999817
0.999817
0.999818
0.999818
0.999818
0.999819
0.999819
0.99982
0.999821
0.999822
0.999823
0.999824
0.999826
0.999827
0.999829
0.99983
0.999832
0.999834
0.999836
0.999838
0.99984
0.999842
0.999845
0.999847
0.99985
0.999852
0.999855
0.999858
0.999861
0.999864
0.999867
0.99987
0.999873
0.999877
0.99988
0.999883
0.999887
0.99989
0.999894
0.999897
0.999901
0.999905
0.999909
0.999912
0.999916
0.99992
0.999924
0.999928
0.999932
0.999936
0.99994
0.999944
0.999948
0.999952
0.999956
0.99996
0.999964
0.999968
0.999972
0.999976
0.99998
0.999984
0.999988
0.999992
0.999996
1
1
0.999993
0.999986
0.99998
0.999973
0.999966
0.99996
0.999953
0.999947
0.999941
0.999934
0.999928
0.999922
0.999916
0.99991
0.999905
0.999899
0.999893
0.999888
0.999882
0.999877
0.999872
0.999867
0.999862
0.999857
0.999853
0.999848
0.999844
0.99984
0.999836
0.999832
0.999828
0.999824
0.999821
0.999817
0.999814
0.999811
0.999808
0.999805
0.999803
0.9998
0.999798
0.999796
0.999794
0.999792
0.99979
0.999789
0.999787
0.999786
0.999785
0.999784
0.999783
0.999783
0.999782
0.999782
0.999782
0.999782
0.999782
0.999782
0.999783
0.999783
0.999784
0.999785
0.999786
0.999787
0.999789
0.99979
0.999792
0.999793
0.999795
0.999797
0.999799
0.999802
0.999804
0.999806
0.999809
0.999812
0.999815
0.999818
0.999821
0.999824
0.999827
0.99983
0.999834
0.999837
0.999841
0.999845
0.999849
0.999853
0.999856
0.999861
0.999865
0.999869
0.999873
0.999877
0.999882
0.999886
0.999891
0.999895
0.9999
0.999904
0.999909
0.999914
0.999918
0.999923
0.999928
0.999933
0.999938
0.999942
0.999947
0.999952
0.999957
0.999962
0.999967
0.999971
0.999976
0.999981
0.999986
0.999991
0.999995
1
1
0.999992
0.999984
0.999976
0.999969
0.999961
0.999953
0.999946
0.999938
0.999931
0.999924
0.999917
0.99991
0.999903
0.999896
0.999889
0.999883
0.999876
0.99987
0.999864
0.999857
0.999852
0.999846
0.99984
0.999835
0.999829
0.999824
0.999819
0.999814
0.999809
0.999805
0.9998
0.999796
0.999792
0.999788
0.999784
0.999781
0.999777
0.999774
0.999771
0.999768
0.999765
0.999763
0.999761
0.999758
0.999756
0.999755
0.999753
0.999752
0.99975
0.999749
0.999748
0.999748
0.999747
0.999747
0.999747
0.999747
0.999747
0.999747
0.999748
0.999748
0.999749
0.99975
0.999752
0.999753
0.999754
0.999756
0.999758
0.99976
0.999762
0.999764
0.999767
0.99977
0.999772
0.999775
0.999778
0.999781
0.999785
0.999788
0.999792
0.999795
0.999799
0.999803
0.999807
0.999811
0.999815
0.99982
0.999824
0.999829
0.999833
0.999838
0.999843
0.999848
0.999853
0.999858
0.999863
0.999868
0.999873
0.999878
0.999884
0.999889
0.999894
0.9999
0.999905
0.999911
0.999916
0.999922
0.999928
0.999933
0.999939
0.999944
0.99995
0.999956
0.999961
0.999967
0.999972
0.999978
0.999983
0.999989
0.999995
1
1
0.999991
0.999982
0.999973
0.999964
0.999956
0.999947
0.999938
0.99993
0.999922
0.999913
0.999905
0.999897
0.999889
0.999882
0.999874
0.999866
0.999859
0.999852
0.999845
0.999838
0.999831
0.999825
0.999818
0.999812
0.999806
0.9998
0.999794
0.999788
0.999783
0.999778
0.999773
0.999768
0.999763
0.999759
0.999755
0.99975
0.999747
0.999743
0.999739
0.999736
0.999733
0.99973
0.999728
0.999725
0.999723
0.999721
0.999719
0.999717
0.999716
0.999715
0.999714
0.999713
0.999712
0.999712
0.999712
0.999712
0.999712
0.999712
0.999713
0.999714
0.999715
0.999716
0.999717
0.999719
0.999721
0.999723
0.999725
0.999727
0.99973
0.999732
0.999735
0.999738
0.999741
0.999744
0.999748
0.999751
0.999755
0.999759
0.999763
0.999767
0.999772
0.999776
0.999781
0.999785
0.99979
0.999795
0.9998
0.999805
0.99981
0.999816
0.999821
0.999827
0.999832
0.999838
0.999844
0.99985
0.999856
0.999862
0.999868
0.999874
0.99988
0.999886
0.999892
0.999899
0.999905
0.999911
0.999918
0.999924
0.99993
0.999937
0.999943
0.999949
0.999956
0.999962
0.999969
0.999975
0.999981
0.999988
0.999994
1
1
0.99999
0.99998
0.99997
0.99996
0.99995
0.999941
0.999931
0.999922
0.999912
0.999903
0.999894
0.999885
0.999876
0.999867
0.999859
0.999851
0.999842
0.999834
0.999826
0.999819
0.999811
0.999804
0.999796
0.999789
0.999782
0.999776
0.999769
0.999763
0.999757
0.999751
0.999746
0.99974
0.999735
0.99973
0.999725
0.999721
0.999716
0.999712
0.999708
0.999705
0.999701
0.999698
0.999695
0.999692
0.99969
0.999688
0.999686
0.999684
0.999682
0.999681
0.99968
0.999679
0.999678
0.999678
0.999677
0.999677
0.999678
0.999678
0.999679
0.99968
0.999681
0.999682
0.999684
0.999685
0.999687
0.99969
0.999692
0.999694
0.999697
0.9997
0.999703
0.999707
0.99971
0.999714
0.999718
0.999722
0.999726
0.99973
0.999735
0.999739
0.999744
0.999749
0.999754
0.99976
0.999765
0.999771
0.999776
0.999782
0.999788
0.999794
0.9998
0.999806
0.999812
0.999819
0.999825
0.999832
0.999838
0.999845
0.999852
0.999859
0.999866
0.999873
0.999879
0.999886
0.999894
0.999901
0.999908
0.999915
0.999922
0.999929
0.999936
0.999943
0.999951
0.999958
0.999965
0.999972
0.999979
0.999986
0.999993
1
1
0.999989
0.999978
0.999967
0.999956
0.999945
0.999934
0.999924
0.999913
0.999903
0.999893
0.999883
0.999873
0.999863
0.999854
0.999844
0.999835
0.999826
0.999817
0.999808
0.999799
0.999791
0.999783
0.999775
0.999767
0.99976
0.999752
0.999745
0.999738
0.999732
0.999725
0.999719
0.999713
0.999707
0.999702
0.999696
0.999691
0.999687
0.999682
0.999678
0.999674
0.99967
0.999666
0.999663
0.99966
0.999657
0.999655
0.999653
0.999651
0.999649
0.999647
0.999646
0.999645
0.999644
0.999644
0.999644
0.999644
0.999644
0.999644
0.999645
0.999646
0.999647
0.999649
0.99965
0.999652
0.999655
0.999657
0.99966
0.999662
0.999665
0.999669
0.999672
0.999676
0.99968
0.999684
0.999688
0.999692
0.999697
0.999702
0.999707
0.999712
0.999717
0.999723
0.999729
0.999734
0.99974
0.999746
0.999753
0.999759
0.999766
0.999772
0.999779
0.999786
0.999793
0.9998
0.999807
0.999814
0.999821
0.999829
0.999836
0.999844
0.999851
0.999859
0.999867
0.999875
0.999882
0.99989
0.999898
0.999906
0.999914
0.999922
0.99993
0.999937
0.999945
0.999953
0.999961
0.999969
0.999977
0.999985
0.999992
1
1
0.999988
0.999976
0.999964
0.999952
0.99994
0.999928
0.999917
0.999905
0.999894
0.999883
0.999872
0.999861
0.99985
0.99984
0.999829
0.999819
0.999809
0.9998
0.99979
0.999781
0.999771
0.999763
0.999754
0.999745
0.999737
0.999729
0.999721
0.999714
0.999706
0.999699
0.999692
0.999686
0.99968
0.999674
0.999668
0.999662
0.999657
0.999652
0.999647
0.999643
0.999639
0.999635
0.999631
0.999628
0.999625
0.999622
0.99962
0.999618
0.999616
0.999614
0.999613
0.999612
0.999611
0.99961
0.99961
0.99961
0.99961
0.999611
0.999612
0.999613
0.999614
0.999616
0.999618
0.99962
0.999622
0.999625
0.999628
0.999631
0.999634
0.999638
0.999641
0.999645
0.99965
0.999654
0.999659
0.999664
0.999669
0.999674
0.999679
0.999685
0.999691
0.999697
0.999703
0.999709
0.999716
0.999723
0.999729
0.999736
0.999743
0.999751
0.999758
0.999766
0.999773
0.999781
0.999789
0.999797
0.999805
0.999813
0.999821
0.999829
0.999837
0.999846
0.999854
0.999863
0.999871
0.99988
0.999888
0.999897
0.999906
0.999914
0.999923
0.999932
0.99994
0.999949
0.999957
0.999966
0.999975
0.999983
0.999992
1
1
0.999987
0.999974
0.999961
0.999948
0.999935
0.999922
0.99991
0.999897
0.999885
0.999873
0.999861
0.999849
0.999838
0.999826
0.999815
0.999804
0.999793
0.999783
0.999772
0.999762
0.999752
0.999742
0.999733
0.999724
0.999715
0.999706
0.999698
0.999689
0.999681
0.999674
0.999666
0.999659
0.999653
0.999646
0.99964
0.999634
0.999628
0.999623
0.999618
0.999613
0.999608
0.999604
0.9996
0.999597
0.999593
0.99959
0.999588
0.999585
0.999583
0.999581
0.99958
0.999579
0.999578
0.999577
0.999577
0.999577
0.999577
0.999578
0.999579
0.99958
0.999581
0.999583
0.999585
0.999588
0.99959
0.999593
0.999596
0.999599
0.999603
0.999607
0.999611
0.999615
0.99962
0.999625
0.99963
0.999635
0.999641
0.999646
0.999652
0.999658
0.999665
0.999671
0.999678
0.999685
0.999692
0.999699
0.999707
0.999714
0.999722
0.99973
0.999738
0.999746
0.999754
0.999762
0.999771
0.999779
0.999788
0.999797
0.999806
0.999815
0.999824
0.999833
0.999842
0.999851
0.99986
0.99987
0.999879
0.999888
0.999898
0.999907
0.999916
0.999926
0.999935
0.999945
0.999954
0.999963
0.999972
0.999982
0.999991
1
1
0.999986
0.999972
0.999958
0.999944
0.99993
0.999916
0.999903
0.999889
0.999876
0.999863
0.99985
0.999838
0.999825
0.999813
0.999801
0.999789
0.999777
0.999766
0.999755
0.999744
0.999733
0.999723
0.999712
0.999703
0.999693
0.999683
0.999674
0.999666
0.999657
0.999649
0.999641
0.999633
0.999626
0.999619
0.999612
0.999606
0.9996
0.999594
0.999588
0.999583
0.999578
0.999574
0.99957
0.999566
0.999562
0.999559
0.999556
0.999553
0.999551
0.999549
0.999548
0.999546
0.999545
0.999545
0.999545
0.999545
0.999545
0.999546
0.999547
0.999548
0.999549
0.999551
0.999553
0.999556
0.999559
0.999562
0.999565
0.999569
0.999572
0.999577
0.999581
0.999586
0.999591
0.999596
0.999601
0.999607
0.999613
0.999619
0.999626
0.999632
0.999639
0.999646
0.999653
0.999661
0.999668
0.999676
0.999684
0.999692
0.9997
0.999709
0.999717
0.999726
0.999735
0.999744
0.999753
0.999762
0.999772
0.999781
0.999791
0.9998
0.99981
0.99982
0.99983
0.99984
0.99985
0.99986
0.99987
0.99988
0.99989
0.9999
0.99991
0.99992
0.99993
0.99994
0.99995
0.99996
0.99997
0.99998
0.99999
1
1
0.999985
0.99997
0.999955
0.99994
0.999925
0.99991
0.999896
0.999882
0.999867
0.999854
0.99984
0.999826
0.999813
0.9998
0.999787
0.999774
0.999762
0.999749
0.999737
0.999726
0.999714
0.999703
0.999692
0.999682
0.999671
0.999661
0.999651
0.999642
0.999633
0.999624
0.999616
0.999607
0.9996
0.999592
0.999585
0.999578
0.999571
0.999565
0.999559
0.999554
0.999549
0.999544
0.999539
0.999535
0.999531
0.999528
0.999525
0.999522
0.99952
0.999518
0.999516
0.999515
0.999514
0.999513
0.999513
0.999513
0.999513
0.999514
0.999515
0.999516
0.999518
0.99952
0.999522
0.999525
0.999528
0.999531
0.999534
0.999538
0.999542
0.999547
0.999552
0.999557
0.999562
0.999568
0.999573
0.999579
0.999586
0.999592
0.999599
0.999606
0.999614
0.999621
0.999629
0.999637
0.999645
0.999653
0.999662
0.99967
0.999679
0.999688
0.999698
0.999707
0.999716
0.999726
0.999736
0.999746
0.999756
0.999766
0.999776
0.999786
0.999797
0.999807
0.999818
0.999828
0.999839
0.99985
0.999861
0.999871
0.999882
0.999893
0.999904
0.999914
0.999925
0.999936
0.999947
0.999958
0.999968
0.999979
0.999989
1
1
0.999984
0.999968
0.999952
0.999936
0.99992
0.999905
0.999889
0.999874
0.999859
0.999844
0.999829
0.999815
0.999801
0.999787
0.999773
0.99976
0.999746
0.999733
0.999721
0.999708
0.999696
0.999684
0.999672
0.999661
0.99965
0.999639
0.999629
0.999619
0.999609
0.9996
0.999591
0.999582
0.999574
0.999566
0.999558
0.999551
0.999544
0.999537
0.999531
0.999525
0.999519
0.999514
0.99951
0.999505
0.999501
0.999497
0.999494
0.999491
0.999489
0.999487
0.999485
0.999483
0.999482
0.999481
0.999481
0.999481
0.999482
0.999482
0.999483
0.999485
0.999487
0.999489
0.999491
0.999494
0.999497
0.999501
0.999504
0.999508
0.999513
0.999518
0.999523
0.999528
0.999534
0.99954
0.999546
0.999552
0.999559
0.999566
0.999573
0.999581
0.999589
0.999597
0.999605
0.999613
0.999622
0.999631
0.99964
0.999649
0.999659
0.999668
0.999678
0.999688
0.999698
0.999708
0.999719
0.999729
0.99974
0.999751
0.999762
0.999773
0.999784
0.999795
0.999806
0.999817
0.999829
0.99984
0.999852
0.999863
0.999874
0.999886
0.999897
0.999909
0.99992
0.999932
0.999943
0.999955
0.999966
0.999978
0.999989
1
1
0.999983
0.999966
0.999949
0.999932
0.999915
0.999899
0.999883
0.999866
0.999851
0.999835
0.999819
0.999804
0.999789
0.999774
0.99976
0.999745
0.999731
0.999717
0.999704
0.999691
0.999678
0.999665
0.999653
0.999641
0.999629
0.999618
0.999607
0.999596
0.999586
0.999576
0.999566
0.999557
0.999548
0.99954
0.999532
0.999524
0.999517
0.99951
0.999503
0.999497
0.999491
0.999485
0.99948
0.999476
0.999471
0.999468
0.999464
0.999461
0.999458
0.999456
0.999454
0.999453
0.999451
0.999451
0.99945
0.99945
0.999451
0.999451
0.999453
0.999454
0.999456
0.999458
0.999461
0.999464
0.999467
0.999471
0.999475
0.999479
0.999484
0.999489
0.999494
0.9995
0.999506
0.999512
0.999519
0.999526
0.999533
0.99954
0.999548
0.999556
0.999564
0.999573
0.999581
0.99959
0.999599
0.999609
0.999619
0.999628
0.999638
0.999649
0.999659
0.99967
0.99968
0.999691
0.999702
0.999713
0.999725
0.999736
0.999748
0.999759
0.999771
0.999783
0.999795
0.999807
0.999819
0.999831
0.999843
0.999855
0.999867
0.999879
0.999891
0.999904
0.999916
0.999928
0.99994
0.999952
0.999964
0.999976
0.999988
1
1
0.999982
0.999964
0.999946
0.999928
0.999911
0.999893
0.999876
0.999859
0.999842
0.999826
0.999809
0.999793
0.999777
0.999762
0.999746
0.999731
0.999716
0.999702
0.999688
0.999674
0.99966
0.999647
0.999634
0.999621
0.999609
0.999597
0.999585
0.999574
0.999563
0.999553
0.999543
0.999533
0.999523
0.999514
0.999506
0.999498
0.99949
0.999483
0.999476
0.999469
0.999463
0.999457
0.999452
0.999447
0.999442
0.999438
0.999435
0.999431
0.999428
0.999426
0.999424
0.999422
0.999421
0.99942
0.99942
0.99942
0.99942
0.999421
0.999422
0.999424
0.999426
0.999428
0.999431
0.999434
0.999438
0.999442
0.999446
0.999451
0.999455
0.999461
0.999466
0.999472
0.999479
0.999485
0.999492
0.999499
0.999507
0.999515
0.999523
0.999531
0.99954
0.999549
0.999558
0.999568
0.999577
0.999587
0.999597
0.999608
0.999618
0.999629
0.99964
0.999651
0.999663
0.999674
0.999686
0.999697
0.999709
0.999721
0.999734
0.999746
0.999758
0.999771
0.999783
0.999796
0.999809
0.999821
0.999834
0.999847
0.99986
0.999873
0.999885
0.999898
0.999911
0.999924
0.999937
0.999949
0.999962
0.999975
0.999987
1
1
0.999981
0.999962
0.999943
0.999925
0.999906
0.999888
0.99987
0.999852
0.999834
0.999817
0.9998
0.999783
0.999766
0.999749
0.999733
0.999717
0.999702
0.999687
0.999672
0.999657
0.999643
0.999629
0.999615
0.999602
0.999589
0.999576
0.999564
0.999552
0.999541
0.99953
0.999519
0.999509
0.999499
0.99949
0.999481
0.999472
0.999464
0.999456
0.999449
0.999442
0.999435
0.999429
0.999424
0.999418
0.999414
0.999409
0.999406
0.999402
0.999399
0.999397
0.999394
0.999393
0.999391
0.999391
0.99939
0.99939
0.999391
0.999392
0.999393
0.999394
0.999397
0.999399
0.999402
0.999405
0.999409
0.999413
0.999418
0.999422
0.999428
0.999433
0.999439
0.999445
0.999452
0.999459
0.999466
0.999474
0.999482
0.99949
0.999499
0.999507
0.999517
0.999526
0.999536
0.999546
0.999556
0.999566
0.999577
0.999588
0.999599
0.99961
0.999622
0.999633
0.999645
0.999657
0.99967
0.999682
0.999695
0.999707
0.99972
0.999733
0.999746
0.999759
0.999772
0.999785
0.999799
0.999812
0.999826
0.999839
0.999852
0.999866
0.999879
0.999893
0.999907
0.99992
0.999933
0.999947
0.99996
0.999974
0.999987
1
1
0.99998
0.99996
0.999941
0.999921
0.999902
0.999882
0.999864
0.999845
0.999826
0.999808
0.99979
0.999772
0.999755
0.999737
0.999721
0.999704
0.999688
0.999672
0.999656
0.999641
0.999626
0.999611
0.999597
0.999583
0.999569
0.999556
0.999543
0.999531
0.999519
0.999507
0.999496
0.999485
0.999475
0.999465
0.999456
0.999447
0.999438
0.99943
0.999422
0.999415
0.999408
0.999402
0.999396
0.999391
0.999386
0.999381
0.999377
0.999374
0.99937
0.999368
0.999365
0.999364
0.999362
0.999362
0.999361
0.999361
0.999362
0.999362
0.999364
0.999366
0.999368
0.99937
0.999373
0.999377
0.999381
0.999385
0.99939
0.999395
0.9994
0.999406
0.999412
0.999419
0.999426
0.999433
0.999441
0.999449
0.999457
0.999466
0.999475
0.999484
0.999493
0.999503
0.999513
0.999524
0.999535
0.999545
0.999557
0.999568
0.99958
0.999592
0.999604
0.999616
0.999628
0.999641
0.999654
0.999667
0.99968
0.999693
0.999707
0.99972
0.999734
0.999747
0.999761
0.999775
0.999789
0.999803
0.999817
0.999831
0.999845
0.99986
0.999874
0.999888
0.999902
0.999916
0.99993
0.999944
0.999958
0.999972
0.999986
1
1
0.999979
0.999958
0.999938
0.999917
0.999897
0.999877
0.999857
0.999838
0.999819
0.999799
0.999781
0.999762
0.999744
0.999726
0.999708
0.999691
0.999674
0.999657
0.999641
0.999624
0.999609
0.999594
0.999579
0.999564
0.99955
0.999536
0.999523
0.99951
0.999497
0.999485
0.999474
0.999462
0.999452
0.999441
0.999431
0.999422
0.999413
0.999405
0.999397
0.999389
0.999382
0.999375
0.999369
0.999364
0.999358
0.999354
0.999349
0.999346
0.999342
0.99934
0.999337
0.999335
0.999334
0.999333
0.999333
0.999333
0.999333
0.999334
0.999335
0.999337
0.99934
0.999342
0.999345
0.999349
0.999353
0.999358
0.999362
0.999368
0.999373
0.99938
0.999386
0.999393
0.9994
0.999408
0.999416
0.999424
0.999433
0.999442
0.999451
0.999461
0.999471
0.999481
0.999492
0.999503
0.999514
0.999525
0.999537
0.999549
0.999561
0.999573
0.999586
0.999599
0.999612
0.999625
0.999638
0.999652
0.999666
0.99968
0.999693
0.999708
0.999722
0.999736
0.999751
0.999765
0.99978
0.999794
0.999809
0.999824
0.999839
0.999853
0.999868
0.999883
0.999898
0.999912
0.999927
0.999942
0.999956
0.999971
0.999986
1
1
0.999978
0.999957
0.999935
0.999914
0.999893
0.999872
0.999852
0.999831
0.999811
0.999791
0.999771
0.999752
0.999733
0.999714
0.999696
0.999678
0.99966
0.999643
0.999626
0.999609
0.999592
0.999577
0.999561
0.999546
0.999531
0.999517
0.999503
0.999489
0.999476
0.999464
0.999452
0.99944
0.999429
0.999418
0.999408
0.999398
0.999389
0.99938
0.999371
0.999364
0.999356
0.999349
0.999343
0.999337
0.999332
0.999327
0.999322
0.999318
0.999315
0.999312
0.99931
0.999308
0.999306
0.999305
0.999305
0.999305
0.999305
0.999306
0.999308
0.99931
0.999312
0.999315
0.999318
0.999322
0.999326
0.999331
0.999336
0.999341
0.999347
0.999354
0.99936
0.999368
0.999375
0.999383
0.999391
0.9994
0.999409
0.999419
0.999428
0.999438
0.999449
0.99946
0.999471
0.999482
0.999493
0.999505
0.999518
0.99953
0.999543
0.999556
0.999569
0.999582
0.999596
0.999609
0.999623
0.999637
0.999652
0.999666
0.999681
0.999695
0.99971
0.999725
0.99974
0.999755
0.99977
0.999786
0.999801
0.999816
0.999832
0.999847
0.999863
0.999878
0.999893
0.999909
0.999924
0.999939
0.999955
0.99997
0.999985
1
1
0.999977
0.999955
0.999933
0.999911
0.999889
0.999867
0.999846
0.999825
0.999804
0.999783
0.999763
0.999742
0.999723
0.999703
0.999684
0.999665
0.999647
0.999629
0.999611
0.999594
0.999577
0.99956
0.999544
0.999528
0.999513
0.999498
0.999483
0.999469
0.999456
0.999443
0.99943
0.999418
0.999406
0.999395
0.999385
0.999374
0.999365
0.999355
0.999347
0.999339
0.999331
0.999324
0.999317
0.999311
0.999305
0.9993
0.999296
0.999292
0.999288
0.999285
0.999283
0.999281
0.999279
0.999278
0.999278
0.999278
0.999278
0.999279
0.999281
0.999283
0.999285
0.999288
0.999292
0.999295
0.9993
0.999305
0.99931
0.999316
0.999322
0.999328
0.999335
0.999343
0.999351
0.999359
0.999368
0.999377
0.999386
0.999396
0.999406
0.999416
0.999427
0.999438
0.99945
0.999462
0.999474
0.999486
0.999499
0.999512
0.999525
0.999538
0.999552
0.999566
0.99958
0.999594
0.999609
0.999623
0.999638
0.999653
0.999668
0.999683
0.999699
0.999714
0.99973
0.999746
0.999762
0.999777
0.999793
0.999809
0.999825
0.999841
0.999857
0.999873
0.999889
0.999905
0.999921
0.999937
0.999953
0.999969
0.999984
1
1
0.999977
0.999953
0.99993
0.999907
0.999885
0.999862
0.99984
0.999818
0.999796
0.999775
0.999754
0.999733
0.999712
0.999692
0.999672
0.999653
0.999634
0.999615
0.999597
0.999579
0.999561
0.999544
0.999527
0.999511
0.999495
0.999479
0.999464
0.99945
0.999436
0.999422
0.999409
0.999397
0.999385
0.999373
0.999362
0.999351
0.999341
0.999332
0.999323
0.999314
0.999306
0.999299
0.999292
0.999286
0.99928
0.999275
0.99927
0.999266
0.999262
0.999259
0.999256
0.999254
0.999253
0.999252
0.999251
0.999251
0.999252
0.999253
0.999254
0.999256
0.999259
0.999262
0.999265
0.99927
0.999274
0.999279
0.999285
0.999291
0.999297
0.999304
0.999311
0.999319
0.999327
0.999335
0.999344
0.999354
0.999363
0.999374
0.999384
0.999395
0.999406
0.999418
0.99943
0.999442
0.999454
0.999467
0.99948
0.999494
0.999507
0.999521
0.999535
0.99955
0.999564
0.999579
0.999594
0.999609
0.999625
0.99964
0.999656
0.999672
0.999688
0.999704
0.99972
0.999736
0.999753
0.999769
0.999786
0.999802
0.999819
0.999835
0.999852
0.999869
0.999885
0.999902
0.999918
0.999935
0.999951
0.999968
0.999984
1
1
0.999976
0.999952
0.999928
0.999904
0.999881
0.999857
0.999835
0.999812
0.999789
0.999767
0.999745
0.999724
0.999703
0.999682
0.999661
0.999641
0.999621
0.999602
0.999583
0.999564
0.999546
0.999528
0.999511
0.999494
0.999477
0.999461
0.999446
0.999431
0.999416
0.999402
0.999389
0.999376
0.999363
0.999351
0.99934
0.999329
0.999319
0.999309
0.999299
0.999291
0.999282
0.999275
0.999268
0.999261
0.999255
0.99925
0.999245
0.99924
0.999236
0.999233
0.999231
0.999228
0.999227
0.999226
0.999225
0.999225
0.999226
0.999227
0.999228
0.999231
0.999233
0.999236
0.99924
0.999244
0.999249
0.999254
0.99926
0.999266
0.999273
0.99928
0.999287
0.999295
0.999304
0.999312
0.999322
0.999331
0.999342
0.999352
0.999363
0.999374
0.999386
0.999398
0.99941
0.999423
0.999436
0.999449
0.999462
0.999476
0.99949
0.999505
0.999519
0.999534
0.999549
0.999565
0.99958
0.999596
0.999612
0.999628
0.999644
0.999661
0.999677
0.999694
0.99971
0.999727
0.999744
0.999761
0.999778
0.999795
0.999813
0.99983
0.999847
0.999864
0.999881
0.999898
0.999915
0.999933
0.999949
0.999966
0.999983
1
1
0.999975
0.99995
0.999926
0.999901
0.999877
0.999853
0.999829
0.999806
0.999782
0.99976
0.999737
0.999715
0.999693
0.999671
0.99965
0.999629
0.999609
0.999589
0.999569
0.99955
0.999531
0.999513
0.999495
0.999477
0.99946
0.999444
0.999428
0.999413
0.999398
0.999383
0.999369
0.999356
0.999343
0.99933
0.999319
0.999307
0.999297
0.999286
0.999277
0.999268
0.999259
0.999251
0.999244
0.999237
0.999231
0.999225
0.99922
0.999216
0.999212
0.999208
0.999206
0.999203
0.999202
0.999201
0.9992
0.9992
0.999201
0.999202
0.999203
0.999206
0.999208
0.999212
0.999215
0.99922
0.999225
0.99923
0.999236
0.999242
0.999249
0.999256
0.999264
0.999272
0.999281
0.99929
0.9993
0.99931
0.99932
0.999331
0.999342
0.999354
0.999366
0.999378
0.999391
0.999404
0.999417
0.999431
0.999445
0.999459
0.999474
0.999489
0.999504
0.999519
0.999535
0.999551
0.999567
0.999583
0.999599
0.999616
0.999633
0.99965
0.999667
0.999684
0.999701
0.999718
0.999736
0.999753
0.999771
0.999789
0.999806
0.999824
0.999842
0.99986
0.999877
0.999895
0.999913
0.99993
0.999948
0.999965
0.999983
1
1
0.999974
0.999949
0.999923
0.999898
0.999873
0.999848
0.999824
0.9998
0.999776
0.999752
0.999729
0.999706
0.999683
0.999661
0.999639
0.999618
0.999597
0.999576
0.999556
0.999536
0.999517
0.999498
0.999479
0.999461
0.999444
0.999427
0.999411
0.999395
0.999379
0.999364
0.99935
0.999336
0.999323
0.99931
0.999298
0.999286
0.999275
0.999265
0.999255
0.999245
0.999237
0.999228
0.999221
0.999214
0.999207
0.999202
0.999196
0.999192
0.999188
0.999184
0.999181
0.999179
0.999177
0.999176
0.999176
0.999176
0.999176
0.999177
0.999179
0.999181
0.999184
0.999188
0.999192
0.999196
0.999201
0.999206
0.999213
0.999219
0.999226
0.999234
0.999242
0.99925
0.999259
0.999269
0.999278
0.999289
0.999299
0.999311
0.999322
0.999334
0.999346
0.999359
0.999372
0.999386
0.999399
0.999414
0.999428
0.999443
0.999458
0.999473
0.999489
0.999504
0.99952
0.999537
0.999553
0.99957
0.999587
0.999604
0.999621
0.999639
0.999656
0.999674
0.999692
0.99971
0.999728
0.999746
0.999764
0.999782
0.999801
0.999819
0.999837
0.999855
0.999874
0.999892
0.99991
0.999928
0.999946
0.999964
0.999982
1
1
0.999973
0.999947
0.999921
0.999895
0.999869
0.999844
0.999819
0.999794
0.999769
0.999745
0.999721
0.999698
0.999674
0.999651
0.999629
0.999607
0.999585
0.999564
0.999543
0.999523
0.999503
0.999483
0.999464
0.999446
0.999428
0.999411
0.999394
0.999377
0.999361
0.999346
0.999331
0.999317
0.999303
0.99929
0.999278
0.999266
0.999254
0.999243
0.999233
0.999224
0.999215
0.999206
0.999198
0.999191
0.999185
0.999179
0.999173
0.999168
0.999164
0.999161
0.999158
0.999155
0.999154
0.999152
0.999152
0.999152
0.999153
0.999154
0.999155
0.999158
0.999161
0.999164
0.999168
0.999173
0.999178
0.999184
0.99919
0.999197
0.999204
0.999212
0.99922
0.999229
0.999238
0.999247
0.999258
0.999268
0.999279
0.999291
0.999303
0.999315
0.999328
0.999341
0.999354
0.999368
0.999382
0.999397
0.999411
0.999427
0.999442
0.999458
0.999474
0.99949
0.999507
0.999523
0.99954
0.999558
0.999575
0.999593
0.999611
0.999628
0.999647
0.999665
0.999683
0.999702
0.99972
0.999739
0.999757
0.999776
0.999795
0.999814
0.999832
0.999851
0.99987
0.999889
0.999907
0.999926
0.999945
0.999963
0.999982
1
1
0.999973
0.999946
0.999919
0.999892
0.999866
0.99984
0.999814
0.999788
0.999763
0.999738
0.999714
0.999689
0.999666
0.999642
0.999619
0.999596
0.999574
0.999552
0.999531
0.99951
0.999489
0.999469
0.99945
0.999431
0.999413
0.999395
0.999377
0.99936
0.999344
0.999328
0.999313
0.999298
0.999284
0.999271
0.999258
0.999246
0.999234
0.999223
0.999212
0.999203
0.999193
0.999185
0.999177
0.999169
0.999162
0.999156
0.999151
0.999146
0.999142
0.999138
0.999135
0.999132
0.999131
0.999129
0.999129
0.999129
0.99913
0.999131
0.999133
0.999135
0.999138
0.999142
0.999146
0.99915
0.999156
0.999162
0.999168
0.999175
0.999182
0.99919
0.999199
0.999208
0.999217
0.999227
0.999237
0.999248
0.99926
0.999271
0.999284
0.999296
0.999309
0.999323
0.999337
0.999351
0.999365
0.99938
0.999396
0.999411
0.999427
0.999443
0.99946
0.999476
0.999493
0.999511
0.999528
0.999546
0.999564
0.999582
0.9996
0.999618
0.999637
0.999656
0.999674
0.999693
0.999712
0.999732
0.999751
0.99977
0.999789
0.999809
0.999828
0.999847
0.999866
0.999886
0.999905
0.999924
0.999943
0.999962
0.999981
1
1
0.999972
0.999944
0.999917
0.99989
0.999862
0.999836
0.999809
0.999783
0.999757
0.999732
0.999706
0.999681
0.999657
0.999633
0.999609
0.999586
0.999563
0.999541
0.999519
0.999497
0.999476
0.999456
0.999436
0.999416
0.999398
0.999379
0.999361
0.999344
0.999327
0.999311
0.999295
0.99928
0.999266
0.999252
0.999239
0.999226
0.999214
0.999203
0.999192
0.999182
0.999173
0.999164
0.999156
0.999148
0.999141
0.999135
0.999129
0.999124
0.99912
0.999116
0.999113
0.99911
0.999109
0.999107
0.999107
0.999107
0.999107
0.999109
0.99911
0.999113
0.999116
0.99912
0.999124
0.999129
0.999134
0.99914
0.999147
0.999154
0.999161
0.99917
0.999178
0.999187
0.999197
0.999207
0.999218
0.999229
0.999241
0.999253
0.999265
0.999278
0.999292
0.999306
0.99932
0.999334
0.999349
0.999364
0.99938
0.999396
0.999412
0.999429
0.999446
0.999463
0.99948
0.999498
0.999516
0.999534
0.999552
0.999571
0.99959
0.999609
0.999628
0.999647
0.999666
0.999686
0.999705
0.999725
0.999744
0.999764
0.999784
0.999804
0.999823
0.999843
0.999863
0.999883
0.999903
0.999922
0.999942
0.999961
0.999981
1
1
0.999971
0.999943
0.999915
0.999887
0.999859
0.999832
0.999805
0.999778
0.999751
0.999725
0.999699
0.999674
0.999649
0.999624
0.9996
0.999576
0.999553
0.99953
0.999507
0.999485
0.999464
0.999443
0.999422
0.999402
0.999383
0.999364
0.999346
0.999328
0.999311
0.999295
0.999279
0.999263
0.999248
0.999234
0.999221
0.999208
0.999196
0.999184
0.999173
0.999163
0.999153
0.999144
0.999135
0.999128
0.99912
0.999114
0.999108
0.999103
0.999099
0.999095
0.999092
0.999089
0.999087
0.999086
0.999085
0.999085
0.999086
0.999087
0.999089
0.999092
0.999095
0.999099
0.999103
0.999108
0.999113
0.99912
0.999126
0.999133
0.999141
0.99915
0.999159
0.999168
0.999178
0.999188
0.999199
0.999211
0.999223
0.999235
0.999248
0.999261
0.999275
0.999289
0.999303
0.999318
0.999334
0.999349
0.999365
0.999382
0.999398
0.999415
0.999433
0.99945
0.999468
0.999486
0.999504
0.999523
0.999542
0.999561
0.99958
0.999599
0.999619
0.999638
0.999658
0.999678
0.999698
0.999718
0.999738
0.999758
0.999779
0.999799
0.999819
0.999839
0.99986
0.99988
0.9999
0.99992
0.99994
0.99996
0.99998
1
1
0.999971
0.999942
0.999913
0.999884
0.999856
0.999828
0.9998
0.999773
0.999746
0.999719
0.999692
0.999666
0.999641
0.999616
0.999591
0.999566
0.999543
0.999519
0.999496
0.999474
0.999452
0.99943
0.999409
0.999389
0.999369
0.99935
0.999331
0.999313
0.999295
0.999279
0.999262
0.999246
0.999231
0.999217
0.999203
0.99919
0.999177
0.999165
0.999154
0.999144
0.999134
0.999124
0.999116
0.999108
0.999101
0.999094
0.999088
0.999083
0.999078
0.999074
0.999071
0.999068
0.999066
0.999065
0.999065
0.999065
0.999065
0.999067
0.999068
0.999071
0.999074
0.999078
0.999083
0.999088
0.999093
0.9991
0.999106
0.999114
0.999122
0.99913
0.999139
0.999149
0.999159
0.99917
0.999181
0.999193
0.999205
0.999218
0.999231
0.999244
0.999258
0.999273
0.999288
0.999303
0.999318
0.999334
0.999351
0.999368
0.999385
0.999402
0.99942
0.999438
0.999456
0.999474
0.999493
0.999512
0.999531
0.999551
0.99957
0.99959
0.99961
0.99963
0.99965
0.999671
0.999691
0.999712
0.999732
0.999753
0.999774
0.999794
0.999815
0.999836
0.999857
0.999877
0.999898
0.999919
0.999939
0.999959
0.99998
1
1
0.99997
0.99994
0.999911
0.999882
0.999853
0.999824
0.999796
0.999768
0.99974
0.999713
0.999686
0.999659
0.999633
0.999607
0.999582
0.999557
0.999533
0.999509
0.999485
0.999462
0.99944
0.999418
0.999397
0.999376
0.999356
0.999336
0.999317
0.999298
0.99928
0.999263
0.999246
0.99923
0.999215
0.9992
0.999186
0.999173
0.99916
0.999148
0.999136
0.999125
0.999115
0.999106
0.999097
0.999089
0.999081
0.999075
0.999069
0.999063
0.999059
0.999055
0.999051
0.999049
0.999047
0.999045
0.999045
0.999045
0.999045
0.999047
0.999049
0.999051
0.999055
0.999059
0.999063
0.999068
0.999074
0.99908
0.999087
0.999095
0.999103
0.999112
0.999121
0.999131
0.999141
0.999152
0.999164
0.999176
0.999188
0.999201
0.999214
0.999228
0.999243
0.999257
0.999272
0.999288
0.999304
0.99932
0.999337
0.999354
0.999372
0.999389
0.999407
0.999426
0.999444
0.999463
0.999482
0.999502
0.999521
0.999541
0.999561
0.999581
0.999602
0.999622
0.999643
0.999664
0.999685
0.999706
0.999727
0.999748
0.999769
0.99979
0.999811
0.999832
0.999854
0.999875
0.999896
0.999917
0.999938
0.999959
0.999979
1
1
0.99997
0.999939
0.999909
0.999879
0.99985
0.999821
0.999792
0.999763
0.999735
0.999707
0.99968
0.999653
0.999626
0.9996
0.999574
0.999548
0.999523
0.999499
0.999475
0.999452
0.999429
0.999406
0.999385
0.999363
0.999343
0.999323
0.999303
0.999284
0.999266
0.999248
0.999231
0.999215
0.999199
0.999184
0.99917
0.999156
0.999143
0.999131
0.999119
0.999108
0.999097
0.999088
0.999079
0.999071
0.999063
0.999056
0.99905
0.999044
0.99904
0.999036
0.999032
0.999029
0.999027
0.999026
0.999025
0.999025
0.999026
0.999028
0.99903
0.999032
0.999036
0.99904
0.999044
0.99905
0.999055
0.999062
0.999069
0.999077
0.999085
0.999094
0.999104
0.999114
0.999124
0.999135
0.999147
0.999159
0.999172
0.999185
0.999199
0.999213
0.999227
0.999242
0.999258
0.999274
0.99929
0.999307
0.999324
0.999341
0.999359
0.999377
0.999395
0.999414
0.999433
0.999452
0.999472
0.999492
0.999512
0.999532
0.999552
0.999573
0.999594
0.999615
0.999636
0.999657
0.999678
0.9997
0.999721
0.999743
0.999764
0.999786
0.999807
0.999829
0.999851
0.999872
0.999894
0.999915
0.999936
0.999958
0.999979
1
1
0.999969
0.999938
0.999908
0.999877
0.999847
0.999817
0.999788
0.999759
0.99973
0.999702
0.999674
0.999646
0.999619
0.999592
0.999566
0.99954
0.999514
0.99949
0.999465
0.999441
0.999418
0.999395
0.999373
0.999351
0.99933
0.99931
0.99929
0.999271
0.999252
0.999234
0.999217
0.9992
0.999184
0.999169
0.999154
0.99914
0.999127
0.999114
0.999102
0.999091
0.999081
0.999071
0.999062
0.999053
0.999045
0.999038
0.999032
0.999026
0.999022
0.999017
0.999014
0.999011
0.999009
0.999008
0.999007
0.999007
0.999008
0.999009
0.999011
0.999014
0.999017
0.999022
0.999026
0.999032
0.999038
0.999044
0.999052
0.999059
0.999068
0.999077
0.999087
0.999097
0.999108
0.999119
0.999131
0.999143
0.999156
0.99917
0.999184
0.999198
0.999213
0.999228
0.999244
0.99926
0.999277
0.999294
0.999311
0.999329
0.999347
0.999365
0.999384
0.999403
0.999422
0.999442
0.999462
0.999482
0.999503
0.999523
0.999544
0.999565
0.999586
0.999608
0.999629
0.999651
0.999672
0.999694
0.999716
0.999738
0.99976
0.999782
0.999804
0.999826
0.999848
0.99987
0.999892
0.999914
0.999935
0.999957
0.999979
1
1
0.999968
0.999937
0.999906
0.999875
0.999844
0.999814
0.999784
0.999755
0.999725
0.999696
0.999668
0.99964
0.999612
0.999585
0.999558
0.999532
0.999506
0.999481
0.999456
0.999431
0.999408
0.999385
0.999362
0.99934
0.999319
0.999298
0.999278
0.999258
0.999239
0.999221
0.999203
0.999186
0.99917
0.999154
0.999139
0.999125
0.999111
0.999099
0.999086
0.999075
0.999064
0.999054
0.999045
0.999036
0.999029
0.999021
0.999015
0.999009
0.999004
0.999
0.998997
0.998994
0.998992
0.99899
0.99899
0.99899
0.99899
0.998992
0.998994
0.998997
0.999
0.999004
0.999009
0.999015
0.999021
0.999027
0.999035
0.999043
0.999051
0.999061
0.999071
0.999081
0.999092
0.999103
0.999116
0.999128
0.999141
0.999155
0.999169
0.999184
0.999199
0.999214
0.999231
0.999247
0.999264
0.999281
0.999299
0.999317
0.999335
0.999354
0.999373
0.999393
0.999412
0.999432
0.999453
0.999473
0.999494
0.999515
0.999536
0.999557
0.999579
0.999601
0.999622
0.999644
0.999666
0.999689
0.999711
0.999733
0.999756
0.999778
0.9998
0.999823
0.999845
0.999867
0.99989
0.999912
0.999934
0.999956
0.999978
1
1
0.999968
0.999936
0.999904
0.999873
0.999842
0.999811
0.999781
0.99975
0.999721
0.999691
0.999662
0.999634
0.999606
0.999578
0.999551
0.999524
0.999498
0.999472
0.999447
0.999422
0.999398
0.999374
0.999351
0.999329
0.999307
0.999286
0.999266
0.999246
0.999226
0.999208
0.99919
0.999173
0.999156
0.99914
0.999125
0.999111
0.999097
0.999084
0.999071
0.99906
0.999049
0.999039
0.999029
0.99902
0.999012
0.999005
0.998999
0.998993
0.998988
0.998983
0.99898
0.998977
0.998975
0.998974
0.998973
0.998973
0.998974
0.998975
0.998977
0.99898
0.998984
0.998988
0.998993
0.998998
0.999004
0.999011
0.999019
0.999027
0.999036
0.999045
0.999055
0.999066
0.999077
0.999089
0.999101
0.999114
0.999127
0.999141
0.999155
0.99917
0.999186
0.999201
0.999218
0.999235
0.999252
0.999269
0.999287
0.999306
0.999324
0.999343
0.999363
0.999383
0.999403
0.999423
0.999443
0.999464
0.999485
0.999507
0.999528
0.99955
0.999572
0.999594
0.999616
0.999638
0.999661
0.999683
0.999706
0.999729
0.999751
0.999774
0.999797
0.99982
0.999843
0.999865
0.999888
0.999911
0.999933
0.999955
0.999978
1
1
0.999967
0.999935
0.999903
0.999871
0.999839
0.999808
0.999777
0.999747
0.999716
0.999687
0.999657
0.999628
0.9996
0.999571
0.999544
0.999517
0.99949
0.999464
0.999438
0.999413
0.999389
0.999365
0.999341
0.999319
0.999297
0.999275
0.999254
0.999234
0.999214
0.999196
0.999177
0.99916
0.999143
0.999127
0.999111
0.999097
0.999083
0.999069
0.999057
0.999045
0.999034
0.999024
0.999014
0.999005
0.998997
0.99899
0.998983
0.998977
0.998972
0.998968
0.998964
0.998961
0.998959
0.998958
0.998957
0.998957
0.998958
0.998959
0.998961
0.998964
0.998968
0.998972
0.998977
0.998983
0.998989
0.998996
0.999004
0.999012
0.999021
0.99903
0.99904
0.999051
0.999063
0.999074
0.999087
0.9991
0.999114
0.999128
0.999142
0.999157
0.999173
0.999189
0.999206
0.999223
0.99924
0.999258
0.999276
0.999295
0.999314
0.999333
0.999353
0.999373
0.999393
0.999414
0.999435
0.999456
0.999477
0.999499
0.999521
0.999543
0.999565
0.999588
0.99961
0.999633
0.999656
0.999679
0.999702
0.999725
0.999748
0.999771
0.999794
0.999817
0.99984
0.999863
0.999886
0.999909
0.999932
0.999955
0.999977
1
1
0.999967
0.999934
0.999901
0.999869
0.999837
0.999805
0.999774
0.999743
0.999712
0.999682
0.999652
0.999623
0.999594
0.999565
0.999537
0.99951
0.999483
0.999456
0.99943
0.999405
0.99938
0.999355
0.999332
0.999309
0.999286
0.999265
0.999243
0.999223
0.999203
0.999184
0.999165
0.999148
0.999131
0.999114
0.999099
0.999084
0.999069
0.999056
0.999043
0.999031
0.99902
0.99901
0.999
0.998991
0.998983
0.998975
0.998968
0.998962
0.998957
0.998953
0.998949
0.998946
0.998944
0.998943
0.998942
0.998942
0.998943
0.998944
0.998946
0.998949
0.998953
0.998957
0.998962
0.998968
0.998974
0.998981
0.998989
0.998998
0.999007
0.999016
0.999027
0.999037
0.999049
0.999061
0.999074
0.999087
0.999101
0.999115
0.99913
0.999145
0.999161
0.999177
0.999194
0.999211
0.999229
0.999247
0.999266
0.999285
0.999304
0.999324
0.999344
0.999364
0.999385
0.999405
0.999427
0.999448
0.99947
0.999492
0.999514
0.999536
0.999559
0.999582
0.999605
0.999628
0.999651
0.999674
0.999697
0.999721
0.999744
0.999767
0.999791
0.999814
0.999838
0.999861
0.999885
0.999908
0.999931
0.999954
0.999977
1
1
0.999966
0.999933
0.9999
0.999867
0.999835
0.999803
0.999771
0.999739
0.999708
0.999678
0.999647
0.999618
0.999588
0.999559
0.999531
0.999503
0.999476
0.999449
0.999422
0.999397
0.999371
0.999347
0.999323
0.999299
0.999277
0.999255
0.999233
0.999212
0.999192
0.999173
0.999154
0.999136
0.999119
0.999102
0.999086
0.999071
0.999057
0.999043
0.99903
0.999018
0.999007
0.998996
0.998986
0.998977
0.998969
0.998961
0.998955
0.998948
0.998943
0.998939
0.998935
0.998932
0.99893
0.998928
0.998928
0.998928
0.998928
0.99893
0.998932
0.998935
0.998939
0.998943
0.998948
0.998954
0.998961
0.998968
0.998976
0.998984
0.998993
0.999003
0.999013
0.999025
0.999036
0.999048
0.999061
0.999075
0.999089
0.999103
0.999118
0.999134
0.99915
0.999166
0.999183
0.999201
0.999219
0.999237
0.999256
0.999275
0.999295
0.999314
0.999335
0.999355
0.999376
0.999397
0.999419
0.999441
0.999463
0.999485
0.999507
0.99953
0.999553
0.999576
0.999599
0.999623
0.999646
0.99967
0.999693
0.999717
0.999741
0.999764
0.999788
0.999812
0.999836
0.999859
0.999883
0.999907
0.99993
0.999954
0.999977
1
1
0.999966
0.999932
0.999899
0.999866
0.999833
0.9998
0.999768
0.999736
0.999705
0.999674
0.999643
0.999613
0.999583
0.999554
0.999525
0.999497
0.999469
0.999442
0.999415
0.999389
0.999364
0.999339
0.999314
0.999291
0.999268
0.999245
0.999224
0.999203
0.999182
0.999163
0.999144
0.999125
0.999108
0.999091
0.999075
0.99906
0.999045
0.999031
0.999018
0.999006
0.998994
0.998984
0.998974
0.998964
0.998956
0.998948
0.998941
0.998935
0.99893
0.998925
0.998922
0.998919
0.998916
0.998915
0.998914
0.998914
0.998915
0.998916
0.998919
0.998922
0.998925
0.99893
0.998935
0.998941
0.998948
0.998955
0.998963
0.998971
0.998981
0.998991
0.999001
0.999012
0.999024
0.999036
0.999049
0.999063
0.999077
0.999092
0.999107
0.999123
0.999139
0.999156
0.999173
0.999191
0.999209
0.999227
0.999246
0.999266
0.999286
0.999306
0.999326
0.999347
0.999368
0.99939
0.999412
0.999434
0.999456
0.999479
0.999501
0.999524
0.999547
0.999571
0.999594
0.999618
0.999642
0.999665
0.999689
0.999713
0.999737
0.999761
0.999785
0.999809
0.999834
0.999858
0.999882
0.999905
0.999929
0.999953
0.999977
1
1
0.999966
0.999932
0.999898
0.999864
0.999831
0.999798
0.999765
0.999733
0.999701
0.99967
0.999639
0.999608
0.999578
0.999549
0.999519
0.999491
0.999463
0.999435
0.999408
0.999382
0.999356
0.999331
0.999306
0.999282
0.999259
0.999237
0.999215
0.999193
0.999173
0.999153
0.999134
0.999115
0.999097
0.999081
0.999064
0.999049
0.999034
0.99902
0.999007
0.998994
0.998983
0.998972
0.998962
0.998952
0.998944
0.998936
0.998929
0.998923
0.998918
0.998913
0.998909
0.998906
0.998904
0.998902
0.998902
0.998902
0.998902
0.998904
0.998906
0.998909
0.998913
0.998918
0.998923
0.998929
0.998935
0.998943
0.998951
0.998959
0.998969
0.998979
0.99899
0.999001
0.999013
0.999025
0.999038
0.999052
0.999066
0.999081
0.999097
0.999113
0.999129
0.999146
0.999163
0.999181
0.9992
0.999219
0.999238
0.999257
0.999277
0.999298
0.999319
0.99934
0.999361
0.999383
0.999405
0.999427
0.99945
0.999473
0.999496
0.999519
0.999542
0.999566
0.99959
0.999613
0.999637
0.999661
0.999686
0.99971
0.999734
0.999759
0.999783
0.999807
0.999832
0.999856
0.99988
0.999904
0.999928
0.999952
0.999976
1
1
0.999965
0.999931
0.999897
0.999863
0.999829
0.999796
0.999763
0.99973
0.999698
0.999666
0.999635
0.999604
0.999574
0.999544
0.999514
0.999485
0.999457
0.999429
0.999402
0.999375
0.999349
0.999324
0.999299
0.999275
0.999251
0.999228
0.999206
0.999185
0.999164
0.999144
0.999124
0.999106
0.999088
0.999071
0.999054
0.999039
0.999024
0.99901
0.998996
0.998984
0.998972
0.998961
0.998951
0.998941
0.998933
0.998925
0.998918
0.998911
0.998906
0.998901
0.998897
0.998894
0.998892
0.998891
0.99889
0.99889
0.998891
0.998892
0.998894
0.998898
0.998901
0.998906
0.998911
0.998917
0.998924
0.998931
0.99894
0.998948
0.998958
0.998968
0.998979
0.99899
0.999002
0.999015
0.999028
0.999042
0.999056
0.999072
0.999087
0.999103
0.99912
0.999137
0.999155
0.999173
0.999191
0.99921
0.99923
0.999249
0.99927
0.99929
0.999311
0.999333
0.999354
0.999376
0.999398
0.999421
0.999444
0.999467
0.99949
0.999514
0.999537
0.999561
0.999585
0.999609
0.999634
0.999658
0.999682
0.999707
0.999731
0.999756
0.999781
0.999805
0.99983
0.999854
0.999879
0.999903
0.999928
0.999952
0.999976
1
1
0.999965
0.99993
0.999896
0.999861
0.999827
0.999794
0.999761
0.999728
0.999695
0.999663
0.999631
0.9996
0.99957
0.999539
0.99951
0.99948
0.999452
0.999424
0.999396
0.999369
0.999343
0.999317
0.999292
0.999268
0.999244
0.999221
0.999198
0.999177
0.999156
0.999135
0.999116
0.999097
0.999079
0.999062
0.999045
0.999029
0.999014
0.999
0.998986
0.998974
0.998962
0.998951
0.99894
0.998931
0.998922
0.998914
0.998907
0.998901
0.998895
0.99889
0.998887
0.998883
0.998881
0.99888
0.998879
0.998879
0.99888
0.998881
0.998884
0.998887
0.998891
0.998895
0.998901
0.998907
0.998913
0.998921
0.998929
0.998938
0.998948
0.998958
0.998969
0.99898
0.998992
0.999005
0.999019
0.999033
0.999047
0.999062
0.999078
0.999094
0.999111
0.999128
0.999146
0.999164
0.999183
0.999202
0.999222
0.999242
0.999262
0.999283
0.999304
0.999326
0.999348
0.99937
0.999393
0.999415
0.999438
0.999462
0.999485
0.999509
0.999533
0.999557
0.999581
0.999605
0.99963
0.999655
0.999679
0.999704
0.999729
0.999754
0.999778
0.999803
0.999828
0.999853
0.999878
0.999902
0.999927
0.999951
0.999976
1
1
0.999965
0.99993
0.999895
0.99986
0.999826
0.999792
0.999758
0.999725
0.999692
0.99966
0.999628
0.999597
0.999566
0.999535
0.999505
0.999476
0.999447
0.999418
0.999391
0.999364
0.999337
0.999311
0.999286
0.999261
0.999237
0.999214
0.999191
0.999169
0.999148
0.999128
0.999108
0.999089
0.999071
0.999053
0.999036
0.99902
0.999005
0.998991
0.998977
0.998964
0.998952
0.998941
0.998931
0.998921
0.998912
0.998904
0.998897
0.998891
0.998885
0.998881
0.998877
0.998873
0.998871
0.99887
0.998869
0.998869
0.99887
0.998871
0.998874
0.998877
0.998881
0.998885
0.998891
0.998897
0.998904
0.998911
0.998919
0.998928
0.998938
0.998948
0.998959
0.998971
0.998983
0.998996
0.99901
0.999024
0.999039
0.999054
0.99907
0.999086
0.999103
0.999121
0.999139
0.999157
0.999176
0.999195
0.999215
0.999235
0.999256
0.999277
0.999298
0.99932
0.999342
0.999364
0.999387
0.99941
0.999433
0.999457
0.99948
0.999504
0.999529
0.999553
0.999577
0.999602
0.999627
0.999651
0.999676
0.999701
0.999726
0.999751
0.999776
0.999802
0.999827
0.999852
0.999877
0.999901
0.999926
0.999951
0.999976
1
1
0.999964
0.999929
0.999894
0.999859
0.999824
0.99979
0.999756
0.999723
0.99969
0.999657
0.999625
0.999593
0.999562
0.999531
0.999501
0.999471
0.999442
0.999414
0.999386
0.999358
0.999332
0.999305
0.99928
0.999255
0.999231
0.999207
0.999185
0.999162
0.999141
0.99912
0.999101
0.999081
0.999063
0.999045
0.999029
0.999012
0.998997
0.998983
0.998969
0.998956
0.998944
0.998933
0.998922
0.998912
0.998904
0.998895
0.998888
0.998882
0.998876
0.998871
0.998867
0.998864
0.998862
0.99886
0.99886
0.99886
0.99886
0.998862
0.998864
0.998868
0.998871
0.998876
0.998882
0.998888
0.998895
0.998902
0.998911
0.99892
0.998929
0.99894
0.998951
0.998963
0.998975
0.998988
0.999002
0.999016
0.999031
0.999046
0.999062
0.999079
0.999096
0.999113
0.999132
0.99915
0.999169
0.999189
0.999209
0.999229
0.99925
0.999271
0.999293
0.999314
0.999337
0.999359
0.999382
0.999405
0.999429
0.999452
0.999476
0.9995
0.999525
0.999549
0.999574
0.999599
0.999624
0.999649
0.999674
0.999699
0.999724
0.999749
0.999775
0.9998
0.999825
0.99985
0.999876
0.999901
0.999926
0.999951
0.999975
1
1
0.999964
0.999928
0.999893
0.999858
0.999823
0.999789
0.999755
0.999721
0.999688
0.999655
0.999622
0.99959
0.999559
0.999528
0.999497
0.999468
0.999438
0.999409
0.999381
0.999354
0.999327
0.9993
0.999275
0.99925
0.999225
0.999202
0.999179
0.999156
0.999135
0.999114
0.999094
0.999075
0.999056
0.999038
0.999021
0.999005
0.99899
0.998975
0.998961
0.998948
0.998936
0.998925
0.998914
0.998904
0.998895
0.998887
0.99888
0.998874
0.998868
0.998863
0.998859
0.998856
0.998854
0.998852
0.998851
0.998851
0.998852
0.998854
0.998856
0.998859
0.998863
0.998868
0.998873
0.99888
0.998887
0.998894
0.998903
0.998912
0.998922
0.998932
0.998943
0.998955
0.998968
0.998981
0.998994
0.999009
0.999024
0.999039
0.999055
0.999072
0.999089
0.999107
0.999125
0.999144
0.999163
0.999183
0.999203
0.999223
0.999244
0.999266
0.999287
0.999309
0.999332
0.999355
0.999378
0.999401
0.999424
0.999448
0.999472
0.999497
0.999521
0.999546
0.999571
0.999596
0.999621
0.999646
0.999671
0.999697
0.999722
0.999747
0.999773
0.999798
0.999824
0.999849
0.999875
0.9999
0.999925
0.99995
0.999975
1
1
0.999964
0.999928
0.999892
0.999857
0.999822
0.999787
0.999753
0.999719
0.999686
0.999653
0.99962
0.999588
0.999556
0.999525
0.999494
0.999464
0.999435
0.999406
0.999377
0.999349
0.999322
0.999296
0.99927
0.999245
0.99922
0.999196
0.999173
0.999151
0.999129
0.999108
0.999088
0.999069
0.99905
0.999032
0.999015
0.998999
0.998983
0.998968
0.998955
0.998941
0.998929
0.998918
0.998907
0.998897
0.998888
0.99888
0.998873
0.998866
0.998861
0.998856
0.998852
0.998848
0.998846
0.998844
0.998844
0.998844
0.998845
0.998846
0.998849
0.998852
0.998856
0.998861
0.998866
0.998872
0.998879
0.998887
0.998895
0.998905
0.998914
0.998925
0.998936
0.998948
0.998961
0.998974
0.998988
0.999002
0.999017
0.999033
0.999049
0.999066
0.999083
0.999101
0.999119
0.999138
0.999158
0.999177
0.999198
0.999218
0.999239
0.999261
0.999283
0.999305
0.999327
0.99935
0.999373
0.999397
0.999421
0.999445
0.999469
0.999493
0.999518
0.999543
0.999568
0.999593
0.999618
0.999644
0.999669
0.999695
0.99972
0.999746
0.999771
0.999797
0.999823
0.999848
0.999874
0.999899
0.999925
0.99995
0.999975
1
1
0.999964
0.999928
0.999892
0.999856
0.999821
0.999786
0.999752
0.999717
0.999684
0.999651
0.999618
0.999585
0.999553
0.999522
0.999491
0.999461
0.999431
0.999402
0.999374
0.999346
0.999318
0.999292
0.999266
0.99924
0.999216
0.999192
0.999168
0.999146
0.999124
0.999103
0.999083
0.999063
0.999044
0.999026
0.999009
0.998993
0.998977
0.998962
0.998948
0.998935
0.998923
0.998911
0.998901
0.998891
0.998882
0.998874
0.998866
0.99886
0.998854
0.998849
0.998845
0.998842
0.998839
0.998838
0.998837
0.998837
0.998838
0.998839
0.998842
0.998845
0.998849
0.998854
0.998859
0.998866
0.998873
0.998881
0.998889
0.998898
0.998908
0.998919
0.99893
0.998942
0.998955
0.998968
0.998982
0.998996
0.999012
0.999027
0.999044
0.999061
0.999078
0.999096
0.999114
0.999133
0.999153
0.999173
0.999193
0.999214
0.999235
0.999257
0.999279
0.999301
0.999324
0.999347
0.99937
0.999393
0.999417
0.999442
0.999466
0.99949
0.999515
0.99954
0.999565
0.999591
0.999616
0.999642
0.999667
0.999693
0.999719
0.999744
0.99977
0.999796
0.999822
0.999847
0.999873
0.999899
0.999924
0.99995
0.999975
1
1
0.999963
0.999927
0.999891
0.999855
0.99982
0.999785
0.99975
0.999716
0.999682
0.999649
0.999616
0.999583
0.999551
0.99952
0.999489
0.999458
0.999428
0.999399
0.99937
0.999342
0.999315
0.999288
0.999262
0.999236
0.999212
0.999188
0.999164
0.999142
0.99912
0.999099
0.999078
0.999059
0.99904
0.999022
0.999004
0.998988
0.998972
0.998957
0.998943
0.99893
0.998918
0.998906
0.998895
0.998885
0.998876
0.998868
0.998861
0.998854
0.998848
0.998843
0.998839
0.998836
0.998834
0.998832
0.998831
0.998831
0.998832
0.998834
0.998836
0.998839
0.998843
0.998848
0.998854
0.99886
0.998867
0.998875
0.998884
0.998893
0.998903
0.998913
0.998925
0.998937
0.99895
0.998963
0.998977
0.998991
0.999007
0.999022
0.999039
0.999056
0.999073
0.999091
0.99911
0.999129
0.999148
0.999168
0.999189
0.99921
0.999231
0.999253
0.999275
0.999297
0.99932
0.999343
0.999367
0.99939
0.999414
0.999439
0.999463
0.999488
0.999513
0.999538
0.999563
0.999589
0.999614
0.99964
0.999666
0.999691
0.999717
0.999743
0.999769
0.999795
0.999821
0.999847
0.999872
0.999898
0.999924
0.999949
0.999975
1
1
0.999963
0.999927
0.999891
0.999855
0.999819
0.999784
0.999749
0.999715
0.999681
0.999647
0.999614
0.999581
0.999549
0.999518
0.999487
0.999456
0.999426
0.999397
0.999368
0.99934
0.999312
0.999285
0.999259
0.999233
0.999208
0.999184
0.999161
0.999138
0.999116
0.999095
0.999074
0.999055
0.999036
0.999017
0.999
0.998983
0.998968
0.998953
0.998939
0.998925
0.998913
0.998901
0.99889
0.998881
0.998871
0.998863
0.998856
0.998849
0.998843
0.998838
0.998834
0.998831
0.998829
0.998827
0.998826
0.998826
0.998827
0.998829
0.998831
0.998834
0.998838
0.998843
0.998849
0.998855
0.998862
0.99887
0.998879
0.998888
0.998898
0.998909
0.99892
0.998932
0.998945
0.998958
0.998972
0.998987
0.999002
0.999018
0.999035
0.999052
0.999069
0.999087
0.999106
0.999125
0.999145
0.999165
0.999185
0.999206
0.999228
0.99925
0.999272
0.999294
0.999317
0.99934
0.999364
0.999388
0.999412
0.999436
0.999461
0.999486
0.999511
0.999536
0.999561
0.999587
0.999613
0.999638
0.999664
0.99969
0.999716
0.999742
0.999768
0.999794
0.99982
0.999846
0.999872
0.999898
0.999923
0.999949
0.999975
1
1
0.999963
0.999927
0.99989
0.999854
0.999819
0.999783
0.999748
0.999714
0.99968
0.999646
0.999613
0.99958
0.999548
0.999516
0.999485
0.999454
0.999424
0.999394
0.999365
0.999337
0.99931
0.999283
0.999256
0.999231
0.999206
0.999181
0.999158
0.999135
0.999113
0.999092
0.999071
0.999051
0.999032
0.999014
0.998997
0.99898
0.998964
0.998949
0.998935
0.998922
0.998909
0.998897
0.998887
0.998877
0.998867
0.998859
0.998852
0.998845
0.998839
0.998834
0.99883
0.998827
0.998824
0.998823
0.998822
0.998822
0.998823
0.998825
0.998827
0.99883
0.998834
0.998839
0.998845
0.998851
0.998858
0.998866
0.998875
0.998884
0.998894
0.998905
0.998916
0.998929
0.998941
0.998955
0.998969
0.998984
0.998999
0.999015
0.999031
0.999048
0.999066
0.999084
0.999103
0.999122
0.999142
0.999162
0.999183
0.999204
0.999225
0.999247
0.999269
0.999292
0.999315
0.999338
0.999362
0.999386
0.99941
0.999434
0.999459
0.999484
0.999509
0.999534
0.99956
0.999585
0.999611
0.999637
0.999663
0.999689
0.999715
0.999741
0.999767
0.999793
0.999819
0.999845
0.999871
0.999897
0.999923
0.999949
0.999975
1
1
0.999963
0.999926
0.99989
0.999854
0.999818
0.999783
0.999748
0.999713
0.999679
0.999645
0.999612
0.999579
0.999546
0.999515
0.999483
0.999453
0.999422
0.999393
0.999364
0.999335
0.999308
0.999281
0.999254
0.999228
0.999203
0.999179
0.999155
0.999132
0.99911
0.999089
0.999068
0.999049
0.999029
0.999011
0.998994
0.998977
0.998961
0.998946
0.998932
0.998919
0.998906
0.998894
0.998883
0.998873
0.998864
0.998856
0.998848
0.998842
0.998836
0.998831
0.998827
0.998824
0.998821
0.99882
0.998819
0.998819
0.99882
0.998821
0.998824
0.998827
0.998831
0.998836
0.998842
0.998848
0.998855
0.998863
0.998872
0.998881
0.998891
0.998902
0.998913
0.998926
0.998938
0.998952
0.998966
0.998981
0.998996
0.999012
0.999029
0.999046
0.999063
0.999082
0.9991
0.99912
0.999139
0.99916
0.99918
0.999201
0.999223
0.999245
0.999267
0.99929
0.999313
0.999336
0.99936
0.999384
0.999408
0.999433
0.999458
0.999482
0.999508
0.999533
0.999559
0.999584
0.99961
0.999636
0.999662
0.999688
0.999714
0.99974
0.999767
0.999793
0.999819
0.999845
0.999871
0.999897
0.999923
0.999949
0.999974
1
1
0.999963
0.999926
0.99989
0.999854
0.999818
0.999782
0.999747
0.999712
0.999678
0.999644
0.999611
0.999578
0.999545
0.999514
0.999482
0.999451
0.999421
0.999391
0.999362
0.999334
0.999306
0.999279
0.999253
0.999227
0.999202
0.999177
0.999154
0.999131
0.999109
0.999087
0.999066
0.999047
0.999027
0.999009
0.998992
0.998975
0.998959
0.998944
0.99893
0.998916
0.998904
0.998892
0.998881
0.998871
0.998862
0.998854
0.998846
0.998839
0.998834
0.998829
0.998824
0.998821
0.998819
0.998817
0.998816
0.998816
0.998817
0.998819
0.998821
0.998825
0.998829
0.998834
0.998839
0.998846
0.998853
0.998861
0.998869
0.998879
0.998889
0.9989
0.998911
0.998923
0.998936
0.99895
0.998964
0.998979
0.998994
0.99901
0.999027
0.999044
0.999062
0.99908
0.999099
0.999118
0.999138
0.999158
0.999179
0.9992
0.999221
0.999243
0.999266
0.999288
0.999311
0.999335
0.999359
0.999383
0.999407
0.999432
0.999456
0.999481
0.999507
0.999532
0.999558
0.999583
0.999609
0.999635
0.999661
0.999687
0.999714
0.99974
0.999766
0.999792
0.999819
0.999845
0.999871
0.999897
0.999923
0.999949
0.999974
1
1
0.999963
0.999926
0.99989
0.999853
0.999818
0.999782
0.999747
0.999712
0.999678
0.999644
0.99961
0.999577
0.999545
0.999513
0.999481
0.999451
0.99942
0.999391
0.999362
0.999333
0.999305
0.999278
0.999252
0.999226
0.999201
0.999176
0.999152
0.999129
0.999107
0.999086
0.999065
0.999045
0.999026
0.999008
0.99899
0.998974
0.998958
0.998943
0.998928
0.998915
0.998902
0.998891
0.99888
0.99887
0.99886
0.998852
0.998844
0.998838
0.998832
0.998827
0.998823
0.99882
0.998817
0.998815
0.998815
0.998815
0.998816
0.998817
0.99882
0.998823
0.998827
0.998832
0.998838
0.998844
0.998851
0.998859
0.998868
0.998877
0.998887
0.998898
0.99891
0.998922
0.998935
0.998948
0.998962
0.998977
0.998993
0.999009
0.999025
0.999042
0.99906
0.999078
0.999097
0.999117
0.999136
0.999157
0.999177
0.999199
0.99922
0.999242
0.999265
0.999287
0.999311
0.999334
0.999358
0.999382
0.999406
0.999431
0.999456
0.999481
0.999506
0.999531
0.999557
0.999583
0.999609
0.999635
0.999661
0.999687
0.999713
0.999739
0.999766
0.999792
0.999818
0.999844
0.999871
0.999897
0.999923
0.999949
0.999974
1
1
0.999963
0.999926
0.99989
0.999853
0.999817
0.999782
0.999747
0.999712
0.999677
0.999644
0.99961
0.999577
0.999545
0.999513
0.999481
0.99945
0.99942
0.99939
0.999361
0.999333
0.999305
0.999278
0.999251
0.999225
0.9992
0.999176
0.999152
0.999129
0.999107
0.999085
0.999065
0.999045
0.999025
0.999007
0.99899
0.998973
0.998957
0.998942
0.998928
0.998914
0.998902
0.99889
0.998879
0.998869
0.99886
0.998851
0.998844
0.998837
0.998831
0.998826
0.998822
0.998819
0.998816
0.998815
0.998814
0.998814
0.998815
0.998816
0.998819
0.998822
0.998826
0.998831
0.998837
0.998843
0.99885
0.998858
0.998867
0.998876
0.998887
0.998897
0.998909
0.998921
0.998934
0.998948
0.998962
0.998977
0.998992
0.999008
0.999025
0.999042
0.99906
0.999078
0.999097
0.999116
0.999136
0.999156
0.999177
0.999198
0.99922
0.999242
0.999264
0.999287
0.99931
0.999334
0.999357
0.999381
0.999406
0.99943
0.999455
0.99948
0.999506
0.999531
0.999557
0.999583
0.999608
0.999634
0.999661
0.999687
0.999713
0.999739
0.999766
0.999792
0.999818
0.999844
0.999871
0.999897
0.999923
0.999949
0.999974
1
1
0.999963
0.999926
0.99989
0.999853
0.999817
0.999782
0.999747
0.999712
0.999677
0.999644
0.99961
0.999577
0.999545
0.999513
0.999481
0.99945
0.99942
0.99939
0.999361
0.999333
0.999305
0.999278
0.999251
0.999225
0.9992
0.999176
0.999152
0.999129
0.999107
0.999085
0.999065
0.999045
0.999025
0.999007
0.99899
0.998973
0.998957
0.998942
0.998928
0.998914
0.998902
0.99889
0.998879
0.998869
0.99886
0.998851
0.998844
0.998837
0.998831
0.998826
0.998822
0.998819
0.998816
0.998815
0.998814
0.998814
0.998815
0.998816
0.998819
0.998822
0.998826
0.998831
0.998837
0.998843
0.99885
0.998858
0.998867
0.998876
0.998887
0.998897
0.998909
0.998921
0.998934
0.998948
0.998962
0.998977
0.998992
0.999008
0.999025
0.999042
0.99906
0.999078
0.999097
0.999116
0.999136
0.999156
0.999177
0.999198
0.99922
0.999242
0.999264
0.999287
0.99931
0.999334
0.999357
0.999381
0.999406
0.99943
0.999455
0.99948
0.999506
0.999531
0.999557
0.999583
0.999608
0.999634
0.999661
0.999687
0.999713
0.999739
0.999766
0.999792
0.999818
0.999844
0.999871
0.999897
0.999923
0.999949
0.999974
1
1
0.999963
0.999926
0.99989
0.999853
0.999818
0.999782
0.999747
0.999712
0.999678
0.999644
0.99961
0.999577
0.999545
0.999513
0.999482
0.999451
0.99942
0.999391
0.999362
0.999333
0.999305
0.999278
0.999252
0.999226
0.999201
0.999176
0.999153
0.99913
0.999107
0.999086
0.999065
0.999045
0.999026
0.999008
0.99899
0.998974
0.998958
0.998943
0.998928
0.998915
0.998902
0.998891
0.99888
0.99887
0.99886
0.998852
0.998845
0.998838
0.998832
0.998827
0.998823
0.99882
0.998817
0.998816
0.998815
0.998815
0.998816
0.998817
0.99882
0.998823
0.998827
0.998832
0.998838
0.998844
0.998851
0.998859
0.998868
0.998877
0.998887
0.998898
0.99891
0.998922
0.998935
0.998948
0.998962
0.998977
0.998993
0.999009
0.999025
0.999043
0.99906
0.999079
0.999097
0.999117
0.999137
0.999157
0.999178
0.999199
0.99922
0.999242
0.999265
0.999287
0.999311
0.999334
0.999358
0.999382
0.999406
0.999431
0.999456
0.999481
0.999506
0.999531
0.999557
0.999583
0.999609
0.999635
0.999661
0.999687
0.999713
0.999739
0.999766
0.999792
0.999818
0.999845
0.999871
0.999897
0.999923
0.999949
0.999974
1
1
0.999963
0.999926
0.99989
0.999854
0.999818
0.999782
0.999747
0.999712
0.999678
0.999644
0.999611
0.999578
0.999546
0.999514
0.999482
0.999451
0.999421
0.999392
0.999362
0.999334
0.999306
0.999279
0.999253
0.999227
0.999202
0.999177
0.999154
0.999131
0.999109
0.999087
0.999067
0.999047
0.999028
0.999009
0.998992
0.998975
0.998959
0.998944
0.99893
0.998916
0.998904
0.998892
0.998881
0.998871
0.998862
0.998854
0.998846
0.998839
0.998834
0.998829
0.998825
0.998821
0.998819
0.998817
0.998816
0.998816
0.998817
0.998819
0.998821
0.998825
0.998829
0.998834
0.998839
0.998846
0.998853
0.998861
0.998869
0.998879
0.998889
0.9989
0.998911
0.998923
0.998936
0.99895
0.998964
0.998979
0.998994
0.99901
0.999027
0.999044
0.999062
0.99908
0.999099
0.999118
0.999138
0.999158
0.999179
0.9992
0.999221
0.999243
0.999266
0.999288
0.999312
0.999335
0.999359
0.999383
0.999407
0.999432
0.999456
0.999481
0.999507
0.999532
0.999558
0.999583
0.999609
0.999635
0.999661
0.999687
0.999714
0.99974
0.999766
0.999792
0.999819
0.999845
0.999871
0.999897
0.999923
0.999949
0.999974
1
1
0.999963
0.999926
0.99989
0.999854
0.999818
0.999783
0.999748
0.999713
0.999679
0.999645
0.999612
0.999579
0.999547
0.999515
0.999483
0.999453
0.999422
0.999393
0.999364
0.999335
0.999308
0.999281
0.999254
0.999228
0.999203
0.999179
0.999155
0.999133
0.99911
0.999089
0.999068
0.999049
0.99903
0.999011
0.998994
0.998977
0.998961
0.998946
0.998932
0.998919
0.998906
0.998894
0.998884
0.998874
0.998864
0.998856
0.998849
0.998842
0.998836
0.998831
0.998827
0.998824
0.998821
0.99882
0.998819
0.998819
0.99882
0.998821
0.998824
0.998827
0.998831
0.998836
0.998842
0.998848
0.998855
0.998863
0.998872
0.998881
0.998891
0.998902
0.998914
0.998926
0.998939
0.998952
0.998966
0.998981
0.998996
0.999012
0.999029
0.999046
0.999064
0.999082
0.999101
0.99912
0.99914
0.99916
0.99918
0.999202
0.999223
0.999245
0.999267
0.99929
0.999313
0.999336
0.99936
0.999384
0.999408
0.999433
0.999458
0.999483
0.999508
0.999533
0.999559
0.999584
0.99961
0.999636
0.999662
0.999688
0.999714
0.99974
0.999767
0.999793
0.999819
0.999845
0.999871
0.999897
0.999923
0.999949
0.999974
1
1
0.999963
0.999927
0.99989
0.999854
0.999819
0.999783
0.999748
0.999714
0.99968
0.999646
0.999613
0.99958
0.999548
0.999516
0.999485
0.999454
0.999424
0.999394
0.999366
0.999337
0.99931
0.999283
0.999256
0.999231
0.999206
0.999181
0.999158
0.999135
0.999113
0.999092
0.999071
0.999051
0.999032
0.999014
0.998997
0.99898
0.998964
0.998949
0.998935
0.998922
0.998909
0.998898
0.998887
0.998877
0.998868
0.998859
0.998852
0.998845
0.998839
0.998834
0.99883
0.998827
0.998825
0.998823
0.998822
0.998822
0.998823
0.998825
0.998827
0.99883
0.998834
0.998839
0.998845
0.998851
0.998858
0.998866
0.998875
0.998884
0.998894
0.998905
0.998917
0.998929
0.998941
0.998955
0.998969
0.998984
0.998999
0.999015
0.999031
0.999049
0.999066
0.999084
0.999103
0.999122
0.999142
0.999162
0.999183
0.999204
0.999225
0.999247
0.999269
0.999292
0.999315
0.999338
0.999362
0.999386
0.99941
0.999434
0.999459
0.999484
0.999509
0.999534
0.99956
0.999585
0.999611
0.999637
0.999663
0.999689
0.999715
0.999741
0.999767
0.999793
0.999819
0.999845
0.999871
0.999897
0.999923
0.999949
0.999975
1
1
0.999963
0.999927
0.999891
0.999855
0.999819
0.999784
0.999749
0.999715
0.999681
0.999647
0.999614
0.999581
0.999549
0.999518
0.999487
0.999456
0.999426
0.999397
0.999368
0.99934
0.999312
0.999285
0.999259
0.999233
0.999208
0.999184
0.999161
0.999138
0.999116
0.999095
0.999074
0.999055
0.999036
0.999017
0.999
0.998984
0.998968
0.998953
0.998939
0.998925
0.998913
0.998901
0.998891
0.998881
0.998871
0.998863
0.998856
0.998849
0.998843
0.998838
0.998834
0.998831
0.998829
0.998827
0.998826
0.998826
0.998827
0.998829
0.998831
0.998834
0.998839
0.998843
0.998849
0.998855
0.998862
0.99887
0.998879
0.998888
0.998898
0.998909
0.99892
0.998932
0.998945
0.998959
0.998973
0.998987
0.999003
0.999018
0.999035
0.999052
0.999069
0.999088
0.999106
0.999125
0.999145
0.999165
0.999186
0.999206
0.999228
0.99925
0.999272
0.999294
0.999317
0.999341
0.999364
0.999388
0.999412
0.999436
0.999461
0.999486
0.999511
0.999536
0.999561
0.999587
0.999613
0.999638
0.999664
0.99969
0.999716
0.999742
0.999768
0.999794
0.99982
0.999846
0.999872
0.999898
0.999923
0.999949
0.999975
1
1
0.999963
0.999927
0.999891
0.999855
0.99982
0.999785
0.99975
0.999716
0.999682
0.999649
0.999616
0.999583
0.999551
0.99952
0.999489
0.999458
0.999428
0.999399
0.99937
0.999342
0.999315
0.999288
0.999262
0.999236
0.999212
0.999188
0.999164
0.999142
0.99912
0.999099
0.999078
0.999059
0.99904
0.999022
0.999004
0.998988
0.998972
0.998957
0.998943
0.99893
0.998918
0.998906
0.998895
0.998885
0.998876
0.998868
0.998861
0.998854
0.998848
0.998843
0.998839
0.998836
0.998834
0.998832
0.998831
0.998831
0.998832
0.998834
0.998836
0.998839
0.998843
0.998848
0.998854
0.99886
0.998867
0.998875
0.998883
0.998893
0.998903
0.998913
0.998925
0.998937
0.99895
0.998963
0.998977
0.998991
0.999007
0.999022
0.999039
0.999056
0.999073
0.999091
0.99911
0.999129
0.999148
0.999168
0.999189
0.99921
0.999231
0.999253
0.999275
0.999297
0.99932
0.999343
0.999367
0.99939
0.999414
0.999439
0.999463
0.999488
0.999513
0.999538
0.999563
0.999589
0.999614
0.99964
0.999666
0.999691
0.999717
0.999743
0.999769
0.999795
0.999821
0.999847
0.999872
0.999898
0.999924
0.999949
0.999975
1
1
0.999964
0.999928
0.999892
0.999856
0.999821
0.999786
0.999752
0.999717
0.999684
0.99965
0.999618
0.999585
0.999553
0.999522
0.999491
0.999461
0.999431
0.999402
0.999373
0.999345
0.999318
0.999292
0.999265
0.99924
0.999215
0.999192
0.999168
0.999146
0.999124
0.999103
0.999083
0.999063
0.999044
0.999026
0.999009
0.998993
0.998977
0.998962
0.998948
0.998935
0.998923
0.998911
0.998901
0.998891
0.998882
0.998873
0.998866
0.998859
0.998854
0.998849
0.998845
0.998842
0.998839
0.998838
0.998837
0.998837
0.998838
0.998839
0.998842
0.998845
0.998849
0.998854
0.998859
0.998866
0.998873
0.99888
0.998889
0.998898
0.998908
0.998919
0.99893
0.998942
0.998955
0.998968
0.998982
0.998996
0.999011
0.999027
0.999043
0.99906
0.999078
0.999096
0.999114
0.999133
0.999153
0.999172
0.999193
0.999214
0.999235
0.999256
0.999278
0.999301
0.999323
0.999346
0.99937
0.999393
0.999417
0.999441
0.999466
0.99949
0.999515
0.99954
0.999565
0.999591
0.999616
0.999642
0.999667
0.999693
0.999719
0.999744
0.99977
0.999796
0.999822
0.999847
0.999873
0.999899
0.999924
0.99995
0.999975
1
1
0.999964
0.999928
0.999892
0.999857
0.999822
0.999787
0.999753
0.999719
0.999685
0.999652
0.99962
0.999588
0.999556
0.999525
0.999494
0.999464
0.999434
0.999405
0.999377
0.999349
0.999322
0.999295
0.99927
0.999244
0.99922
0.999196
0.999173
0.99915
0.999129
0.999108
0.999088
0.999068
0.99905
0.999032
0.999015
0.998998
0.998983
0.998968
0.998954
0.998941
0.998929
0.998917
0.998907
0.998897
0.998888
0.99888
0.998872
0.998866
0.99886
0.998855
0.998851
0.998848
0.998846
0.998844
0.998843
0.998843
0.998844
0.998846
0.998848
0.998851
0.998855
0.99886
0.998866
0.998872
0.998879
0.998887
0.998895
0.998904
0.998914
0.998925
0.998936
0.998948
0.99896
0.998974
0.998987
0.999002
0.999017
0.999033
0.999049
0.999066
0.999083
0.999101
0.999119
0.999138
0.999157
0.999177
0.999197
0.999218
0.999239
0.999261
0.999282
0.999305
0.999327
0.99935
0.999373
0.999397
0.99942
0.999444
0.999469
0.999493
0.999518
0.999543
0.999568
0.999593
0.999618
0.999644
0.999669
0.999695
0.99972
0.999746
0.999771
0.999797
0.999823
0.999848
0.999874
0.999899
0.999925
0.99995
0.999975
1
1
0.999964
0.999928
0.999893
0.999858
0.999823
0.999789
0.999754
0.999721
0.999687
0.999655
0.999622
0.99959
0.999559
0.999528
0.999497
0.999467
0.999438
0.999409
0.999381
0.999353
0.999326
0.9993
0.999274
0.999249
0.999225
0.999201
0.999178
0.999156
0.999134
0.999113
0.999093
0.999074
0.999055
0.999038
0.999021
0.999004
0.998989
0.998974
0.998961
0.998948
0.998935
0.998924
0.998913
0.998904
0.998895
0.998887
0.998879
0.998873
0.998867
0.998862
0.998858
0.998855
0.998853
0.998851
0.99885
0.99885
0.998851
0.998853
0.998855
0.998858
0.998862
0.998867
0.998873
0.998879
0.998886
0.998893
0.998902
0.998911
0.998921
0.998931
0.998942
0.998954
0.998967
0.99898
0.998994
0.999008
0.999023
0.999039
0.999055
0.999071
0.999089
0.999106
0.999125
0.999143
0.999162
0.999182
0.999202
0.999223
0.999244
0.999265
0.999287
0.999309
0.999331
0.999354
0.999377
0.9994
0.999424
0.999448
0.999472
0.999496
0.999521
0.999546
0.99957
0.999595
0.999621
0.999646
0.999671
0.999696
0.999722
0.999747
0.999773
0.999798
0.999824
0.999849
0.999875
0.9999
0.999925
0.99995
0.999975
1
1
0.999964
0.999929
0.999894
0.999859
0.999824
0.99979
0.999756
0.999723
0.99969
0.999657
0.999625
0.999593
0.999562
0.999531
0.999501
0.999471
0.999442
0.999413
0.999385
0.999358
0.999331
0.999305
0.999279
0.999254
0.99923
0.999206
0.999184
0.999162
0.99914
0.99912
0.9991
0.99908
0.999062
0.999044
0.999027
0.999011
0.998996
0.998981
0.998968
0.998955
0.998943
0.998931
0.998921
0.998911
0.998902
0.998894
0.998887
0.998881
0.998875
0.99887
0.998866
0.998863
0.998861
0.998859
0.998858
0.998858
0.998859
0.998861
0.998863
0.998866
0.99887
0.998875
0.99888
0.998887
0.998893
0.998901
0.998909
0.998919
0.998928
0.998939
0.99895
0.998962
0.998974
0.998987
0.999001
0.999015
0.99903
0.999045
0.999061
0.999078
0.999095
0.999112
0.999131
0.999149
0.999168
0.999188
0.999208
0.999228
0.999249
0.99927
0.999292
0.999314
0.999336
0.999359
0.999381
0.999405
0.999428
0.999452
0.999476
0.9995
0.999524
0.999549
0.999573
0.999598
0.999623
0.999648
0.999673
0.999699
0.999724
0.999749
0.999774
0.9998
0.999825
0.99985
0.999875
0.999901
0.999926
0.999951
0.999975
1
1
0.999965
0.999929
0.999894
0.99986
0.999826
0.999792
0.999758
0.999725
0.999692
0.99966
0.999628
0.999596
0.999565
0.999534
0.999504
0.999475
0.999446
0.999418
0.99939
0.999362
0.999336
0.99931
0.999285
0.99926
0.999236
0.999213
0.99919
0.999168
0.999147
0.999126
0.999106
0.999087
0.999069
0.999052
0.999035
0.999019
0.999004
0.998989
0.998976
0.998963
0.998951
0.99894
0.998929
0.998919
0.998911
0.998903
0.998895
0.998889
0.998884
0.998879
0.998875
0.998872
0.998869
0.998868
0.998867
0.998867
0.998868
0.998869
0.998872
0.998875
0.998879
0.998883
0.998889
0.998895
0.998902
0.998909
0.998918
0.998927
0.998936
0.998947
0.998958
0.998969
0.998982
0.998995
0.999008
0.999022
0.999037
0.999052
0.999068
0.999085
0.999102
0.999119
0.999137
0.999156
0.999175
0.999194
0.999214
0.999234
0.999255
0.999276
0.999297
0.999319
0.999341
0.999363
0.999386
0.999409
0.999432
0.999456
0.99948
0.999504
0.999528
0.999552
0.999577
0.999601
0.999626
0.999651
0.999676
0.999701
0.999726
0.999751
0.999776
0.999801
0.999826
0.999851
0.999876
0.999901
0.999926
0.999951
0.999976
1
1
0.999965
0.99993
0.999895
0.999861
0.999827
0.999793
0.99976
0.999727
0.999694
0.999662
0.999631
0.999599
0.999569
0.999538
0.999508
0.999479
0.999451
0.999422
0.999395
0.999368
0.999341
0.999316
0.999291
0.999266
0.999242
0.999219
0.999197
0.999175
0.999154
0.999133
0.999114
0.999095
0.999077
0.999059
0.999043
0.999027
0.999012
0.998998
0.998984
0.998971
0.998959
0.998948
0.998938
0.998928
0.99892
0.998912
0.998905
0.998898
0.998893
0.998888
0.998884
0.998881
0.998879
0.998877
0.998876
0.998876
0.998877
0.998879
0.998881
0.998884
0.998888
0.998893
0.998898
0.998904
0.998911
0.998919
0.998927
0.998936
0.998945
0.998955
0.998966
0.998978
0.99899
0.999003
0.999016
0.99903
0.999045
0.99906
0.999076
0.999092
0.999109
0.999127
0.999144
0.999163
0.999181
0.999201
0.99922
0.99924
0.999261
0.999282
0.999303
0.999325
0.999346
0.999369
0.999391
0.999414
0.999437
0.99946
0.999484
0.999508
0.999532
0.999556
0.99958
0.999605
0.999629
0.999654
0.999678
0.999703
0.999728
0.999753
0.999778
0.999803
0.999828
0.999853
0.999877
0.999902
0.999927
0.999951
0.999976
1
1
0.999965
0.999931
0.999896
0.999862
0.999829
0.999795
0.999762
0.99973
0.999697
0.999665
0.999634
0.999603
0.999572
0.999542
0.999513
0.999484
0.999455
0.999428
0.9994
0.999373
0.999347
0.999322
0.999297
0.999273
0.999249
0.999226
0.999204
0.999182
0.999161
0.999141
0.999122
0.999103
0.999085
0.999068
0.999051
0.999036
0.999021
0.999007
0.998993
0.998981
0.998969
0.998958
0.998948
0.998938
0.998929
0.998922
0.998914
0.998908
0.998903
0.998898
0.998894
0.998891
0.998889
0.998887
0.998887
0.998887
0.998887
0.998889
0.998891
0.998894
0.998898
0.998903
0.998908
0.998914
0.998921
0.998928
0.998936
0.998945
0.998955
0.998965
0.998976
0.998987
0.998999
0.999012
0.999025
0.999039
0.999054
0.999069
0.999084
0.999101
0.999117
0.999134
0.999152
0.99917
0.999189
0.999208
0.999227
0.999247
0.999268
0.999288
0.999309
0.999331
0.999352
0.999374
0.999397
0.999419
0.999442
0.999465
0.999489
0.999512
0.999536
0.99956
0.999584
0.999608
0.999632
0.999657
0.999681
0.999706
0.999731
0.999755
0.99978
0.999805
0.999829
0.999854
0.999878
0.999903
0.999927
0.999952
0.999976
1
1
0.999966
0.999931
0.999897
0.999864
0.99983
0.999797
0.999764
0.999732
0.9997
0.999669
0.999638
0.999607
0.999577
0.999547
0.999518
0.999489
0.999461
0.999433
0.999406
0.99938
0.999354
0.999328
0.999304
0.99928
0.999256
0.999234
0.999212
0.99919
0.99917
0.99915
0.99913
0.999112
0.999094
0.999077
0.999061
0.999045
0.99903
0.999016
0.999003
0.998991
0.998979
0.998968
0.998958
0.998948
0.99894
0.998932
0.998925
0.998919
0.998913
0.998909
0.998905
0.998902
0.9989
0.998898
0.998897
0.998897
0.998898
0.9989
0.998902
0.998905
0.998909
0.998913
0.998919
0.998925
0.998931
0.998939
0.998947
0.998955
0.998965
0.998975
0.998986
0.998997
0.999009
0.999022
0.999035
0.999049
0.999063
0.999078
0.999093
0.999109
0.999126
0.999143
0.99916
0.999178
0.999197
0.999216
0.999235
0.999255
0.999275
0.999295
0.999316
0.999337
0.999359
0.99938
0.999403
0.999425
0.999448
0.99947
0.999494
0.999517
0.99954
0.999564
0.999588
0.999612
0.999636
0.99966
0.999684
0.999709
0.999733
0.999758
0.999782
0.999807
0.999831
0.999855
0.99988
0.999904
0.999928
0.999952
0.999976
1
1
0.999966
0.999932
0.999898
0.999865
0.999832
0.999799
0.999767
0.999735
0.999703
0.999672
0.999641
0.999611
0.999581
0.999552
0.999523
0.999494
0.999466
0.999439
0.999412
0.999386
0.99936
0.999335
0.999311
0.999287
0.999264
0.999242
0.99922
0.999199
0.999178
0.999159
0.999139
0.999121
0.999104
0.999087
0.999071
0.999055
0.99904
0.999027
0.999013
0.999001
0.99899
0.998979
0.998969
0.998959
0.998951
0.998943
0.998936
0.99893
0.998925
0.99892
0.998916
0.998913
0.998911
0.99891
0.998909
0.998909
0.99891
0.998911
0.998914
0.998917
0.99892
0.998925
0.99893
0.998936
0.998942
0.99895
0.998958
0.998966
0.998976
0.998986
0.998996
0.999008
0.999019
0.999032
0.999045
0.999059
0.999073
0.999087
0.999103
0.999119
0.999135
0.999152
0.999169
0.999187
0.999205
0.999224
0.999243
0.999262
0.999282
0.999302
0.999323
0.999344
0.999365
0.999387
0.999409
0.999431
0.999453
0.999476
0.999499
0.999522
0.999545
0.999569
0.999592
0.999616
0.99964
0.999664
0.999688
0.999712
0.999736
0.99976
0.999784
0.999809
0.999833
0.999857
0.999881
0.999905
0.999929
0.999953
0.999976
1
1
0.999966
0.999933
0.9999
0.999867
0.999834
0.999802
0.99977
0.999738
0.999707
0.999676
0.999645
0.999615
0.999586
0.999557
0.999528
0.9995
0.999472
0.999445
0.999419
0.999393
0.999368
0.999343
0.999319
0.999295
0.999272
0.99925
0.999229
0.999208
0.999187
0.999168
0.999149
0.999131
0.999114
0.999097
0.999081
0.999066
0.999051
0.999037
0.999025
0.999012
0.999001
0.99899
0.99898
0.998971
0.998963
0.998955
0.998948
0.998942
0.998937
0.998932
0.998929
0.998926
0.998923
0.998922
0.998921
0.998921
0.998922
0.998923
0.998926
0.998929
0.998932
0.998937
0.998942
0.998948
0.998954
0.998962
0.998969
0.998978
0.998987
0.998997
0.999008
0.999019
0.99903
0.999043
0.999056
0.999069
0.999083
0.999098
0.999113
0.999128
0.999145
0.999161
0.999178
0.999196
0.999214
0.999232
0.999251
0.999271
0.99929
0.99931
0.999331
0.999351
0.999372
0.999394
0.999415
0.999437
0.99946
0.999482
0.999505
0.999527
0.99955
0.999574
0.999597
0.99962
0.999644
0.999668
0.999691
0.999715
0.999739
0.999763
0.999787
0.999811
0.999835
0.999858
0.999882
0.999906
0.99993
0.999953
0.999977
1
1
0.999967
0.999934
0.999901
0.999868
0.999836
0.999804
0.999772
0.999741
0.99971
0.99968
0.99965
0.99962
0.999591
0.999562
0.999534
0.999506
0.999479
0.999452
0.999426
0.9994
0.999375
0.999351
0.999327
0.999304
0.999281
0.999259
0.999238
0.999217
0.999197
0.999178
0.999159
0.999141
0.999124
0.999108
0.999092
0.999077
0.999063
0.999049
0.999036
0.999024
0.999013
0.999002
0.998992
0.998983
0.998975
0.998968
0.998961
0.998955
0.99895
0.998945
0.998941
0.998938
0.998936
0.998935
0.998934
0.998934
0.998935
0.998936
0.998939
0.998941
0.998945
0.99895
0.998955
0.99896
0.998967
0.998974
0.998982
0.99899
0.998999
0.999009
0.999019
0.99903
0.999042
0.999054
0.999067
0.99908
0.999094
0.999108
0.999123
0.999139
0.999155
0.999171
0.999188
0.999206
0.999223
0.999242
0.99926
0.999279
0.999299
0.999319
0.999339
0.999359
0.99938
0.999401
0.999422
0.999444
0.999466
0.999488
0.99951
0.999533
0.999556
0.999579
0.999602
0.999625
0.999648
0.999671
0.999695
0.999718
0.999742
0.999766
0.999789
0.999813
0.999837
0.99986
0.999884
0.999907
0.999931
0.999954
0.999977
1
1
0.999967
0.999934
0.999902
0.99987
0.999838
0.999806
0.999775
0.999744
0.999714
0.999684
0.999654
0.999625
0.999596
0.999568
0.99954
0.999512
0.999485
0.999459
0.999433
0.999408
0.999383
0.999359
0.999335
0.999312
0.99929
0.999269
0.999247
0.999227
0.999207
0.999188
0.99917
0.999152
0.999135
0.999119
0.999103
0.999089
0.999074
0.999061
0.999048
0.999036
0.999025
0.999015
0.999005
0.998996
0.998988
0.998981
0.998974
0.998968
0.998963
0.998958
0.998955
0.998952
0.99895
0.998948
0.998948
0.998948
0.998948
0.99895
0.998952
0.998955
0.998959
0.998963
0.998968
0.998974
0.99898
0.998987
0.998995
0.999003
0.999012
0.999022
0.999032
0.999043
0.999054
0.999066
0.999079
0.999092
0.999106
0.99912
0.999135
0.99915
0.999166
0.999182
0.999199
0.999216
0.999233
0.999251
0.99927
0.999288
0.999308
0.999327
0.999347
0.999367
0.999388
0.999409
0.99943
0.999451
0.999473
0.999495
0.999517
0.999539
0.999561
0.999584
0.999607
0.99963
0.999653
0.999676
0.999699
0.999722
0.999745
0.999769
0.999792
0.999815
0.999839
0.999862
0.999885
0.999908
0.999931
0.999954
0.999977
1
1
0.999968
0.999935
0.999903
0.999872
0.99984
0.999809
0.999778
0.999748
0.999718
0.999688
0.999659
0.99963
0.999601
0.999573
0.999546
0.999519
0.999492
0.999466
0.999441
0.999416
0.999391
0.999368
0.999344
0.999322
0.9993
0.999278
0.999258
0.999237
0.999218
0.999199
0.999181
0.999164
0.999147
0.999131
0.999116
0.999101
0.999087
0.999074
0.999061
0.999049
0.999038
0.999028
0.999019
0.99901
0.999002
0.998994
0.998988
0.998982
0.998977
0.998972
0.998969
0.998966
0.998964
0.998962
0.998962
0.998962
0.998962
0.998964
0.998966
0.998969
0.998973
0.998977
0.998982
0.998987
0.998994
0.999001
0.999008
0.999016
0.999025
0.999035
0.999045
0.999056
0.999067
0.999079
0.999091
0.999104
0.999118
0.999132
0.999146
0.999161
0.999177
0.999193
0.999209
0.999226
0.999244
0.999261
0.99928
0.999298
0.999317
0.999336
0.999356
0.999376
0.999396
0.999417
0.999437
0.999459
0.99948
0.999501
0.999523
0.999545
0.999567
0.99959
0.999612
0.999635
0.999657
0.99968
0.999703
0.999726
0.999749
0.999772
0.999795
0.999818
0.999841
0.999864
0.999887
0.99991
0.999932
0.999955
0.999978
1
1
0.999968
0.999936
0.999905
0.999873
0.999842
0.999812
0.999781
0.999751
0.999722
0.999692
0.999664
0.999635
0.999607
0.999579
0.999552
0.999526
0.999499
0.999474
0.999449
0.999424
0.9994
0.999377
0.999354
0.999331
0.99931
0.999289
0.999268
0.999248
0.999229
0.999211
0.999193
0.999176
0.999159
0.999143
0.999128
0.999114
0.9991
0.999087
0.999075
0.999063
0.999052
0.999042
0.999033
0.999024
0.999016
0.999009
0.999002
0.998996
0.998991
0.998987
0.998984
0.998981
0.998979
0.998977
0.998977
0.998977
0.998977
0.998979
0.998981
0.998984
0.998987
0.998991
0.998996
0.999002
0.999008
0.999015
0.999022
0.99903
0.999039
0.999049
0.999059
0.999069
0.99908
0.999092
0.999104
0.999117
0.99913
0.999144
0.999158
0.999173
0.999189
0.999204
0.999221
0.999237
0.999254
0.999272
0.99929
0.999308
0.999327
0.999346
0.999365
0.999385
0.999405
0.999425
0.999445
0.999466
0.999487
0.999509
0.99953
0.999552
0.999573
0.999595
0.999618
0.99964
0.999662
0.999685
0.999707
0.99973
0.999752
0.999775
0.999798
0.99982
0.999843
0.999866
0.999888
0.999911
0.999933
0.999956
0.999978
1
1
0.999968
0.999937
0.999906
0.999875
0.999845
0.999815
0.999785
0.999755
0.999726
0.999697
0.999669
0.999641
0.999613
0.999586
0.999559
0.999533
0.999507
0.999482
0.999457
0.999433
0.999409
0.999386
0.999363
0.999342
0.99932
0.999299
0.999279
0.99926
0.999241
0.999223
0.999205
0.999188
0.999172
0.999156
0.999141
0.999127
0.999114
0.999101
0.999089
0.999077
0.999066
0.999056
0.999047
0.999039
0.999031
0.999024
0.999017
0.999012
0.999007
0.999002
0.998999
0.998996
0.998994
0.998993
0.998992
0.998992
0.998993
0.998994
0.998996
0.998999
0.999003
0.999007
0.999011
0.999017
0.999023
0.99903
0.999037
0.999045
0.999054
0.999063
0.999073
0.999083
0.999094
0.999106
0.999118
0.99913
0.999143
0.999157
0.999171
0.999186
0.999201
0.999216
0.999232
0.999249
0.999266
0.999283
0.999301
0.999319
0.999337
0.999356
0.999375
0.999394
0.999414
0.999434
0.999454
0.999474
0.999495
0.999516
0.999537
0.999558
0.99958
0.999602
0.999623
0.999645
0.999667
0.999689
0.999712
0.999734
0.999756
0.999778
0.999801
0.999823
0.999845
0.999868
0.99989
0.999912
0.999934
0.999956
0.999978
1
1
0.999969
0.999938
0.999908
0.999877
0.999847
0.999818
0.999788
0.999759
0.99973
0.999702
0.999674
0.999646
0.999619
0.999592
0.999566
0.99954
0.999515
0.99949
0.999466
0.999442
0.999419
0.999396
0.999374
0.999352
0.999331
0.999311
0.999291
0.999271
0.999253
0.999235
0.999218
0.999201
0.999185
0.99917
0.999155
0.999141
0.999128
0.999115
0.999103
0.999092
0.999081
0.999072
0.999062
0.999054
0.999046
0.999039
0.999033
0.999027
0.999022
0.999018
0.999015
0.999012
0.99901
0.999009
0.999008
0.999008
0.999009
0.99901
0.999012
0.999015
0.999018
0.999022
0.999027
0.999033
0.999039
0.999045
0.999052
0.99906
0.999069
0.999078
0.999087
0.999098
0.999108
0.99912
0.999132
0.999144
0.999157
0.99917
0.999184
0.999199
0.999214
0.999229
0.999245
0.999261
0.999277
0.999294
0.999312
0.999329
0.999347
0.999366
0.999385
0.999404
0.999423
0.999443
0.999463
0.999483
0.999503
0.999524
0.999544
0.999565
0.999587
0.999608
0.999629
0.999651
0.999673
0.999694
0.999716
0.999738
0.99976
0.999782
0.999804
0.999826
0.999848
0.99987
0.999892
0.999914
0.999935
0.999957
0.999979
1
1
0.99997
0.999939
0.999909
0.999879
0.99985
0.999821
0.999792
0.999763
0.999735
0.999707
0.999679
0.999652
0.999626
0.999599
0.999573
0.999548
0.999523
0.999499
0.999475
0.999451
0.999428
0.999406
0.999384
0.999363
0.999342
0.999322
0.999303
0.999284
0.999265
0.999248
0.999231
0.999214
0.999199
0.999184
0.999169
0.999155
0.999142
0.99913
0.999118
0.999107
0.999097
0.999087
0.999078
0.99907
0.999062
0.999055
0.999049
0.999044
0.999039
0.999035
0.999031
0.999029
0.999027
0.999025
0.999025
0.999025
0.999025
0.999027
0.999029
0.999031
0.999035
0.999039
0.999043
0.999049
0.999055
0.999061
0.999068
0.999076
0.999084
0.999093
0.999103
0.999113
0.999123
0.999135
0.999146
0.999158
0.999171
0.999184
0.999198
0.999212
0.999227
0.999242
0.999257
0.999273
0.999289
0.999306
0.999323
0.999341
0.999358
0.999376
0.999395
0.999414
0.999433
0.999452
0.999472
0.999491
0.999511
0.999532
0.999552
0.999573
0.999593
0.999614
0.999636
0.999657
0.999678
0.999699
0.999721
0.999742
0.999764
0.999786
0.999807
0.999829
0.99985
0.999872
0.999894
0.999915
0.999936
0.999958
0.999979
1
1
0.99997
0.99994
0.999911
0.999882
0.999852
0.999824
0.999795
0.999767
0.999739
0.999712
0.999685
0.999658
0.999632
0.999606
0.999581
0.999556
0.999531
0.999507
0.999484
0.999461
0.999438
0.999416
0.999395
0.999374
0.999354
0.999334
0.999315
0.999296
0.999278
0.999261
0.999244
0.999228
0.999213
0.999198
0.999184
0.99917
0.999157
0.999145
0.999134
0.999123
0.999113
0.999103
0.999094
0.999086
0.999079
0.999072
0.999066
0.999061
0.999056
0.999052
0.999048
0.999046
0.999044
0.999042
0.999042
0.999042
0.999043
0.999044
0.999046
0.999049
0.999052
0.999056
0.99906
0.999066
0.999071
0.999078
0.999085
0.999092
0.999101
0.999109
0.999119
0.999128
0.999139
0.99915
0.999161
0.999173
0.999186
0.999199
0.999212
0.999226
0.99924
0.999255
0.99927
0.999286
0.999302
0.999318
0.999335
0.999352
0.99937
0.999387
0.999406
0.999424
0.999443
0.999462
0.999481
0.9995
0.99952
0.99954
0.99956
0.99958
0.999601
0.999621
0.999642
0.999663
0.999684
0.999705
0.999726
0.999747
0.999768
0.999789
0.999811
0.999832
0.999853
0.999874
0.999895
0.999917
0.999938
0.999958
0.999979
1
1
0.999971
0.999941
0.999912
0.999884
0.999855
0.999827
0.999799
0.999772
0.999744
0.999717
0.999691
0.999665
0.999639
0.999614
0.999589
0.999564
0.99954
0.999517
0.999493
0.999471
0.999449
0.999427
0.999406
0.999386
0.999366
0.999346
0.999328
0.999309
0.999292
0.999275
0.999258
0.999243
0.999227
0.999213
0.999199
0.999186
0.999173
0.999161
0.99915
0.999139
0.999129
0.99912
0.999111
0.999103
0.999096
0.999089
0.999083
0.999078
0.999073
0.999069
0.999066
0.999063
0.999062
0.99906
0.99906
0.99906
0.99906
0.999062
0.999064
0.999066
0.999069
0.999073
0.999078
0.999083
0.999089
0.999095
0.999102
0.999109
0.999117
0.999126
0.999135
0.999145
0.999155
0.999166
0.999177
0.999189
0.999201
0.999214
0.999227
0.99924
0.999254
0.999269
0.999284
0.999299
0.999315
0.999331
0.999347
0.999364
0.999381
0.999399
0.999417
0.999435
0.999453
0.999472
0.99949
0.99951
0.999529
0.999548
0.999568
0.999588
0.999608
0.999628
0.999649
0.999669
0.99969
0.99971
0.999731
0.999752
0.999772
0.999793
0.999814
0.999835
0.999856
0.999877
0.999897
0.999918
0.999939
0.999959
0.99998
1
1
0.999971
0.999943
0.999914
0.999886
0.999858
0.99983
0.999803
0.999776
0.999749
0.999723
0.999697
0.999671
0.999646
0.999621
0.999597
0.999573
0.999549
0.999526
0.999503
0.999481
0.99946
0.999438
0.999418
0.999398
0.999378
0.999359
0.999341
0.999323
0.999306
0.999289
0.999273
0.999257
0.999242
0.999228
0.999214
0.999201
0.999189
0.999177
0.999166
0.999156
0.999146
0.999137
0.999128
0.999121
0.999113
0.999107
0.999101
0.999096
0.999091
0.999087
0.999084
0.999082
0.99908
0.999078
0.999078
0.999078
0.999079
0.99908
0.999082
0.999084
0.999088
0.999091
0.999096
0.999101
0.999106
0.999112
0.999119
0.999127
0.999134
0.999143
0.999152
0.999161
0.999171
0.999182
0.999193
0.999204
0.999216
0.999229
0.999242
0.999255
0.999269
0.999283
0.999298
0.999313
0.999328
0.999344
0.99936
0.999377
0.999393
0.999411
0.999428
0.999446
0.999464
0.999482
0.9995
0.999519
0.999538
0.999557
0.999577
0.999596
0.999616
0.999635
0.999655
0.999675
0.999696
0.999716
0.999736
0.999756
0.999777
0.999797
0.999818
0.999838
0.999859
0.999879
0.999899
0.99992
0.99994
0.99996
0.99998
1
1
0.999972
0.999944
0.999916
0.999888
0.999861
0.999834
0.999807
0.999781
0.999754
0.999729
0.999703
0.999678
0.999653
0.999629
0.999605
0.999581
0.999558
0.999536
0.999513
0.999492
0.999471
0.99945
0.99943
0.99941
0.999391
0.999372
0.999354
0.999337
0.99932
0.999303
0.999288
0.999272
0.999258
0.999244
0.999231
0.999218
0.999206
0.999194
0.999183
0.999173
0.999163
0.999155
0.999146
0.999139
0.999132
0.999125
0.999119
0.999114
0.99911
0.999106
0.999103
0.9991
0.999099
0.999097
0.999097
0.999097
0.999097
0.999099
0.999101
0.999103
0.999106
0.99911
0.999114
0.999119
0.999125
0.999131
0.999137
0.999144
0.999152
0.99916
0.999169
0.999178
0.999188
0.999199
0.999209
0.999221
0.999232
0.999245
0.999257
0.99927
0.999284
0.999298
0.999312
0.999327
0.999342
0.999357
0.999373
0.999389
0.999406
0.999423
0.99944
0.999457
0.999475
0.999492
0.999511
0.999529
0.999547
0.999566
0.999585
0.999604
0.999624
0.999643
0.999662
0.999682
0.999702
0.999722
0.999742
0.999761
0.999781
0.999801
0.999821
0.999842
0.999862
0.999881
0.999901
0.999921
0.999941
0.999961
0.99998
1
1
0.999972
0.999945
0.999918
0.999891
0.999864
0.999837
0.999811
0.999785
0.99976
0.999734
0.999709
0.999685
0.999661
0.999637
0.999613
0.99959
0.999568
0.999546
0.999524
0.999503
0.999482
0.999462
0.999442
0.999423
0.999404
0.999386
0.999368
0.999351
0.999334
0.999318
0.999303
0.999288
0.999274
0.99926
0.999247
0.999235
0.999223
0.999211
0.999201
0.999191
0.999181
0.999173
0.999164
0.999157
0.99915
0.999144
0.999138
0.999133
0.999129
0.999125
0.999122
0.99912
0.999118
0.999117
0.999116
0.999116
0.999117
0.999118
0.99912
0.999122
0.999125
0.999129
0.999133
0.999138
0.999143
0.999149
0.999156
0.999163
0.99917
0.999178
0.999187
0.999196
0.999206
0.999216
0.999226
0.999237
0.999249
0.999261
0.999273
0.999286
0.999299
0.999313
0.999327
0.999341
0.999356
0.999371
0.999387
0.999402
0.999419
0.999435
0.999452
0.999469
0.999486
0.999503
0.999521
0.999539
0.999557
0.999576
0.999594
0.999613
0.999632
0.999651
0.99967
0.999689
0.999708
0.999728
0.999747
0.999767
0.999786
0.999806
0.999825
0.999845
0.999864
0.999884
0.999904
0.999923
0.999942
0.999962
0.999981
1
1
0.999973
0.999946
0.99992
0.999893
0.999867
0.999841
0.999815
0.99979
0.999765
0.99974
0.999716
0.999692
0.999668
0.999645
0.999622
0.999599
0.999577
0.999556
0.999535
0.999514
0.999493
0.999474
0.999454
0.999436
0.999417
0.999399
0.999382
0.999365
0.999349
0.999334
0.999318
0.999304
0.99929
0.999277
0.999264
0.999252
0.99924
0.999229
0.999219
0.999209
0.9992
0.999191
0.999183
0.999176
0.999169
0.999163
0.999158
0.999153
0.999148
0.999145
0.999142
0.999139
0.999138
0.999136
0.999136
0.999136
0.999137
0.999138
0.99914
0.999142
0.999145
0.999148
0.999153
0.999157
0.999162
0.999168
0.999175
0.999181
0.999189
0.999197
0.999205
0.999214
0.999223
0.999233
0.999244
0.999254
0.999266
0.999277
0.999289
0.999302
0.999315
0.999328
0.999342
0.999356
0.99937
0.999385
0.9994
0.999416
0.999432
0.999448
0.999464
0.999481
0.999497
0.999514
0.999532
0.999549
0.999567
0.999585
0.999603
0.999621
0.99964
0.999658
0.999677
0.999696
0.999715
0.999734
0.999753
0.999772
0.999791
0.99981
0.999829
0.999848
0.999868
0.999887
0.999906
0.999925
0.999944
0.999963
0.999981
1
1
0.999974
0.999947
0.999921
0.999896
0.99987
0.999845
0.99982
0.999795
0.999771
0.999746
0.999723
0.999699
0.999676
0.999653
0.999631
0.999609
0.999587
0.999566
0.999545
0.999525
0.999505
0.999486
0.999467
0.999449
0.999431
0.999414
0.999397
0.99938
0.999364
0.999349
0.999334
0.99932
0.999307
0.999294
0.999281
0.999269
0.999258
0.999247
0.999237
0.999227
0.999219
0.99921
0.999202
0.999195
0.999189
0.999183
0.999177
0.999173
0.999168
0.999165
0.999162
0.99916
0.999158
0.999157
0.999156
0.999156
0.999157
0.999158
0.99916
0.999162
0.999165
0.999168
0.999172
0.999177
0.999182
0.999188
0.999194
0.999201
0.999208
0.999216
0.999224
0.999232
0.999242
0.999251
0.999261
0.999272
0.999283
0.999294
0.999306
0.999318
0.999331
0.999344
0.999357
0.999371
0.999385
0.9994
0.999414
0.99943
0.999445
0.999461
0.999477
0.999493
0.999509
0.999526
0.999543
0.99956
0.999577
0.999595
0.999612
0.99963
0.999648
0.999666
0.999685
0.999703
0.999721
0.99974
0.999759
0.999777
0.999796
0.999815
0.999833
0.999852
0.999871
0.999889
0.999908
0.999926
0.999945
0.999963
0.999982
1
1
0.999974
0.999949
0.999923
0.999898
0.999873
0.999849
0.999824
0.9998
0.999776
0.999753
0.999729
0.999707
0.999684
0.999662
0.99964
0.999619
0.999597
0.999577
0.999557
0.999537
0.999518
0.999499
0.99948
0.999462
0.999445
0.999428
0.999411
0.999396
0.99938
0.999365
0.999351
0.999337
0.999324
0.999311
0.999299
0.999287
0.999276
0.999266
0.999256
0.999246
0.999238
0.99923
0.999222
0.999215
0.999209
0.999203
0.999198
0.999193
0.999189
0.999185
0.999183
0.99918
0.999179
0.999177
0.999177
0.999177
0.999178
0.999179
0.99918
0.999183
0.999186
0.999189
0.999193
0.999197
0.999202
0.999208
0.999214
0.99922
0.999227
0.999235
0.999243
0.999251
0.99926
0.99927
0.99928
0.99929
0.999301
0.999312
0.999323
0.999335
0.999347
0.99936
0.999373
0.999387
0.9994
0.999414
0.999429
0.999444
0.999459
0.999474
0.999489
0.999505
0.999521
0.999538
0.999554
0.999571
0.999588
0.999605
0.999622
0.999639
0.999657
0.999675
0.999692
0.99971
0.999728
0.999746
0.999764
0.999783
0.999801
0.999819
0.999837
0.999856
0.999874
0.999892
0.99991
0.999928
0.999946
0.999964
0.999982
1
1
0.999975
0.99995
0.999925
0.999901
0.999877
0.999853
0.999829
0.999805
0.999782
0.999759
0.999736
0.999714
0.999692
0.99967
0.999649
0.999628
0.999608
0.999588
0.999568
0.999549
0.99953
0.999512
0.999494
0.999476
0.999459
0.999443
0.999427
0.999411
0.999396
0.999382
0.999368
0.999354
0.999341
0.999329
0.999317
0.999306
0.999295
0.999285
0.999275
0.999266
0.999257
0.999249
0.999242
0.999235
0.999229
0.999223
0.999218
0.999214
0.99921
0.999206
0.999204
0.999201
0.9992
0.999199
0.999198
0.999198
0.999199
0.9992
0.999202
0.999204
0.999206
0.99921
0.999214
0.999218
0.999223
0.999228
0.999234
0.99924
0.999247
0.999255
0.999262
0.999271
0.999279
0.999288
0.999298
0.999308
0.999319
0.999329
0.999341
0.999352
0.999364
0.999377
0.999389
0.999402
0.999416
0.99943
0.999444
0.999458
0.999472
0.999487
0.999503
0.999518
0.999534
0.999549
0.999566
0.999582
0.999598
0.999615
0.999632
0.999649
0.999666
0.999683
0.9997
0.999718
0.999735
0.999753
0.999771
0.999788
0.999806
0.999824
0.999842
0.999859
0.999877
0.999895
0.999912
0.99993
0.999948
0.999965
0.999983
1
1
0.999976
0.999951
0.999927
0.999904
0.99988
0.999856
0.999833
0.99981
0.999788
0.999766
0.999743
0.999722
0.9997
0.999679
0.999659
0.999638
0.999618
0.999599
0.99958
0.999561
0.999543
0.999525
0.999507
0.99949
0.999474
0.999458
0.999442
0.999427
0.999412
0.999398
0.999385
0.999372
0.999359
0.999347
0.999335
0.999324
0.999314
0.999304
0.999295
0.999286
0.999277
0.99927
0.999262
0.999256
0.99925
0.999244
0.999239
0.999235
0.999231
0.999228
0.999225
0.999223
0.999221
0.99922
0.99922
0.99922
0.99922
0.999221
0.999223
0.999225
0.999228
0.999231
0.999235
0.999239
0.999244
0.999249
0.999255
0.999261
0.999268
0.999275
0.999282
0.99929
0.999299
0.999308
0.999317
0.999327
0.999337
0.999347
0.999358
0.99937
0.999381
0.999393
0.999406
0.999419
0.999432
0.999445
0.999459
0.999472
0.999487
0.999501
0.999516
0.999531
0.999546
0.999562
0.999577
0.999593
0.999609
0.999625
0.999642
0.999658
0.999675
0.999692
0.999708
0.999725
0.999742
0.99976
0.999777
0.999794
0.999811
0.999829
0.999846
0.999863
0.99988
0.999898
0.999915
0.999932
0.999949
0.999966
0.999983
1
1
0.999976
0.999953
0.999929
0.999906
0.999883
0.999861
0.999838
0.999816
0.999794
0.999772
0.999751
0.99973
0.999709
0.999688
0.999668
0.999649
0.999629
0.99961
0.999592
0.999573
0.999556
0.999538
0.999521
0.999505
0.999489
0.999473
0.999458
0.999443
0.999429
0.999415
0.999402
0.999389
0.999377
0.999365
0.999354
0.999343
0.999333
0.999324
0.999314
0.999306
0.999298
0.99929
0.999283
0.999277
0.999271
0.999266
0.999261
0.999257
0.999253
0.99925
0.999247
0.999245
0.999243
0.999242
0.999242
0.999242
0.999242
0.999243
0.999245
0.999247
0.99925
0.999253
0.999256
0.999261
0.999265
0.99927
0.999276
0.999282
0.999288
0.999295
0.999302
0.99931
0.999319
0.999327
0.999336
0.999346
0.999356
0.999366
0.999376
0.999387
0.999399
0.999411
0.999423
0.999435
0.999448
0.999461
0.999474
0.999487
0.999501
0.999515
0.99953
0.999544
0.999559
0.999574
0.999589
0.999605
0.99962
0.999636
0.999652
0.999668
0.999684
0.9997
0.999717
0.999733
0.99975
0.999766
0.999783
0.9998
0.999817
0.999833
0.99985
0.999867
0.999884
0.999901
0.999917
0.999934
0.999951
0.999967
0.999984
1
1
0.999977
0.999954
0.999931
0.999909
0.999887
0.999865
0.999843
0.999821
0.9998
0.999779
0.999758
0.999738
0.999717
0.999698
0.999678
0.999659
0.99964
0.999622
0.999604
0.999586
0.999569
0.999552
0.999535
0.999519
0.999504
0.999489
0.999474
0.99946
0.999446
0.999433
0.99942
0.999407
0.999395
0.999384
0.999373
0.999363
0.999353
0.999344
0.999335
0.999326
0.999319
0.999311
0.999304
0.999298
0.999293
0.999287
0.999283
0.999279
0.999275
0.999272
0.999269
0.999267
0.999266
0.999265
0.999264
0.999264
0.999265
0.999266
0.999267
0.999269
0.999272
0.999275
0.999278
0.999282
0.999287
0.999292
0.999297
0.999303
0.999309
0.999316
0.999323
0.999331
0.999339
0.999347
0.999356
0.999365
0.999375
0.999385
0.999395
0.999406
0.999417
0.999428
0.99944
0.999452
0.999464
0.999477
0.999489
0.999503
0.999516
0.99953
0.999544
0.999558
0.999572
0.999587
0.999601
0.999616
0.999631
0.999647
0.999662
0.999678
0.999693
0.999709
0.999725
0.999741
0.999757
0.999773
0.999789
0.999806
0.999822
0.999838
0.999855
0.999871
0.999887
0.999903
0.99992
0.999936
0.999952
0.999968
0.999984
1
1
0.999978
0.999956
0.999934
0.999912
0.99989
0.999869
0.999848
0.999827
0.999806
0.999786
0.999766
0.999746
0.999726
0.999707
0.999688
0.99967
0.999651
0.999633
0.999616
0.999599
0.999582
0.999566
0.99955
0.999534
0.999519
0.999504
0.99949
0.999476
0.999463
0.99945
0.999438
0.999426
0.999414
0.999403
0.999393
0.999383
0.999373
0.999364
0.999355
0.999347
0.99934
0.999333
0.999326
0.99932
0.999314
0.999309
0.999305
0.999301
0.999297
0.999294
0.999292
0.99929
0.999288
0.999287
0.999287
0.999287
0.999287
0.999288
0.99929
0.999292
0.999294
0.999297
0.999301
0.999305
0.999309
0.999314
0.999319
0.999325
0.999331
0.999337
0.999344
0.999351
0.999359
0.999367
0.999376
0.999385
0.999394
0.999404
0.999414
0.999424
0.999435
0.999446
0.999457
0.999469
0.999481
0.999493
0.999505
0.999518
0.999531
0.999544
0.999558
0.999571
0.999585
0.999599
0.999614
0.999628
0.999643
0.999658
0.999673
0.999688
0.999703
0.999718
0.999734
0.999749
0.999765
0.99978
0.999796
0.999812
0.999827
0.999843
0.999859
0.999875
0.999891
0.999906
0.999922
0.999938
0.999954
0.999969
0.999985
1
1
0.999978
0.999957
0.999936
0.999915
0.999894
0.999873
0.999853
0.999832
0.999812
0.999793
0.999773
0.999754
0.999735
0.999716
0.999698
0.99968
0.999663
0.999645
0.999628
0.999612
0.999596
0.99958
0.999564
0.999549
0.999535
0.99952
0.999507
0.999493
0.99948
0.999468
0.999456
0.999444
0.999433
0.999422
0.999412
0.999403
0.999393
0.999385
0.999376
0.999368
0.999361
0.999354
0.999348
0.999342
0.999337
0.999332
0.999327
0.999324
0.99932
0.999317
0.999315
0.999313
0.999311
0.999311
0.99931
0.99931
0.999311
0.999312
0.999313
0.999315
0.999317
0.99932
0.999323
0.999327
0.999331
0.999336
0.999341
0.999346
0.999352
0.999359
0.999365
0.999372
0.99938
0.999388
0.999396
0.999405
0.999414
0.999423
0.999433
0.999443
0.999453
0.999464
0.999475
0.999486
0.999497
0.999509
0.999521
0.999534
0.999546
0.999559
0.999572
0.999585
0.999599
0.999612
0.999626
0.99964
0.999654
0.999669
0.999683
0.999698
0.999712
0.999727
0.999742
0.999757
0.999772
0.999787
0.999803
0.999818
0.999833
0.999848
0.999864
0.999879
0.999894
0.999909
0.999925
0.99994
0.999955
0.99997
0.999985
1
1
0.999979
0.999958
0.999938
0.999918
0.999897
0.999877
0.999858
0.999838
0.999819
0.9998
0.999781
0.999762
0.999744
0.999726
0.999708
0.999691
0.999674
0.999657
0.999641
0.999625
0.999609
0.999594
0.999579
0.999565
0.999551
0.999537
0.999523
0.999511
0.999498
0.999486
0.999474
0.999463
0.999452
0.999442
0.999432
0.999423
0.999414
0.999405
0.999397
0.99939
0.999383
0.999376
0.99937
0.999364
0.999359
0.999355
0.99935
0.999347
0.999343
0.99934
0.999338
0.999336
0.999335
0.999334
0.999334
0.999334
0.999334
0.999335
0.999336
0.999338
0.999341
0.999343
0.999346
0.99935
0.999354
0.999359
0.999363
0.999369
0.999374
0.99938
0.999387
0.999394
0.999401
0.999409
0.999417
0.999425
0.999434
0.999443
0.999452
0.999462
0.999472
0.999482
0.999492
0.999503
0.999514
0.999526
0.999538
0.999549
0.999562
0.999574
0.999587
0.999599
0.999612
0.999626
0.999639
0.999652
0.999666
0.99968
0.999694
0.999708
0.999722
0.999737
0.999751
0.999765
0.99978
0.999795
0.999809
0.999824
0.999839
0.999854
0.999868
0.999883
0.999898
0.999913
0.999927
0.999942
0.999957
0.999971
0.999986
1
1
0.99998
0.99996
0.99994
0.999921
0.999901
0.999882
0.999863
0.999844
0.999825
0.999807
0.999789
0.999771
0.999753
0.999736
0.999719
0.999702
0.999686
0.99967
0.999654
0.999638
0.999623
0.999609
0.999594
0.99958
0.999567
0.999553
0.99954
0.999528
0.999516
0.999504
0.999493
0.999482
0.999472
0.999462
0.999453
0.999443
0.999435
0.999427
0.999419
0.999412
0.999405
0.999398
0.999393
0.999387
0.999382
0.999378
0.999373
0.99937
0.999367
0.999364
0.999362
0.99936
0.999359
0.999358
0.999357
0.999357
0.999358
0.999359
0.99936
0.999362
0.999364
0.999367
0.99937
0.999373
0.999377
0.999381
0.999386
0.999391
0.999397
0.999403
0.999409
0.999415
0.999422
0.99943
0.999437
0.999445
0.999454
0.999463
0.999472
0.999481
0.99949
0.9995
0.999511
0.999521
0.999532
0.999543
0.999554
0.999566
0.999577
0.999589
0.999601
0.999614
0.999626
0.999639
0.999652
0.999665
0.999678
0.999691
0.999705
0.999718
0.999732
0.999746
0.99976
0.999774
0.999788
0.999802
0.999816
0.99983
0.999845
0.999859
0.999873
0.999887
0.999901
0.999916
0.99993
0.999944
0.999958
0.999972
0.999986
1
1
0.999981
0.999961
0.999942
0.999924
0.999905
0.999886
0.999868
0.99985
0.999832
0.999814
0.999797
0.999779
0.999762
0.999746
0.999729
0.999713
0.999697
0.999682
0.999667
0.999652
0.999637
0.999623
0.999609
0.999596
0.999583
0.99957
0.999558
0.999546
0.999534
0.999523
0.999512
0.999502
0.999492
0.999482
0.999473
0.999464
0.999456
0.999448
0.999441
0.999434
0.999427
0.999421
0.999415
0.99941
0.999405
0.999401
0.999397
0.999393
0.99939
0.999388
0.999386
0.999384
0.999383
0.999382
0.999381
0.999381
0.999382
0.999383
0.999384
0.999386
0.999388
0.99939
0.999393
0.999397
0.9994
0.999405
0.999409
0.999414
0.999419
0.999425
0.999431
0.999437
0.999444
0.999451
0.999459
0.999466
0.999474
0.999483
0.999491
0.9995
0.99951
0.999519
0.999529
0.999539
0.999549
0.99956
0.999571
0.999582
0.999593
0.999605
0.999616
0.999628
0.99964
0.999652
0.999665
0.999677
0.99969
0.999703
0.999716
0.999729
0.999742
0.999755
0.999769
0.999782
0.999796
0.999809
0.999823
0.999837
0.99985
0.999864
0.999878
0.999891
0.999905
0.999919
0.999932
0.999946
0.99996
0.999973
0.999987
1
1
0.999981
0.999963
0.999945
0.999927
0.999909
0.999891
0.999873
0.999856
0.999838
0.999821
0.999805
0.999788
0.999772
0.999756
0.99974
0.999725
0.999709
0.999695
0.99968
0.999666
0.999652
0.999638
0.999625
0.999612
0.999599
0.999587
0.999575
0.999564
0.999552
0.999542
0.999531
0.999521
0.999512
0.999503
0.999494
0.999485
0.999477
0.99947
0.999463
0.999456
0.99945
0.999444
0.999438
0.999433
0.999429
0.999424
0.999421
0.999417
0.999414
0.999412
0.99941
0.999408
0.999407
0.999406
0.999406
0.999406
0.999406
0.999407
0.999408
0.99941
0.999412
0.999414
0.999417
0.99942
0.999424
0.999428
0.999432
0.999437
0.999442
0.999448
0.999453
0.99946
0.999466
0.999473
0.99948
0.999487
0.999495
0.999503
0.999511
0.99952
0.999529
0.999538
0.999547
0.999557
0.999567
0.999577
0.999588
0.999598
0.999609
0.99962
0.999631
0.999643
0.999654
0.999666
0.999678
0.99969
0.999702
0.999715
0.999727
0.99974
0.999752
0.999765
0.999778
0.999791
0.999804
0.999817
0.99983
0.999843
0.999856
0.999869
0.999883
0.999896
0.999909
0.999922
0.999935
0.999948
0.999961
0.999974
0.999987
1
1
0.999982
0.999965
0.999947
0.99993
0.999912
0.999895
0.999878
0.999862
0.999845
0.999829
0.999813
0.999797
0.999781
0.999766
0.999751
0.999736
0.999721
0.999707
0.999693
0.99968
0.999666
0.999653
0.99964
0.999628
0.999616
0.999604
0.999593
0.999582
0.999571
0.999561
0.999551
0.999541
0.999532
0.999523
0.999515
0.999507
0.999499
0.999492
0.999485
0.999479
0.999473
0.999467
0.999462
0.999457
0.999452
0.999448
0.999445
0.999442
0.999439
0.999436
0.999434
0.999433
0.999432
0.999431
0.99943
0.99943
0.999431
0.999432
0.999433
0.999434
0.999436
0.999439
0.999441
0.999444
0.999448
0.999452
0.999456
0.99946
0.999465
0.99947
0.999476
0.999482
0.999488
0.999495
0.999501
0.999509
0.999516
0.999524
0.999532
0.99954
0.999548
0.999557
0.999566
0.999576
0.999585
0.999595
0.999605
0.999615
0.999625
0.999636
0.999647
0.999658
0.999669
0.99968
0.999691
0.999703
0.999715
0.999726
0.999738
0.99975
0.999763
0.999775
0.999787
0.9998
0.999812
0.999824
0.999837
0.99985
0.999862
0.999875
0.999887
0.9999
0.999913
0.999925
0.999938
0.99995
0.999963
0.999975
0.999988
1
1
0.999983
0.999966
0.999949
0.999933
0.999916
0.9999
0.999884
0.999868
0.999852
0.999836
0.999821
0.999806
0.999791
0.999776
0.999762
0.999748
0.999734
0.99972
0.999707
0.999693
0.999681
0.999668
0.999656
0.999644
0.999633
0.999621
0.999611
0.9996
0.99959
0.99958
0.99957
0.999561
0.999552
0.999544
0.999536
0.999528
0.999521
0.999514
0.999507
0.999501
0.999496
0.99949
0.999485
0.99948
0.999476
0.999472
0.999469
0.999466
0.999463
0.999461
0.999459
0.999458
0.999456
0.999456
0.999455
0.999455
0.999456
0.999456
0.999458
0.999459
0.999461
0.999463
0.999466
0.999469
0.999472
0.999476
0.99948
0.999484
0.999489
0.999494
0.999499
0.999505
0.99951
0.999517
0.999523
0.99953
0.999537
0.999544
0.999552
0.99956
0.999568
0.999577
0.999585
0.999594
0.999603
0.999612
0.999622
0.999632
0.999642
0.999652
0.999662
0.999673
0.999683
0.999694
0.999705
0.999716
0.999727
0.999738
0.99975
0.999761
0.999773
0.999785
0.999796
0.999808
0.99982
0.999832
0.999844
0.999856
0.999868
0.99988
0.999892
0.999904
0.999916
0.999929
0.999941
0.999953
0.999964
0.999976
0.999988
1
1
0.999984
0.999968
0.999952
0.999936
0.99992
0.999904
0.999889
0.999874
0.999859
0.999844
0.999829
0.999815
0.9998
0.999786
0.999773
0.999759
0.999746
0.999733
0.99972
0.999708
0.999695
0.999683
0.999672
0.999661
0.99965
0.999639
0.999628
0.999618
0.999609
0.999599
0.99959
0.999581
0.999573
0.999565
0.999557
0.99955
0.999543
0.999536
0.99953
0.999524
0.999519
0.999514
0.999509
0.999504
0.9995
0.999497
0.999493
0.99949
0.999488
0.999486
0.999484
0.999482
0.999481
0.999481
0.99948
0.99948
0.999481
0.999481
0.999483
0.999484
0.999486
0.999488
0.99949
0.999493
0.999496
0.9995
0.999504
0.999508
0.999512
0.999517
0.999522
0.999527
0.999533
0.999539
0.999545
0.999552
0.999558
0.999565
0.999573
0.99958
0.999588
0.999596
0.999604
0.999613
0.999621
0.99963
0.999639
0.999649
0.999658
0.999668
0.999678
0.999688
0.999698
0.999708
0.999718
0.999729
0.99974
0.99975
0.999761
0.999772
0.999783
0.999795
0.999806
0.999817
0.999828
0.99984
0.999851
0.999863
0.999874
0.999886
0.999897
0.999909
0.99992
0.999932
0.999943
0.999955
0.999966
0.999977
0.999989
1
1
0.999985
0.999969
0.999954
0.999939
0.999924
0.999909
0.999894
0.99988
0.999866
0.999851
0.999837
0.999824
0.99981
0.999797
0.999784
0.999771
0.999758
0.999746
0.999734
0.999722
0.99971
0.999699
0.999688
0.999677
0.999667
0.999656
0.999647
0.999637
0.999628
0.999619
0.99961
0.999602
0.999594
0.999586
0.999579
0.999572
0.999565
0.999559
0.999553
0.999547
0.999542
0.999537
0.999533
0.999529
0.999525
0.999521
0.999518
0.999515
0.999513
0.999511
0.999509
0.999508
0.999507
0.999506
0.999506
0.999506
0.999506
0.999507
0.999508
0.999509
0.999511
0.999513
0.999515
0.999518
0.999521
0.999524
0.999528
0.999532
0.999536
0.99954
0.999545
0.99955
0.999556
0.999561
0.999567
0.999573
0.99958
0.999587
0.999593
0.999601
0.999608
0.999616
0.999624
0.999632
0.99964
0.999648
0.999657
0.999666
0.999675
0.999684
0.999693
0.999703
0.999712
0.999722
0.999732
0.999742
0.999752
0.999763
0.999773
0.999783
0.999794
0.999805
0.999815
0.999826
0.999837
0.999848
0.999859
0.999869
0.99988
0.999891
0.999902
0.999913
0.999924
0.999935
0.999946
0.999957
0.999968
0.999979
0.999989
1
1
0.999985
0.999971
0.999956
0.999942
0.999928
0.999914
0.9999
0.999886
0.999873
0.999859
0.999846
0.999833
0.99982
0.999807
0.999795
0.999783
0.999771
0.999759
0.999747
0.999736
0.999725
0.999714
0.999704
0.999694
0.999684
0.999674
0.999665
0.999656
0.999647
0.999638
0.99963
0.999622
0.999615
0.999608
0.999601
0.999594
0.999588
0.999582
0.999576
0.999571
0.999566
0.999561
0.999557
0.999553
0.999549
0.999546
0.999543
0.99954
0.999538
0.999536
0.999534
0.999533
0.999532
0.999531
0.999531
0.999531
0.999531
0.999532
0.999533
0.999534
0.999536
0.999538
0.99954
0.999543
0.999546
0.999549
0.999552
0.999556
0.99956
0.999564
0.999569
0.999574
0.999579
0.999584
0.99959
0.999595
0.999602
0.999608
0.999614
0.999621
0.999628
0.999635
0.999643
0.999651
0.999658
0.999666
0.999675
0.999683
0.999692
0.9997
0.999709
0.999718
0.999727
0.999737
0.999746
0.999755
0.999765
0.999775
0.999785
0.999795
0.999805
0.999815
0.999825
0.999835
0.999845
0.999856
0.999866
0.999876
0.999887
0.999897
0.999907
0.999918
0.999928
0.999938
0.999949
0.999959
0.999969
0.99998
0.99999
1
1
0.999986
0.999972
0.999959
0.999945
0.999932
0.999918
0.999905
0.999892
0.999879
0.999867
0.999854
0.999842
0.99983
0.999818
0.999806
0.999795
0.999783
0.999772
0.999761
0.999751
0.99974
0.99973
0.99972
0.99971
0.999701
0.999692
0.999683
0.999674
0.999666
0.999658
0.99965
0.999643
0.999636
0.999629
0.999622
0.999616
0.99961
0.999605
0.999599
0.999594
0.99959
0.999585
0.999581
0.999577
0.999574
0.999571
0.999568
0.999565
0.999563
0.999561
0.99956
0.999559
0.999558
0.999557
0.999557
0.999557
0.999557
0.999558
0.999559
0.99956
0.999561
0.999563
0.999565
0.999568
0.99957
0.999573
0.999577
0.99958
0.999584
0.999588
0.999592
0.999597
0.999602
0.999607
0.999612
0.999618
0.999623
0.999629
0.999636
0.999642
0.999649
0.999655
0.999662
0.99967
0.999677
0.999685
0.999692
0.9997
0.999708
0.999717
0.999725
0.999734
0.999742
0.999751
0.99976
0.999769
0.999778
0.999787
0.999796
0.999806
0.999815
0.999825
0.999834
0.999844
0.999854
0.999863
0.999873
0.999883
0.999893
0.999903
0.999912
0.999922
0.999932
0.999942
0.999952
0.999961
0.999971
0.999981
0.99999
1
1
0.999987
0.999974
0.999961
0.999948
0.999936
0.999923
0.999911
0.999899
0.999886
0.999875
0.999863
0.999851
0.99984
0.999828
0.999817
0.999807
0.999796
0.999785
0.999775
0.999765
0.999755
0.999746
0.999736
0.999727
0.999718
0.99971
0.999702
0.999693
0.999686
0.999678
0.999671
0.999664
0.999657
0.999651
0.999644
0.999638
0.999633
0.999628
0.999623
0.999618
0.999613
0.999609
0.999605
0.999602
0.999599
0.999596
0.999593
0.999591
0.999589
0.999587
0.999585
0.999584
0.999583
0.999583
0.999583
0.999583
0.999583
0.999583
0.999584
0.999585
0.999587
0.999589
0.999591
0.999593
0.999595
0.999598
0.999601
0.999605
0.999608
0.999612
0.999616
0.99962
0.999625
0.99963
0.999635
0.99964
0.999645
0.999651
0.999657
0.999663
0.999669
0.999675
0.999682
0.999689
0.999696
0.999703
0.99971
0.999718
0.999725
0.999733
0.999741
0.999749
0.999757
0.999765
0.999774
0.999782
0.999791
0.9998
0.999808
0.999817
0.999826
0.999835
0.999844
0.999853
0.999862
0.999871
0.999881
0.99989
0.999899
0.999908
0.999917
0.999927
0.999936
0.999945
0.999954
0.999964
0.999973
0.999982
0.999991
1
1
0.999988
0.999976
0.999964
0.999952
0.99994
0.999928
0.999916
0.999905
0.999894
0.999882
0.999871
0.99986
0.99985
0.999839
0.999829
0.999819
0.999809
0.999799
0.999789
0.99978
0.99977
0.999762
0.999753
0.999744
0.999736
0.999728
0.99972
0.999712
0.999705
0.999698
0.999691
0.999685
0.999678
0.999672
0.999666
0.999661
0.999656
0.999651
0.999646
0.999642
0.999637
0.999634
0.99963
0.999627
0.999624
0.999621
0.999618
0.999616
0.999614
0.999613
0.999611
0.99961
0.999609
0.999609
0.999608
0.999608
0.999609
0.999609
0.99961
0.999611
0.999613
0.999614
0.999616
0.999618
0.999621
0.999623
0.999626
0.999629
0.999632
0.999636
0.99964
0.999644
0.999648
0.999653
0.999657
0.999662
0.999667
0.999673
0.999678
0.999684
0.99969
0.999696
0.999702
0.999708
0.999715
0.999721
0.999728
0.999735
0.999742
0.99975
0.999757
0.999765
0.999772
0.99978
0.999788
0.999796
0.999804
0.999812
0.99982
0.999828
0.999837
0.999845
0.999854
0.999862
0.999871
0.999879
0.999888
0.999897
0.999905
0.999914
0.999923
0.999931
0.99994
0.999949
0.999957
0.999966
0.999974
0.999983
0.999992
1
1
0.999989
0.999977
0.999966
0.999955
0.999944
0.999933
0.999922
0.999911
0.999901
0.99989
0.99988
0.99987
0.99986
0.99985
0.99984
0.999831
0.999821
0.999812
0.999803
0.999794
0.999786
0.999777
0.999769
0.999761
0.999753
0.999746
0.999739
0.999732
0.999725
0.999718
0.999712
0.999706
0.9997
0.999694
0.999689
0.999683
0.999679
0.999674
0.99967
0.999665
0.999661
0.999658
0.999655
0.999651
0.999649
0.999646
0.999644
0.999642
0.99964
0.999638
0.999637
0.999636
0.999635
0.999635
0.999634
0.999634
0.999635
0.999635
0.999636
0.999637
0.999638
0.99964
0.999642
0.999644
0.999646
0.999648
0.999651
0.999654
0.999657
0.99966
0.999664
0.999668
0.999671
0.999676
0.99968
0.999685
0.999689
0.999694
0.999699
0.999705
0.99971
0.999716
0.999722
0.999728
0.999734
0.99974
0.999746
0.999753
0.99976
0.999766
0.999773
0.99978
0.999787
0.999795
0.999802
0.999809
0.999817
0.999824
0.999832
0.99984
0.999848
0.999856
0.999863
0.999871
0.999879
0.999887
0.999895
0.999903
0.999912
0.99992
0.999928
0.999936
0.999944
0.999952
0.99996
0.999968
0.999976
0.999984
0.999992
1
1
0.999989
0.999979
0.999968
0.999958
0.999948
0.999938
0.999928
0.999918
0.999908
0.999898
0.999888
0.999879
0.99987
0.999861
0.999852
0.999843
0.999834
0.999826
0.999817
0.999809
0.999801
0.999793
0.999786
0.999778
0.999771
0.999764
0.999757
0.999751
0.999744
0.999738
0.999732
0.999727
0.999721
0.999716
0.999711
0.999706
0.999702
0.999697
0.999693
0.999689
0.999686
0.999682
0.999679
0.999676
0.999674
0.999671
0.999669
0.999667
0.999666
0.999664
0.999663
0.999662
0.999661
0.999661
0.999661
0.999661
0.999661
0.999661
0.999662
0.999663
0.999664
0.999666
0.999667
0.999669
0.999671
0.999673
0.999676
0.999678
0.999681
0.999684
0.999688
0.999691
0.999695
0.999699
0.999703
0.999707
0.999712
0.999716
0.999721
0.999726
0.999731
0.999736
0.999742
0.999747
0.999753
0.999759
0.999764
0.999771
0.999777
0.999783
0.999789
0.999796
0.999803
0.999809
0.999816
0.999823
0.99983
0.999837
0.999844
0.999851
0.999859
0.999866
0.999873
0.999881
0.999888
0.999895
0.999903
0.99991
0.999918
0.999925
0.999933
0.99994
0.999948
0.999955
0.999963
0.99997
0.999978
0.999985
0.999993
1
1
0.99999
0.99998
0.999971
0.999961
0.999952
0.999942
0.999933
0.999924
0.999915
0.999906
0.999897
0.999888
0.99988
0.999871
0.999863
0.999855
0.999847
0.999839
0.999831
0.999824
0.999816
0.999809
0.999802
0.999795
0.999789
0.999782
0.999776
0.99977
0.999764
0.999758
0.999753
0.999748
0.999743
0.999738
0.999733
0.999729
0.999725
0.999721
0.999717
0.999713
0.99971
0.999707
0.999704
0.999701
0.999699
0.999697
0.999695
0.999693
0.999691
0.99969
0.999689
0.999688
0.999687
0.999687
0.999687
0.999687
0.999687
0.999687
0.999688
0.999689
0.99969
0.999691
0.999693
0.999695
0.999696
0.999699
0.999701
0.999703
0.999706
0.999709
0.999712
0.999715
0.999718
0.999722
0.999726
0.99973
0.999734
0.999738
0.999742
0.999747
0.999752
0.999756
0.999761
0.999767
0.999772
0.999777
0.999783
0.999788
0.999794
0.9998
0.999806
0.999812
0.999818
0.999824
0.99983
0.999837
0.999843
0.99985
0.999856
0.999863
0.999869
0.999876
0.999883
0.99989
0.999897
0.999903
0.99991
0.999917
0.999924
0.999931
0.999938
0.999945
0.999952
0.999959
0.999966
0.999973
0.99998
0.999986
0.999993
1
1
0.999991
0.999982
0.999973
0.999965
0.999956
0.999947
0.999939
0.99993
0.999922
0.999914
0.999906
0.999898
0.99989
0.999882
0.999874
0.999867
0.99986
0.999852
0.999845
0.999839
0.999832
0.999825
0.999819
0.999813
0.999806
0.999801
0.999795
0.999789
0.999784
0.999779
0.999774
0.999769
0.999764
0.99976
0.999756
0.999751
0.999748
0.999744
0.999741
0.999737
0.999734
0.999731
0.999729
0.999726
0.999724
0.999722
0.99972
0.999719
0.999717
0.999716
0.999715
0.999714
0.999714
0.999713
0.999713
0.999713
0.999713
0.999714
0.999714
0.999715
0.999716
0.999717
0.999719
0.99972
0.999722
0.999724
0.999726
0.999728
0.999731
0.999733
0.999736
0.999739
0.999742
0.999745
0.999749
0.999752
0.999756
0.99976
0.999764
0.999768
0.999772
0.999777
0.999781
0.999786
0.999791
0.999796
0.999801
0.999806
0.999811
0.999817
0.999822
0.999827
0.999833
0.999839
0.999845
0.99985
0.999856
0.999862
0.999868
0.999874
0.99988
0.999887
0.999893
0.999899
0.999905
0.999912
0.999918
0.999924
0.999931
0.999937
0.999943
0.99995
0.999956
0.999962
0.999969
0.999975
0.999981
0.999988
0.999994
1
1
0.999992
0.999984
0.999976
0.999968
0.99996
0.999952
0.999944
0.999937
0.999929
0.999922
0.999914
0.999907
0.9999
0.999893
0.999886
0.999879
0.999873
0.999866
0.99986
0.999853
0.999847
0.999841
0.999835
0.99983
0.999824
0.999819
0.999814
0.999809
0.999804
0.999799
0.999794
0.99979
0.999786
0.999782
0.999778
0.999774
0.999771
0.999767
0.999764
0.999761
0.999759
0.999756
0.999754
0.999751
0.999749
0.999747
0.999746
0.999744
0.999743
0.999742
0.999741
0.99974
0.99974
0.999739
0.999739
0.999739
0.999739
0.99974
0.99974
0.999741
0.999742
0.999743
0.999744
0.999746
0.999747
0.999749
0.999751
0.999753
0.999755
0.999758
0.99976
0.999763
0.999766
0.999769
0.999772
0.999775
0.999778
0.999782
0.999786
0.999789
0.999793
0.999797
0.999801
0.999806
0.99981
0.999815
0.999819
0.999824
0.999829
0.999833
0.999838
0.999843
0.999848
0.999854
0.999859
0.999864
0.999869
0.999875
0.99988
0.999886
0.999891
0.999897
0.999903
0.999908
0.999914
0.99992
0.999925
0.999931
0.999937
0.999943
0.999948
0.999954
0.99996
0.999966
0.999972
0.999977
0.999983
0.999989
0.999994
1
1
0.999993
0.999985
0.999978
0.999971
0.999964
0.999957
0.99995
0.999943
0.999936
0.99993
0.999923
0.999916
0.99991
0.999904
0.999897
0.999891
0.999885
0.999879
0.999874
0.999868
0.999863
0.999857
0.999852
0.999847
0.999842
0.999837
0.999832
0.999828
0.999823
0.999819
0.999815
0.999811
0.999807
0.999804
0.9998
0.999797
0.999794
0.999791
0.999788
0.999785
0.999783
0.999781
0.999778
0.999776
0.999775
0.999773
0.999771
0.99977
0.999769
0.999768
0.999767
0.999767
0.999766
0.999766
0.999766
0.999766
0.999766
0.999766
0.999767
0.999767
0.999768
0.999769
0.99977
0.999771
0.999773
0.999774
0.999776
0.999778
0.99978
0.999782
0.999784
0.999787
0.999789
0.999792
0.999795
0.999798
0.999801
0.999804
0.999807
0.999811
0.999814
0.999818
0.999821
0.999825
0.999829
0.999833
0.999837
0.999842
0.999846
0.99985
0.999855
0.999859
0.999864
0.999868
0.999873
0.999878
0.999883
0.999887
0.999892
0.999897
0.999902
0.999907
0.999912
0.999917
0.999923
0.999928
0.999933
0.999938
0.999943
0.999948
0.999954
0.999959
0.999964
0.999969
0.999974
0.99998
0.999985
0.99999
0.999995
1
1
0.999993
0.999987
0.999981
0.999974
0.999968
0.999962
0.999956
0.999949
0.999943
0.999937
0.999932
0.999926
0.99992
0.999914
0.999909
0.999904
0.999898
0.999893
0.999888
0.999883
0.999878
0.999873
0.999869
0.999864
0.99986
0.999855
0.999851
0.999847
0.999843
0.999839
0.999836
0.999832
0.999829
0.999826
0.999823
0.99982
0.999817
0.999814
0.999812
0.999809
0.999807
0.999805
0.999803
0.999802
0.9998
0.999798
0.999797
0.999796
0.999795
0.999794
0.999793
0.999793
0.999792
0.999792
0.999792
0.999792
0.999792
0.999792
0.999793
0.999793
0.999794
0.999795
0.999796
0.999797
0.999798
0.9998
0.999801
0.999803
0.999805
0.999807
0.999809
0.999811
0.999813
0.999815
0.999818
0.99982
0.999823
0.999826
0.999829
0.999832
0.999835
0.999838
0.999842
0.999845
0.999848
0.999852
0.999856
0.999859
0.999863
0.999867
0.999871
0.999875
0.999879
0.999883
0.999887
0.999891
0.999896
0.9999
0.999904
0.999909
0.999913
0.999918
0.999922
0.999927
0.999931
0.999936
0.99994
0.999945
0.99995
0.999954
0.999959
0.999963
0.999968
0.999973
0.999977
0.999982
0.999986
0.999991
0.999996
1
1
0.999994
0.999989
0.999983
0.999978
0.999972
0.999967
0.999961
0.999956
0.999951
0.999945
0.99994
0.999935
0.99993
0.999925
0.99992
0.999916
0.999911
0.999907
0.999902
0.999898
0.999893
0.999889
0.999885
0.999881
0.999877
0.999874
0.99987
0.999866
0.999863
0.99986
0.999857
0.999854
0.999851
0.999848
0.999845
0.999843
0.99984
0.999838
0.999836
0.999834
0.999832
0.99983
0.999828
0.999827
0.999825
0.999824
0.999823
0.999822
0.999821
0.99982
0.999819
0.999819
0.999819
0.999818
0.999818
0.999818
0.999818
0.999819
0.999819
0.999819
0.99982
0.999821
0.999822
0.999823
0.999824
0.999825
0.999826
0.999828
0.999829
0.999831
0.999833
0.999835
0.999837
0.999839
0.999841
0.999843
0.999845
0.999848
0.99985
0.999853
0.999856
0.999859
0.999862
0.999864
0.999868
0.999871
0.999874
0.999877
0.99988
0.999884
0.999887
0.999891
0.999894
0.999898
0.999901
0.999905
0.999909
0.999913
0.999916
0.99992
0.999924
0.999928
0.999932
0.999936
0.99994
0.999944
0.999948
0.999952
0.999956
0.99996
0.999964
0.999968
0.999972
0.999976
0.99998
0.999984
0.999988
0.999992
0.999996
1
1
0.999995
0.99999
0.999986
0.999981
0.999976
0.999971
0.999967
0.999962
0.999958
0.999953
0.999949
0.999945
0.99994
0.999936
0.999932
0.999928
0.999924
0.99992
0.999916
0.999912
0.999909
0.999905
0.999902
0.999898
0.999895
0.999892
0.999889
0.999886
0.999883
0.99988
0.999877
0.999875
0.999872
0.99987
0.999867
0.999865
0.999863
0.999861
0.999859
0.999858
0.999856
0.999854
0.999853
0.999852
0.99985
0.999849
0.999848
0.999847
0.999847
0.999846
0.999845
0.999845
0.999845
0.999844
0.999844
0.999844
0.999845
0.999845
0.999845
0.999845
0.999846
0.999847
0.999847
0.999848
0.999849
0.99985
0.999851
0.999853
0.999854
0.999855
0.999857
0.999858
0.99986
0.999862
0.999864
0.999866
0.999868
0.99987
0.999872
0.999874
0.999877
0.999879
0.999881
0.999884
0.999887
0.999889
0.999892
0.999895
0.999898
0.999901
0.999903
0.999906
0.999909
0.999913
0.999916
0.999919
0.999922
0.999925
0.999929
0.999932
0.999935
0.999938
0.999942
0.999945
0.999949
0.999952
0.999955
0.999959
0.999962
0.999966
0.999969
0.999973
0.999976
0.99998
0.999983
0.999986
0.99999
0.999993
0.999997
1
1
0.999996
0.999992
0.999988
0.999984
0.99998
0.999976
0.999972
0.999969
0.999965
0.999961
0.999957
0.999954
0.99995
0.999947
0.999943
0.99994
0.999937
0.999933
0.99993
0.999927
0.999924
0.999921
0.999918
0.999915
0.999913
0.99991
0.999907
0.999905
0.999903
0.9999
0.999898
0.999896
0.999894
0.999892
0.99989
0.999888
0.999886
0.999885
0.999883
0.999882
0.99988
0.999879
0.999878
0.999877
0.999876
0.999875
0.999874
0.999873
0.999872
0.999872
0.999871
0.999871
0.999871
0.999871
0.999871
0.999871
0.999871
0.999871
0.999871
0.999871
0.999872
0.999872
0.999873
0.999874
0.999875
0.999875
0.999876
0.999877
0.999878
0.99988
0.999881
0.999882
0.999884
0.999885
0.999887
0.999888
0.99989
0.999892
0.999894
0.999895
0.999897
0.999899
0.999901
0.999904
0.999906
0.999908
0.99991
0.999912
0.999915
0.999917
0.99992
0.999922
0.999925
0.999927
0.99993
0.999932
0.999935
0.999938
0.999941
0.999943
0.999946
0.999949
0.999952
0.999954
0.999957
0.99996
0.999963
0.999966
0.999969
0.999972
0.999974
0.999977
0.99998
0.999983
0.999986
0.999989
0.999992
0.999994
0.999997
1
1
0.999997
0.999994
0.99999
0.999987
0.999984
0.999981
0.999978
0.999975
0.999972
0.999969
0.999966
0.999963
0.99996
0.999958
0.999955
0.999952
0.999949
0.999947
0.999944
0.999942
0.999939
0.999937
0.999935
0.999933
0.99993
0.999928
0.999926
0.999924
0.999922
0.99992
0.999919
0.999917
0.999915
0.999914
0.999912
0.999911
0.999909
0.999908
0.999907
0.999905
0.999904
0.999903
0.999902
0.999901
0.999901
0.9999
0.999899
0.999899
0.999898
0.999898
0.999897
0.999897
0.999897
0.999897
0.999897
0.999897
0.999897
0.999897
0.999897
0.999897
0.999898
0.999898
0.999899
0.999899
0.9999
0.999901
0.999901
0.999902
0.999903
0.999904
0.999905
0.999906
0.999907
0.999908
0.99991
0.999911
0.999912
0.999914
0.999915
0.999917
0.999918
0.99992
0.999921
0.999923
0.999925
0.999926
0.999928
0.99993
0.999932
0.999934
0.999936
0.999938
0.99994
0.999942
0.999944
0.999946
0.999948
0.99995
0.999953
0.999955
0.999957
0.999959
0.999961
0.999964
0.999966
0.999968
0.99997
0.999973
0.999975
0.999977
0.99998
0.999982
0.999984
0.999986
0.999989
0.999991
0.999993
0.999996
0.999998
1
1
0.999998
0.999995
0.999993
0.99999
0.999988
0.999986
0.999983
0.999981
0.999979
0.999977
0.999975
0.999972
0.99997
0.999968
0.999966
0.999964
0.999962
0.99996
0.999958
0.999956
0.999955
0.999953
0.999951
0.999949
0.999948
0.999946
0.999945
0.999943
0.999942
0.99994
0.999939
0.999938
0.999936
0.999935
0.999934
0.999933
0.999932
0.999931
0.99993
0.999929
0.999928
0.999928
0.999927
0.999926
0.999926
0.999925
0.999925
0.999924
0.999924
0.999923
0.999923
0.999923
0.999923
0.999923
0.999923
0.999923
0.999923
0.999923
0.999923
0.999923
0.999923
0.999924
0.999924
0.999925
0.999925
0.999926
0.999926
0.999927
0.999927
0.999928
0.999929
0.99993
0.999931
0.999931
0.999932
0.999933
0.999934
0.999935
0.999936
0.999938
0.999939
0.99994
0.999941
0.999942
0.999944
0.999945
0.999946
0.999948
0.999949
0.999951
0.999952
0.999954
0.999955
0.999957
0.999958
0.99996
0.999961
0.999963
0.999964
0.999966
0.999968
0.999969
0.999971
0.999973
0.999974
0.999976
0.999978
0.99998
0.999981
0.999983
0.999985
0.999986
0.999988
0.99999
0.999992
0.999993
0.999995
0.999997
0.999998
1
1
0.999998
0.999997
0.999995
0.999994
0.999992
0.999991
0.999989
0.999988
0.999986
0.999985
0.999983
0.999982
0.99998
0.999979
0.999978
0.999976
0.999975
0.999974
0.999972
0.999971
0.99997
0.999969
0.999968
0.999966
0.999965
0.999964
0.999963
0.999962
0.999961
0.99996
0.999959
0.999959
0.999958
0.999957
0.999956
0.999955
0.999955
0.999954
0.999954
0.999953
0.999952
0.999952
0.999951
0.999951
0.999951
0.99995
0.99995
0.99995
0.999949
0.999949
0.999949
0.999949
0.999949
0.999949
0.999949
0.999949
0.999949
0.999949
0.999949
0.999949
0.999949
0.999949
0.99995
0.99995
0.99995
0.999951
0.999951
0.999951
0.999952
0.999952
0.999953
0.999953
0.999954
0.999954
0.999955
0.999956
0.999956
0.999957
0.999958
0.999958
0.999959
0.99996
0.999961
0.999962
0.999963
0.999963
0.999964
0.999965
0.999966
0.999967
0.999968
0.999969
0.99997
0.999971
0.999972
0.999973
0.999974
0.999975
0.999976
0.999977
0.999979
0.99998
0.999981
0.999982
0.999983
0.999984
0.999985
0.999986
0.999988
0.999989
0.99999
0.999991
0.999992
0.999993
0.999994
0.999996
0.999997
0.999998
0.999999
1
1
0.999999
0.999998
0.999998
0.999997
0.999996
0.999995
0.999995
0.999994
0.999993
0.999992
0.999992
0.999991
0.99999
0.999989
0.999989
0.999988
0.999987
0.999987
0.999986
0.999986
0.999985
0.999984
0.999984
0.999983
0.999983
0.999982
0.999982
0.999981
0.999981
0.99998
0.99998
0.999979
0.999979
0.999979
0.999978
0.999978
0.999977
0.999977
0.999977
0.999977
0.999976
0.999976
0.999976
0.999976
0.999975
0.999975
0.999975
0.999975
0.999975
0.999975
0.999975
0.999974
0.999974
0.999974
0.999974
0.999974
0.999974
0.999974
0.999974
0.999975
0.999975
0.999975
0.999975
0.999975
0.999975
0.999975
0.999976
0.999976
0.999976
0.999976
0.999976
0.999977
0.999977
0.999977
0.999978
0.999978
0.999978
0.999979
0.999979
0.999979
0.99998
0.99998
0.99998
0.999981
0.999981
0.999982
0.999982
0.999983
0.999983
0.999984
0.999984
0.999985
0.999985
0.999986
0.999986
0.999987
0.999987
0.999988
0.999988
0.999989
0.999989
0.99999
0.99999
0.999991
0.999992
0.999992
0.999993
0.999993
0.999994
0.999994
0.999995
0.999996
0.999996
0.999997
0.999997
0.999998
0.999998
0.999999
0.999999
1
1
1
1
1
1
1
1
1
1
1
1
1
1
1
1
1
1
1
1
1
1
1
1
1
1
1
1
1
1
1
1
1
1
1
1
1
1
1
1
1
1
1
1
1
1
1
1
1
1
1
1
1
1
1
1
1
1
1
1
1
1
1
1
1
1
1
1
1
1
1
1
1
1
1
1
1
1
1
1
1
1
1
1
1
1
1
1
1
1
1
1
1
1
1
1
1
1
1
1
1
1
1
1
1
1
1
1
1
1
1
1
1
1
1
1
1
1
1
1
1
1
